{
"type": "FeatureCollection",
"name": "LineBus",
"crs": { "type": "name", "properties": { "name": "urn:ogc:def:crs:OGC:1.3:CRS84" } },
"features": [
{ "type": "Feature", "properties": { "from_ar": "T1", "name": "Tram1: Madinat Al Irfane → Hay Karima", "network": "Tram" }, "geometry": { "type": "MultiLineString", "coordinates": [ [ [ -6.8307558, 34.0182417 ], [ -6.8308525, 34.0182385 ], [ -6.8309178, 34.0182335 ], [ -6.8309819, 34.0182223 ], [ -6.831044, 34.018205 ], [ -6.8311027, 34.0181822 ], [ -6.8311155, 34.0181765 ], [ -6.8314338, 34.018033 ], [ -6.8317408, 34.0178749 ], [ -6.8317613, 34.0178643 ], [ -6.8320616, 34.0177223 ], [ -6.8325234, 34.0175268 ], [ -6.8339028, 34.0169428 ], [ -6.8339719, 34.0169135 ], [ -6.8341629, 34.0168357 ], [ -6.8348525, 34.0165494 ], [ -6.8349549, 34.0165044 ], [ -6.8353138, 34.0163511 ], [ -6.8354463, 34.0162806 ], [ -6.8357285, 34.0161665 ], [ -6.8361443, 34.0159983 ], [ -6.8383105, 34.0151219 ], [ -6.8384536, 34.01503 ], [ -6.8385087, 34.0149442 ], [ -6.8385315, 34.0148904 ], [ -6.8384969, 34.0144758 ], [ -6.8385121, 34.0142078 ], [ -6.838655, 34.0137493 ], [ -6.8386783, 34.0134501 ], [ -6.8386082, 34.0130885 ], [ -6.838567, 34.0128517 ], [ -6.8385592, 34.0127579 ], [ -6.8385613, 34.012686 ], [ -6.8385739, 34.0126201 ], [ -6.838601, 34.0125368 ], [ -6.838714, 34.0123292 ], [ -6.8388332, 34.0121752 ], [ -6.8390665, 34.0119904 ], [ -6.8393711, 34.0117427 ], [ -6.8396131, 34.0115569 ], [ -6.8408241, 34.0107633 ], [ -6.8414371, 34.0103936 ], [ -6.8417434, 34.0102069 ], [ -6.8420206, 34.0099896 ], [ -6.8421191, 34.0099199 ], [ -6.8421851, 34.0098726 ], [ -6.8422631, 34.0098069 ], [ -6.8423973, 34.0096839 ], [ -6.8425983, 34.0094829 ], [ -6.8427731, 34.0093022 ], [ -6.842961, 34.009072 ], [ -6.8431708, 34.0087723 ], [ -6.8432158, 34.0087033 ], [ -6.8435126, 34.0082994 ], [ -6.8437331, 34.0077934 ], [ -6.8438374, 34.0073269 ], [ -6.8438574, 34.0070852 ], [ -6.8438403, 34.0067423 ], [ -6.8437835, 34.0064243 ], [ -6.8437026, 34.0061479 ], [ -6.8432882, 34.0050126 ], [ -6.8430878, 34.0044765 ], [ -6.8430355, 34.0043429 ], [ -6.8429791, 34.004199 ], [ -6.8429227, 34.0040144 ], [ -6.8428795, 34.0038325 ], [ -6.8428753, 34.0037692 ], [ -6.8428739, 34.0037258 ], [ -6.8428785, 34.0035807 ], [ -6.8430455, 34.0029322 ], [ -6.8430911, 34.0027786 ], [ -6.8431481, 34.002596 ], [ -6.843422, 34.0016022 ], [ -6.8434897, 34.0013453 ], [ -6.8438112, 34.0001069 ], [ -6.8438654, 33.9998974 ], [ -6.8439142, 33.9997104 ], [ -6.8439882, 33.9994216 ], [ -6.844012, 33.9992937 ], [ -6.8440478, 33.9992025 ], [ -6.8440754, 33.9991447 ], [ -6.8441176, 33.9990884 ], [ -6.8441954, 33.999014 ], [ -6.844285, 33.9989559 ], [ -6.8443583, 33.9989249 ], [ -6.8445442, 33.9988579 ], [ -6.8465467, 33.998168 ], [ -6.8466425, 33.9981344 ], [ -6.8467743, 33.9980882 ], [ -6.8484696, 33.9974914 ], [ -6.8485888, 33.9974494 ], [ -6.8487075, 33.9974076 ], [ -6.8492608, 33.9972128 ], [ -6.8497968, 33.9970238 ], [ -6.8498557, 33.9970038 ], [ -6.8499452, 33.9969734 ], [ -6.8509134, 33.9966446 ], [ -6.8511109, 33.9965548 ], [ -6.8512463, 33.9964575 ], [ -6.8512817, 33.9964 ], [ -6.8513414, 33.9963023 ], [ -6.85137, 33.9962522 ], [ -6.8515538, 33.9960031 ], [ -6.8516611, 33.9958895 ], [ -6.8521354, 33.9953635 ], [ -6.8522856, 33.995197 ], [ -6.852646, 33.9948035 ], [ -6.8527416, 33.9946991 ], [ -6.8538662, 33.9934594 ], [ -6.853993, 33.9933311 ], [ -6.8540967, 33.9932168 ], [ -6.8548029, 33.9924388 ], [ -6.8549284, 33.9923013 ], [ -6.8566534, 33.9904109 ], [ -6.8567302, 33.9903176 ], [ -6.8567847, 33.9902539 ], [ -6.857001, 33.9900727 ], [ -6.8572233, 33.9899011 ], [ -6.8573717, 33.9897923 ], [ -6.8576728, 33.9894869 ], [ -6.8579424, 33.9892135 ], [ -6.8582018, 33.9889417 ], [ -6.8594748, 33.9876081 ], [ -6.8595756, 33.9875025 ], [ -6.8596811, 33.9873925 ], [ -6.8597884, 33.987281 ], [ -6.8607724, 33.9862676 ], [ -6.8608962, 33.9861401 ], [ -6.8613016, 33.9857201 ], [ -6.8617107, 33.9852962 ], [ -6.8617466, 33.9852529 ], [ -6.8618348, 33.9851618 ], [ -6.8626749, 33.9842908 ], [ -6.8636405, 33.9832898 ], [ -6.8639143, 33.9830059 ], [ -6.8640049, 33.982912 ], [ -6.8642711, 33.982636 ], [ -6.8645349, 33.9823669 ], [ -6.8645602, 33.982341 ] ], [ [ -6.8307558, 34.0182417 ], [ -6.8305271, 34.0181653 ], [ -6.8304646, 34.0181474 ], [ -6.8304273, 34.0181382 ], [ -6.8297401, 34.0180213 ], [ -6.8289234, 34.0179002 ], [ -6.8288423, 34.0178933 ], [ -6.8288031, 34.0178902 ], [ -6.8287184, 34.0178895 ], [ -6.828628, 34.0178972 ], [ -6.8285752, 34.0179165 ], [ -6.8285297, 34.0179391 ], [ -6.8284953, 34.0179668 ], [ -6.8284588, 34.0179997 ], [ -6.8284228, 34.0180376 ], [ -6.8283508, 34.0181307 ], [ -6.8281037, 34.0184375 ], [ -6.8280532, 34.0184901 ], [ -6.827974, 34.0185543 ], [ -6.8278667, 34.018625 ], [ -6.8273769, 34.0189014 ], [ -6.8272706, 34.0189614 ], [ -6.8268974, 34.0191729 ], [ -6.8266195, 34.0193332 ], [ -6.8261734, 34.019607 ], [ -6.8260653, 34.0196702 ], [ -6.8259995, 34.0197076 ], [ -6.825928, 34.0197549 ], [ -6.8258179, 34.019833 ], [ -6.8255442, 34.0200583 ], [ -6.8254086, 34.020224 ], [ -6.825242, 34.0205247 ], [ -6.8251431, 34.0208087 ], [ -6.8251114, 34.0209458 ], [ -6.8250861, 34.0210552 ], [ -6.8250574, 34.0212041 ], [ -6.8250373, 34.0213191 ], [ -6.8250213, 34.0214276 ], [ -6.8249831, 34.0216889 ], [ -6.8249645, 34.0220132 ], [ -6.8249542, 34.0221241 ], [ -6.8249589, 34.0225579 ], [ -6.8249762, 34.0227616 ], [ -6.8249908, 34.0229332 ], [ -6.8250046, 34.0230197 ], [ -6.825179, 34.0243676 ], [ -6.8251874, 34.0244368 ], [ -6.8252548, 34.0249857 ], [ -6.8252795, 34.0251398 ], [ -6.8253108, 34.0253125 ], [ -6.8253249, 34.0254296 ], [ -6.8253611, 34.0258577 ], [ -6.8253826, 34.026107 ], [ -6.8253718, 34.0261462 ], [ -6.8253518, 34.0261833 ], [ -6.8253235, 34.0262165 ], [ -6.8252879, 34.0262444 ], [ -6.8252465, 34.0262661 ], [ -6.8252007, 34.0262807 ], [ -6.8251575, 34.0262881 ], [ -6.8251135, 34.0262914 ], [ -6.8250709, 34.0262906 ], [ -6.8250286, 34.026286 ], [ -6.8249872, 34.0262776 ], [ -6.8236948, 34.025869 ], [ -6.8221635, 34.025387 ] ], [ [ -6.8221635, 34.025387 ], [ -6.8214549, 34.0251692 ] ], [ [ -6.8214549, 34.0251692 ], [ -6.8213191, 34.0251295 ], [ -6.8211009, 34.0250795 ], [ -6.8209245, 34.025069 ], [ -6.8207848, 34.0250734 ], [ -6.8206094, 34.0251066 ], [ -6.820463, 34.0251536 ], [ -6.820309, 34.0252306 ], [ -6.8201928, 34.0253113 ], [ -6.820109, 34.0253932 ], [ -6.8200332, 34.0254884 ], [ -6.8199618, 34.0255888 ], [ -6.8198985, 34.0257005 ], [ -6.8198456, 34.0258434 ], [ -6.8198144, 34.0259372 ], [ -6.819794, 34.026031 ], [ -6.8196461, 34.0275626 ], [ -6.8194977, 34.0288295 ], [ -6.8194871, 34.0289621 ], [ -6.8194903, 34.0290495 ], [ -6.8195105, 34.0291288 ], [ -6.8200161, 34.0303383 ], [ -6.820042, 34.0304374 ] ], [ [ -6.820042, 34.0304374 ], [ -6.8200495, 34.0305005 ], [ -6.8200488, 34.0305549 ], [ -6.8200395, 34.0306161 ], [ -6.8200151, 34.0306758 ], [ -6.8196534, 34.031532 ], [ -6.8196186, 34.0316145 ], [ -6.8195607, 34.0317466 ], [ -6.8195271, 34.0318249 ], [ -6.8193913, 34.0321416 ], [ -6.819137, 34.0327741 ], [ -6.8184209, 34.0345472 ], [ -6.8183509, 34.0347147 ], [ -6.8182453, 34.0349748 ] ], [ [ -6.8182453, 34.0349748 ], [ -6.8181776, 34.0351475 ], [ -6.8179251, 34.0357717 ], [ -6.8178758, 34.0359177 ], [ -6.8177296, 34.036235 ], [ -6.8176628, 34.0363774 ], [ -6.8174031, 34.0367435 ], [ -6.8171163, 34.0370036 ], [ -6.816776, 34.0372908 ], [ -6.8167157, 34.0373286 ], [ -6.8165675, 34.0374512 ], [ -6.8165187, 34.0375209 ], [ -6.816497, 34.037561 ], [ -6.8164655, 34.0376134 ], [ -6.8162902, 34.0379406 ], [ -6.8161067, 34.0382544 ], [ -6.8159196, 34.0386675 ], [ -6.8158218, 34.0390219 ], [ -6.8158064, 34.0393813 ], [ -6.8158238, 34.0397159 ], [ -6.8159138, 34.0401243 ], [ -6.8159546, 34.0402528 ], [ -6.8159633, 34.0403373 ], [ -6.8159632, 34.0404173 ], [ -6.8159263, 34.0404894 ], [ -6.8158768, 34.0405366 ], [ -6.8158111, 34.0406067 ], [ -6.8157373, 34.0406502 ], [ -6.8155932, 34.0407485 ], [ -6.8154402, 34.0408635 ], [ -6.8150894, 34.0411052 ], [ -6.8140567, 34.0418107 ], [ -6.8136435, 34.042045 ] ], [ [ -6.8136435, 34.042045 ], [ -6.813092, 34.0423518 ] ], [ [ -6.813092, 34.0423518 ], [ -6.8124768, 34.0426694 ], [ -6.8120476, 34.0428905 ], [ -6.8119733, 34.0429269 ], [ -6.8119165, 34.0429466 ], [ -6.8117251, 34.0430336 ], [ -6.811634, 34.0430664 ], [ -6.811408, 34.0431551 ], [ -6.8098793, 34.0437863 ], [ -6.8092177, 34.0440884 ], [ -6.8082858, 34.0446336 ], [ -6.8076264, 34.0450311 ], [ -6.8075566, 34.0450731 ], [ -6.8073552, 34.0451899 ], [ -6.8072665, 34.0452355 ] ], [ [ -6.8072665, 34.0452355 ], [ -6.8072606, 34.0452383 ], [ -6.8067974, 34.045462 ], [ -6.8060687, 34.0457019 ], [ -6.8055331, 34.0458783 ], [ -6.8044894, 34.0462271 ], [ -6.8042194, 34.0462887 ], [ -6.8037634, 34.0463516 ], [ -6.803717, 34.0463575 ], [ -6.8036247, 34.0463719 ], [ -6.8033814, 34.046396 ], [ -6.8031607, 34.0464285 ], [ -6.8029118, 34.0464602 ], [ -6.8025236, 34.0465418 ], [ -6.8023242, 34.0465836 ], [ -6.8021055, 34.0466689 ], [ -6.8019752, 34.0467218 ], [ -6.8019317, 34.0467485 ], [ -6.8015535, 34.0469809 ], [ -6.8013798, 34.0471338 ], [ -6.8012841, 34.047218 ], [ -6.8011755, 34.0473355 ], [ -6.8011619, 34.0473502 ], [ -6.8009223, 34.047587 ], [ -6.8006989, 34.0478081 ], [ -6.8006308, 34.0478744 ], [ -6.8003056, 34.048191 ], [ -6.799871, 34.0486302 ], [ -6.7997393, 34.0487618 ], [ -6.7993179, 34.049183 ], [ -6.7986866, 34.0498268 ], [ -6.7985988, 34.0499157 ], [ -6.7984998, 34.0500154 ], [ -6.7978285, 34.0506564 ], [ -6.7974616, 34.0509897 ], [ -6.7973656, 34.0510857 ], [ -6.7972801, 34.0511666 ], [ -6.7971787, 34.0512619 ], [ -6.7971456, 34.0512928 ], [ -6.7968944, 34.0515777 ], [ -6.7964976, 34.0521277 ], [ -6.7962221, 34.0525175 ], [ -6.7959345, 34.0528228 ], [ -6.7958892, 34.0528723 ], [ -6.7958288, 34.0529274 ], [ -6.7956494, 34.0530825 ], [ -6.7955974, 34.0531267 ], [ -6.7955226, 34.0531915 ], [ -6.7955018, 34.0532096 ], [ -6.7947425, 34.0538736 ], [ -6.7944199, 34.0541451 ], [ -6.7941745, 34.0543545 ] ] ] } },
{ "type": "Feature", "properties": { "from_ar": "T2", "name": "Tram2: Yacoub el Mansour → Hôpital Moulay Abdellah", "network": "Tram" }, "geometry": { "type": "MultiLineString", "coordinates": [ [ [ -6.8720111, 33.9911327 ], [ -6.8717315, 33.991452 ], [ -6.8715525, 33.991677 ], [ -6.8715123, 33.9917318 ], [ -6.871507, 33.9917674 ], [ -6.871507, 33.991823 ], [ -6.8715195, 33.9919682 ], [ -6.8715214, 33.9919911 ], [ -6.8716169, 33.9924221 ], [ -6.8716235, 33.9924568 ], [ -6.8716813, 33.9928921 ], [ -6.871717, 33.9931607 ], [ -6.8718467, 33.9938788 ], [ -6.8718668, 33.9940389 ], [ -6.8718881, 33.9941613 ], [ -6.8719161, 33.9943798 ], [ -6.8719466, 33.9946172 ], [ -6.8719289, 33.9948398 ], [ -6.8719021, 33.9950382 ], [ -6.8718332, 33.9953026 ], [ -6.8718137, 33.9953764 ], [ -6.8717042, 33.995702 ], [ -6.8715777, 33.9960847 ], [ -6.8714774, 33.9963167 ], [ -6.8713277, 33.9965117 ], [ -6.8712529, 33.9965973 ], [ -6.8711759, 33.9966853 ], [ -6.8710597, 33.9968344 ], [ -6.870646, 33.9973543 ], [ -6.8704843, 33.9975621 ], [ -6.8702427, 33.9978727 ], [ -6.869784, 33.9984138 ], [ -6.8696885, 33.9985265 ], [ -6.8695573, 33.9987289 ], [ -6.8693912, 33.9989486 ], [ -6.8684015, 34.0001783 ], [ -6.8679277, 34.0007707 ], [ -6.8678423, 34.0008775 ], [ -6.8673878, 34.0014459 ], [ -6.8672554, 34.0016115 ], [ -6.8670283, 34.001887 ], [ -6.8669343, 34.0020009 ], [ -6.8668848, 34.0020611 ], [ -6.866816, 34.0021449 ], [ -6.8665436, 34.0024769 ], [ -6.8660735, 34.0030914 ], [ -6.865638, 34.003663 ], [ -6.8653598, 34.0040406 ], [ -6.8651697, 34.0042985 ], [ -6.8651165, 34.0043693 ], [ -6.8649581, 34.0045756 ], [ -6.8645552, 34.0050461 ], [ -6.8644361, 34.0051675 ], [ -6.8637738, 34.0058425 ], [ -6.8636929, 34.0059218 ], [ -6.8632712, 34.0063213 ], [ -6.8624468, 34.0071112 ], [ -6.8619426, 34.0075959 ], [ -6.8615043, 34.0080855 ], [ -6.8612703, 34.0083469 ], [ -6.860552, 34.0091272 ], [ -6.8603424, 34.0093548 ], [ -6.8594957, 34.0103522 ], [ -6.8594655, 34.0103878 ], [ -6.8593639, 34.0105049 ], [ -6.8592931, 34.0105931 ], [ -6.8591491, 34.0107721 ], [ -6.8588151, 34.0111622 ], [ -6.8584781, 34.0115558 ], [ -6.858162, 34.0119354 ], [ -6.8564053, 34.014045 ], [ -6.8550154, 34.015714 ], [ -6.8549065, 34.0158449 ], [ -6.854657, 34.0161444 ], [ -6.8544574, 34.0164224 ], [ -6.85419, 34.0167087 ], [ -6.8538924, 34.0168862 ], [ -6.8527856, 34.0174063 ], [ -6.8513373, 34.018087 ], [ -6.8508226, 34.0183289 ], [ -6.8505884, 34.0184622 ], [ -6.8500026, 34.0187958 ], [ -6.8497884, 34.0189302 ], [ -6.8497432, 34.0189488 ], [ -6.8497075, 34.0189533 ], [ -6.8496128, 34.0189575 ], [ -6.8494016, 34.0189467 ], [ -6.8493277, 34.018944 ], [ -6.8492196, 34.0189555 ], [ -6.8469496, 34.0195731 ], [ -6.8461121, 34.0198009 ], [ -6.8460061, 34.0198307 ], [ -6.8456597, 34.0199279 ], [ -6.8448243, 34.0201582 ], [ -6.842943, 34.0206763 ], [ -6.8425736, 34.0207769 ], [ -6.8424265, 34.0208193 ], [ -6.842294, 34.0208544 ], [ -6.8417619, 34.0210057 ], [ -6.8410777, 34.0211974 ], [ -6.8407696, 34.021283 ], [ -6.8407194, 34.0212947 ], [ -6.840586, 34.0213306 ], [ -6.8400756, 34.021459 ], [ -6.8397805, 34.0215518 ], [ -6.8396429, 34.0215973 ], [ -6.8394798, 34.0216512 ], [ -6.8393008, 34.0217128 ], [ -6.8388914, 34.0218537 ], [ -6.8384183, 34.0220163 ], [ -6.8383328, 34.0220499 ], [ -6.8382503, 34.0220899 ], [ -6.8381772, 34.022136 ], [ -6.8380535, 34.0222267 ], [ -6.8379488, 34.0223031 ], [ -6.8378507, 34.0223717 ], [ -6.8377555, 34.0224233 ], [ -6.8376563, 34.0224628 ], [ -6.8370703, 34.022663 ], [ -6.8366722, 34.0228009 ], [ -6.8356234, 34.0231635 ], [ -6.8354061, 34.0232393 ], [ -6.8352704, 34.023287 ], [ -6.8342984, 34.0236165 ], [ -6.8341586, 34.0236639 ], [ -6.8334195, 34.0239191 ], [ -6.833375, 34.0239312 ], [ -6.8333253, 34.0239451 ], [ -6.8332503, 34.0239562 ], [ -6.8331974, 34.0239556 ], [ -6.8331513, 34.0239513 ], [ -6.8331106, 34.0239435 ], [ -6.833071, 34.0239314 ], [ -6.833033, 34.0239125 ], [ -6.8330015, 34.0238926 ], [ -6.832973, 34.0238675 ], [ -6.8329496, 34.0238393 ], [ -6.8324872, 34.0232506 ], [ -6.8324067, 34.0231482 ], [ -6.8318208, 34.0224251 ], [ -6.8317808, 34.0223769 ], [ -6.8317461, 34.0223259 ], [ -6.8317169, 34.0222727 ], [ -6.8316935, 34.0222175 ], [ -6.8316765, 34.0221655 ], [ -6.8316653, 34.0221066 ], [ -6.831659, 34.0220497 ], [ -6.8316574, 34.0219924 ], [ -6.8316607, 34.0219349 ], [ -6.8317119, 34.0213292 ], [ -6.8317545, 34.0201358 ], [ -6.8317679, 34.0199073 ], [ -6.8317725, 34.0198044 ], [ -6.8317713, 34.0197315 ], [ -6.8317627, 34.0196589 ], [ -6.8317469, 34.0195873 ], [ -6.831724, 34.0195169 ], [ -6.831694, 34.0194484 ], [ -6.8314238, 34.0188651 ], [ -6.8313915, 34.0187954 ], [ -6.8312886, 34.0185871 ], [ -6.8312859, 34.0185817 ], [ -6.8312357, 34.018502 ], [ -6.8311992, 34.0184583 ], [ -6.831157, 34.0184182 ], [ -6.8311097, 34.0183823 ], [ -6.8310579, 34.0183509 ], [ -6.8310023, 34.0183244 ], [ -6.8309434, 34.0183033 ], [ -6.8308614, 34.0182753 ], [ -6.8307558, 34.0182417 ] ], [ [ -6.8307558, 34.0182417 ], [ -6.8305271, 34.0181653 ], [ -6.8304646, 34.0181474 ], [ -6.8304273, 34.0181382 ], [ -6.8297401, 34.0180213 ], [ -6.8289234, 34.0179002 ], [ -6.8288423, 34.0178933 ], [ -6.8288031, 34.0178902 ], [ -6.8287184, 34.0178895 ], [ -6.828628, 34.0178972 ], [ -6.8285752, 34.0179165 ], [ -6.8285297, 34.0179391 ], [ -6.8284953, 34.0179668 ], [ -6.8284588, 34.0179997 ], [ -6.8284228, 34.0180376 ], [ -6.8283508, 34.0181307 ], [ -6.8281037, 34.0184375 ], [ -6.8280532, 34.0184901 ], [ -6.827974, 34.0185543 ], [ -6.8278667, 34.018625 ], [ -6.8273769, 34.0189014 ], [ -6.8272706, 34.0189614 ], [ -6.8268974, 34.0191729 ], [ -6.8266195, 34.0193332 ], [ -6.8261734, 34.019607 ], [ -6.8260653, 34.0196702 ], [ -6.8259995, 34.0197076 ], [ -6.825928, 34.0197549 ], [ -6.8258179, 34.019833 ], [ -6.8255442, 34.0200583 ], [ -6.8254086, 34.020224 ], [ -6.825242, 34.0205247 ], [ -6.8251431, 34.0208087 ], [ -6.8251114, 34.0209458 ], [ -6.8250861, 34.0210552 ], [ -6.8250574, 34.0212041 ], [ -6.8250373, 34.0213191 ], [ -6.8250213, 34.0214276 ], [ -6.8249831, 34.0216889 ], [ -6.8249645, 34.0220132 ], [ -6.8249542, 34.0221241 ], [ -6.8249589, 34.0225579 ], [ -6.8249762, 34.0227616 ], [ -6.8249908, 34.0229332 ], [ -6.8250046, 34.0230197 ], [ -6.825179, 34.0243676 ], [ -6.8251874, 34.0244368 ], [ -6.8252548, 34.0249857 ], [ -6.8252795, 34.0251398 ], [ -6.8253108, 34.0253125 ], [ -6.8253249, 34.0254296 ], [ -6.8253611, 34.0258577 ], [ -6.8253826, 34.026107 ], [ -6.8253718, 34.0261462 ], [ -6.8253518, 34.0261833 ], [ -6.8253235, 34.0262165 ], [ -6.8252879, 34.0262444 ], [ -6.8252465, 34.0262661 ], [ -6.8252007, 34.0262807 ], [ -6.8251575, 34.0262881 ], [ -6.8251135, 34.0262914 ], [ -6.8250709, 34.0262906 ], [ -6.8250286, 34.026286 ], [ -6.8249872, 34.0262776 ], [ -6.8236948, 34.025869 ], [ -6.8221635, 34.025387 ] ], [ [ -6.8221635, 34.025387 ], [ -6.8214549, 34.0251692 ] ], [ [ -6.8214549, 34.0251692 ], [ -6.8213191, 34.0251295 ], [ -6.8211009, 34.0250795 ], [ -6.8209245, 34.025069 ], [ -6.8207848, 34.0250734 ], [ -6.8206094, 34.0251066 ], [ -6.820463, 34.0251536 ], [ -6.820309, 34.0252306 ], [ -6.8201928, 34.0253113 ], [ -6.820109, 34.0253932 ], [ -6.8200332, 34.0254884 ], [ -6.8199618, 34.0255888 ], [ -6.8198985, 34.0257005 ], [ -6.8198456, 34.0258434 ], [ -6.8198144, 34.0259372 ], [ -6.819794, 34.026031 ], [ -6.8196461, 34.0275626 ], [ -6.8194977, 34.0288295 ], [ -6.8194871, 34.0289621 ], [ -6.8194903, 34.0290495 ], [ -6.8195105, 34.0291288 ], [ -6.8200161, 34.0303383 ], [ -6.820042, 34.0304374 ] ], [ [ -6.820042, 34.0304374 ], [ -6.8200495, 34.0305005 ], [ -6.8200488, 34.0305549 ], [ -6.8200395, 34.0306161 ], [ -6.8200151, 34.0306758 ], [ -6.8196534, 34.031532 ], [ -6.8196186, 34.0316145 ], [ -6.8195607, 34.0317466 ], [ -6.8195271, 34.0318249 ], [ -6.8193913, 34.0321416 ], [ -6.819137, 34.0327741 ], [ -6.8184209, 34.0345472 ], [ -6.8183509, 34.0347147 ], [ -6.8182453, 34.0349748 ] ], [ [ -6.8182453, 34.0349748 ], [ -6.8181228, 34.0351326 ], [ -6.8180462, 34.0351727 ], [ -6.8180045, 34.0351887 ], [ -6.8179306, 34.0352171 ], [ -6.8177366, 34.0352495 ], [ -6.8177188, 34.0352518 ], [ -6.8175874, 34.0352686 ], [ -6.8175059, 34.0352769 ], [ -6.8174627, 34.0352814 ], [ -6.8174531, 34.0352825 ], [ -6.8163379, 34.0354155 ], [ -6.8151344, 34.0356248 ], [ -6.8145032, 34.0356477 ], [ -6.814123, 34.0356284 ], [ -6.8139728, 34.0356272 ], [ -6.8134419, 34.0356013 ], [ -6.8133026, 34.0355954 ], [ -6.8129061, 34.0355219 ], [ -6.8126047, 34.0354648 ], [ -6.8120737, 34.0353747 ], [ -6.8107923, 34.0350009 ], [ -6.8102699, 34.034958 ], [ -6.80994, 34.0349609 ], [ -6.808942, 34.0349906 ], [ -6.8084549, 34.0349866 ], [ -6.8082798, 34.0349854 ], [ -6.8081723, 34.0349844 ], [ -6.8071252, 34.0349775 ], [ -6.8066771, 34.0349746 ], [ -6.80629, 34.0349721 ], [ -6.8062133, 34.0349716 ], [ -6.8052874, 34.0349515 ], [ -6.8051352, 34.0349457 ], [ -6.8045748, 34.0349152 ], [ -6.8037559, 34.0348745 ], [ -6.8017933, 34.0347769 ], [ -6.8001623, 34.0346959 ], [ -6.7996531, 34.0346707 ], [ -6.7994563, 34.0346639 ], [ -6.7993474, 34.0346602 ], [ -6.7993047, 34.0346587 ] ], [ [ -6.7993047, 34.0346587 ], [ -6.7991431, 34.0346516 ], [ -6.7991175, 34.0346505 ], [ -6.7986415, 34.0346297 ], [ -6.7985954, 34.0346277 ], [ -6.7984203, 34.0346213 ], [ -6.7977877, 34.0345982 ], [ -6.796918, 34.0345786 ], [ -6.7964742, 34.0345888 ], [ -6.7963366, 34.0345909 ], [ -6.7962648, 34.0345953 ], [ -6.7961857, 34.0346002 ], [ -6.7961094, 34.0346049 ], [ -6.7960071, 34.0346049 ], [ -6.7957139, 34.0346178 ], [ -6.7952427, 34.0346291 ], [ -6.7948264, 34.0346326 ], [ -6.7945276, 34.034608 ], [ -6.7943531, 34.0345639 ], [ -6.7940543, 34.034456 ], [ -6.7936904, 34.0343433 ], [ -6.7934656, 34.0342795 ], [ -6.7933014, 34.034234 ], [ -6.7915715, 34.0337548 ] ], [ [ -6.7915715, 34.0337548 ], [ -6.7902676, 34.0333994 ] ], [ [ -6.7902676, 34.0333994 ], [ -6.788676, 34.0329409 ], [ -6.7879128, 34.0327007 ], [ -6.7878764, 34.0326861 ], [ -6.7872471, 34.0324506 ], [ -6.7869869, 34.0323506 ], [ -6.7866791, 34.0322324 ], [ -6.7860599, 34.0320251 ], [ -6.7849951, 34.031725 ], [ -6.7834287, 34.0313738 ], [ -6.7818382, 34.031007 ], [ -6.7816094, 34.0309826 ], [ -6.781507, 34.0309967 ], [ -6.7814735, 34.0310013 ], [ -6.7812436, 34.031033 ], [ -6.7811363, 34.0310419 ], [ -6.7809324, 34.0310419 ], [ -6.7806213, 34.0310063 ], [ -6.7805631, 34.0309989 ], [ -6.77999, 34.0309237 ], [ -6.7795853, 34.030875 ], [ -6.7773597, 34.0305929 ], [ -6.7767589, 34.0304862 ], [ -6.7758486, 34.030299 ] ], [ [ -6.7758486, 34.030299 ], [ -6.7753662, 34.0301937 ] ], [ [ -6.7753662, 34.0301937 ], [ -6.7743717, 34.0299393 ], [ -6.77408, 34.0298716 ], [ -6.7722486, 34.0294447 ], [ -6.7721012, 34.0294103 ], [ -6.7716144, 34.0292992 ], [ -6.7707132, 34.029108 ], [ -6.7704557, 34.0290546 ], [ -6.7689546, 34.0287577 ], [ -6.7689054, 34.0287479 ], [ -6.7687445, 34.0287123 ], [ -6.7686058, 34.0286723 ], [ -6.7683904, 34.0286101 ], [ -6.76796, 34.0284829 ], [ -6.7657726, 34.0278365 ], [ -6.7656331, 34.0278054 ], [ -6.7654293, 34.0277742 ], [ -6.7642491, 34.0276498 ], [ -6.764115, 34.0276364 ], [ -6.7639111, 34.027592 ], [ -6.7637287, 34.0275475 ], [ -6.7631034, 34.0273472 ], [ -6.7624365, 34.0271336 ], [ -6.7612432, 34.0267881 ], [ -6.7610304, 34.0267249 ], [ -6.7603653, 34.0265449 ], [ -6.7589609, 34.0261882 ], [ -6.7580988, 34.0259581 ], [ -6.7574114, 34.0258066 ], [ -6.7572463, 34.0257771 ], [ -6.7569159, 34.0257113 ], [ -6.7554902, 34.0254556 ], [ -6.755342, 34.025427 ], [ -6.7550473, 34.0253783 ], [ -6.754204, 34.0252355 ], [ -6.7536363, 34.0251349 ], [ -6.7531763, 34.0250373 ], [ -6.75256, 34.0249066 ], [ -6.7524488, 34.0248865 ], [ -6.7519521, 34.0247969 ] ] ] } },
{ "type": "Feature", "properties": { "from_ar": "L32H", "name": "L32H:Harhoura→Bab El Had", "network": "Bus Stades" }, "geometry": { "type": "MultiLineString", "coordinates": [ [ [ -6.9585292, 33.9257606 ], [ -6.958401, 33.9258521 ], [ -6.9579443, 33.9261785 ], [ -6.9574897, 33.9264996 ], [ -6.9568351, 33.9269558 ], [ -6.9558889, 33.9276299 ], [ -6.9555059, 33.9278891 ], [ -6.9549903, 33.928238 ], [ -6.954701, 33.9284481 ], [ -6.9546603, 33.9284752 ], [ -6.9533024, 33.9294144 ], [ -6.953086, 33.9295589 ], [ -6.9529491, 33.9296395 ], [ -6.952832, 33.9296936 ] ], [ [ -6.952832, 33.9296936 ], [ -6.9527853, 33.9296995 ], [ -6.9527431, 33.9297171 ], [ -6.9527095, 33.9297447 ], [ -6.9526878, 33.9297795 ], [ -6.9526802, 33.9298182 ] ], [ [ -6.9526802, 33.9298182 ], [ -6.9526251, 33.9298623 ], [ -6.9525798, 33.9298923 ], [ -6.9525045, 33.9299373 ], [ -6.9522059, 33.9300814 ], [ -6.9521666, 33.9301018 ], [ -6.9519029, 33.9302301 ], [ -6.951692, 33.9303403 ], [ -6.9516198, 33.930378 ], [ -6.9514228, 33.930481 ], [ -6.9512957, 33.9305504 ], [ -6.9511659, 33.9306162 ], [ -6.9510403, 33.9306752 ], [ -6.9509125, 33.9307308 ], [ -6.9508401, 33.9307601 ], [ -6.9507607, 33.9308029 ], [ -6.9506074, 33.9308727 ], [ -6.950424, 33.9309525 ], [ -6.9502386, 33.931029 ], [ -6.9500527, 33.9311021 ], [ -6.9498651, 33.931172 ], [ -6.9497636, 33.9312118 ], [ -6.9496639, 33.9312544 ], [ -6.9495434, 33.9313107 ], [ -6.9494259, 33.9313712 ], [ -6.9491899, 33.931498 ], [ -6.9489585, 33.9316305 ], [ -6.948769, 33.9317453 ], [ -6.948654, 33.9318221 ], [ -6.9483004, 33.9320479 ], [ -6.9482331, 33.9320879 ], [ -6.9479649, 33.9322622 ], [ -6.9474766, 33.9325796 ], [ -6.9467992, 33.9330119 ], [ -6.9463661, 33.9332884 ], [ -6.9461746, 33.9334108 ], [ -6.9460998, 33.9334586 ] ], [ [ -6.9460998, 33.9334586 ], [ -6.9459544, 33.9335065 ], [ -6.9457868, 33.9335755 ], [ -6.9455253, 33.9337212 ], [ -6.9452595, 33.9338788 ], [ -6.9449995, 33.9340428 ], [ -6.94427, 33.934509 ], [ -6.9442058, 33.9345453 ], [ -6.9441828, 33.9345558 ], [ -6.9440786, 33.9346067 ] ], [ [ -6.9440786, 33.9346067 ], [ -6.9440455, 33.9346097 ], [ -6.9440138, 33.9346181 ] ], [ [ -6.9440138, 33.9346181 ], [ -6.9439361, 33.9346025 ], [ -6.9438422, 33.9345847 ], [ -6.943788, 33.9345708 ], [ -6.9437254, 33.9345548 ], [ -6.9432924, 33.9344462 ], [ -6.9428719, 33.9343367 ], [ -6.9421576, 33.9341531 ], [ -6.9420453, 33.9341236 ], [ -6.9414556, 33.9339719 ], [ -6.9405467, 33.9337346 ], [ -6.9404735, 33.9337155 ], [ -6.9403664, 33.9336875 ], [ -6.9399157, 33.9335744 ], [ -6.9396472, 33.9335143 ], [ -6.939419, 33.9334675 ], [ -6.9392006, 33.9334264 ], [ -6.9391253, 33.9334134 ], [ -6.938978, 33.933383 ], [ -6.9388449, 33.9333472 ] ], [ [ -6.9388449, 33.9333472 ], [ -6.9388246, 33.9333066 ], [ -6.9387877, 33.933275 ], [ -6.9387442, 33.933258 ], [ -6.9386964, 33.933254 ], [ -6.9386498, 33.9332635 ], [ -6.938599, 33.9332947 ] ], [ [ -6.938599, 33.9332947 ], [ -6.9384979, 33.9332661 ], [ -6.9381532, 33.9331671 ], [ -6.9378999, 33.933091 ], [ -6.9376476, 33.9330124 ], [ -6.93742, 33.9329422 ] ], [ [ -6.93742, 33.9329422 ], [ -6.9363923, 33.9326252 ] ], [ [ -6.9363923, 33.9326252 ], [ -6.936051, 33.9325173 ], [ -6.9357506, 33.932426 ], [ -6.9354482, 33.9323393 ], [ -6.9352963, 33.9322986 ], [ -6.9350365, 33.9322291 ], [ -6.9346891, 33.9321635 ], [ -6.9346296, 33.9321563 ], [ -6.9345486, 33.9321466 ] ], [ [ -6.9345486, 33.9321466 ], [ -6.9344075, 33.9321212 ], [ -6.9343002, 33.9320945 ], [ -6.9336766, 33.9319476 ], [ -6.9329653, 33.9317548 ], [ -6.9322564, 33.9315626 ], [ -6.9309983, 33.9312302 ], [ -6.9308787, 33.9311986 ], [ -6.9298826, 33.9309406 ], [ -6.9296055, 33.9308724 ] ], [ [ -6.9296055, 33.9308724 ], [ -6.9296029, 33.930854 ], [ -6.929596, 33.9308365 ], [ -6.9295865, 33.9308219 ], [ -6.9295741, 33.930809 ], [ -6.9295591, 33.9307981 ], [ -6.9295421, 33.9307895 ], [ -6.9295235, 33.9307835 ], [ -6.929504, 33.9307803 ], [ -6.9294847, 33.9307799 ], [ -6.9294657, 33.9307822 ], [ -6.9294474, 33.9307871 ], [ -6.9294304, 33.9307945 ], [ -6.9294151, 33.9308042 ] ], [ [ -6.9294151, 33.9308042 ], [ -6.9291732, 33.930747 ], [ -6.9285616, 33.930599 ], [ -6.9283062, 33.9305329 ] ], [ [ -6.9283062, 33.9305329 ], [ -6.9284596, 33.9301037 ], [ -6.9286099, 33.9297655 ], [ -6.9287561, 33.9295185 ], [ -6.9288889, 33.9293004 ], [ -6.9289908, 33.9291535 ], [ -6.9291061, 33.9289821 ], [ -6.9292443, 33.9287863 ], [ -6.9293824, 33.928596 ], [ -6.929715, 33.9281465 ], [ -6.9297901, 33.9280497 ], [ -6.9299242, 33.9278427 ], [ -6.9301334, 33.9275968 ], [ -6.9302112, 33.9274888 ], [ -6.9304593, 33.9271906 ], [ -6.9306589, 33.9269755 ], [ -6.930862, 33.9267382 ], [ -6.9310561, 33.9265352 ], [ -6.9310993, 33.9264928 ], [ -6.9311848, 33.9264005 ], [ -6.9313069, 33.9262826 ], [ -6.9314128, 33.9261802 ], [ -6.9315188, 33.9260889 ], [ -6.9315805, 33.9260355 ], [ -6.931681, 33.9259509 ], [ -6.9318125, 33.9258486 ], [ -6.9319383, 33.9257624 ], [ -6.9320324, 33.9257006 ], [ -6.9321357, 33.9256327 ], [ -6.9323254, 33.9255114 ], [ -6.9324065, 33.9254572 ], [ -6.9325083, 33.9253942 ], [ -6.9328572, 33.9251624 ], [ -6.9330627, 33.9250792 ] ], [ [ -6.9330627, 33.9250792 ], [ -6.932872, 33.9249323 ], [ -6.9325853, 33.9246893 ], [ -6.9320811, 33.9242475 ], [ -6.9318326, 33.9240469 ], [ -6.9315286, 33.9237836 ], [ -6.9314689, 33.9237323 ], [ -6.9312298, 33.9235338 ], [ -6.9309087, 33.9232538 ], [ -6.9302769, 33.9226904 ], [ -6.9301281, 33.922556 ], [ -6.9295658, 33.9220482 ], [ -6.9295408, 33.9220257 ], [ -6.9287473, 33.9213155 ], [ -6.9286732, 33.9212492 ], [ -6.9283544, 33.9209616 ] ], [ [ -6.9283544, 33.9209616 ], [ -6.9267331, 33.9196766 ] ], [ [ -6.9267331, 33.9196766 ], [ -6.9266947, 33.9196435 ], [ -6.926595, 33.9195686 ], [ -6.9262528, 33.9193114 ], [ -6.9255735, 33.9187621 ], [ -6.9252117, 33.9184695 ], [ -6.9250594, 33.9183401 ], [ -6.9247698, 33.9180941 ] ], [ [ -6.9274505, 33.9155759 ], [ -6.9268869, 33.9161079 ], [ -6.9265886, 33.9163895 ], [ -6.9264306, 33.9165387 ], [ -6.9263313, 33.9166324 ], [ -6.9259258, 33.9170171 ], [ -6.9256502, 33.9172786 ], [ -6.9247698, 33.9180941 ] ], [ [ -6.9276835, 33.9153073 ], [ -6.9274505, 33.9155759 ] ], [ [ -6.9276662, 33.9152503 ], [ -6.9276704, 33.9152797 ], [ -6.9276835, 33.9153073 ] ], [ [ -6.9274003, 33.9149699 ], [ -6.9276662, 33.9152503 ] ], [ [ -6.9274003, 33.9149699 ], [ -6.9273705, 33.9149515 ], [ -6.9271273, 33.9147666 ], [ -6.9268987, 33.9146008 ], [ -6.9267754, 33.9145089 ], [ -6.9266807, 33.9144383 ], [ -6.9263294, 33.9141701 ], [ -6.9260611, 33.9139798 ], [ -6.9257788, 33.9137661 ], [ -6.9256877, 33.9136972 ], [ -6.925455, 33.9135212 ], [ -6.9250473, 33.913223 ] ], [ [ -6.9250473, 33.913223 ], [ -6.9249923, 33.9131746 ], [ -6.9247804, 33.9130237 ], [ -6.9246463, 33.9129175 ], [ -6.9244874, 33.9128212 ] ], [ [ -6.9244874, 33.9128212 ], [ -6.9244914, 33.9129876 ], [ -6.924482, 33.9131295 ], [ -6.9244798, 33.9131934 ], [ -6.9244699, 33.9132185 ], [ -6.9244317, 33.9133098 ], [ -6.9243908, 33.913381 ] ], [ [ -6.9243908, 33.913381 ], [ -6.9240394, 33.9137015 ], [ -6.9238566, 33.9138667 ], [ -6.923676, 33.9140299 ], [ -6.9234218, 33.9142652 ], [ -6.9230209, 33.9146303 ], [ -6.9225875, 33.9150404 ], [ -6.921882, 33.9156963 ], [ -6.9214604, 33.9160908 ], [ -6.9211818, 33.9163696 ], [ -6.9208805, 33.9166582 ], [ -6.9207777, 33.9167527 ], [ -6.9204801, 33.9170264 ], [ -6.9204192, 33.9170798 ], [ -6.9203156, 33.9171701 ], [ -6.9202355, 33.9172427 ], [ -6.9201179, 33.9173485 ], [ -6.9194248, 33.9179566 ], [ -6.9190342, 33.9183337 ], [ -6.9182271, 33.9190714 ], [ -6.9176014, 33.9196504 ], [ -6.917251, 33.9199966 ], [ -6.9168834, 33.9203185 ], [ -6.9168449, 33.9203554 ], [ -6.9161553, 33.9209915 ], [ -6.9158235, 33.9212948 ], [ -6.9153668, 33.9217291 ], [ -6.9148045, 33.9222536 ], [ -6.9146314, 33.9224191 ], [ -6.9144025, 33.9226275 ], [ -6.9141293, 33.9228863 ], [ -6.9138577, 33.9231401 ] ], [ [ -6.9138577, 33.9231401 ], [ -6.9136906, 33.9232401 ], [ -6.9135899, 33.923309 ], [ -6.9134559, 33.9233926 ] ], [ [ -6.9134559, 33.9233926 ], [ -6.9134256, 33.9233922 ], [ -6.9133956, 33.9233957 ], [ -6.9133666, 33.923403 ], [ -6.9133113, 33.9234305 ], [ -6.9132698, 33.9234715 ], [ -6.9132467, 33.9235215 ], [ -6.913244, 33.9235707 ] ], [ [ -6.913244, 33.9235707 ], [ -6.9132593, 33.9236183 ] ], [ [ -6.9132593, 33.9236183 ], [ -6.9131813, 33.9237142 ], [ -6.9130593, 33.9238516 ], [ -6.9128951, 33.9240343 ] ], [ [ -6.9128951, 33.9240343 ], [ -6.91206, 33.9247808 ], [ -6.9116116, 33.9251845 ], [ -6.9110971, 33.9256476 ], [ -6.9109928, 33.9257411 ], [ -6.9105699, 33.9261238 ], [ -6.9100926, 33.9265513 ], [ -6.9094606, 33.9271286 ], [ -6.9082709, 33.9281537 ] ], [ [ -6.9082709, 33.9281537 ], [ -6.9082117, 33.9281795 ], [ -6.908155, 33.9282121 ], [ -6.9081096, 33.9282321 ] ], [ [ -6.9081096, 33.9282321 ], [ -6.9080629, 33.9282253 ], [ -6.9080162, 33.9282322 ] ], [ [ -6.9080162, 33.9282322 ], [ -6.9079752, 33.9282227 ], [ -6.9078816, 33.9281946 ] ], [ [ -6.9078816, 33.9281946 ], [ -6.9077878, 33.9281121 ], [ -6.907575, 33.9279247 ], [ -6.9075331, 33.9278916 ], [ -6.9072086, 33.9276301 ], [ -6.9070101, 33.9274799 ], [ -6.906823, 33.9273411 ], [ -6.9066835, 33.9272423 ] ], [ [ -6.9066835, 33.9272423 ], [ -6.9065452, 33.9270836 ] ], [ [ -6.9065452, 33.9270836 ], [ -6.9065463, 33.9270663 ], [ -6.9065439, 33.9270491 ], [ -6.906538, 33.9270325 ] ], [ [ -6.906538, 33.9270325 ], [ -6.9065152, 33.9270017 ], [ -6.9064809, 33.9269795 ], [ -6.9064394, 33.9269687 ] ], [ [ -6.9064394, 33.9269687 ], [ -6.9064076, 33.9269683 ], [ -6.9063797, 33.9269748 ], [ -6.906341, 33.9269949 ], [ -6.9063139, 33.9270253 ], [ -6.9063021, 33.9270618 ], [ -6.906305, 33.9270925 ] ], [ [ -6.906305, 33.9270925 ], [ -6.9062046, 33.9271633 ], [ -6.9061211, 33.9272125 ], [ -6.9060365, 33.92725 ] ], [ [ -6.9060365, 33.92725 ], [ -6.9059433, 33.9272854 ], [ -6.9057963, 33.9273413 ], [ -6.9053696, 33.9275024 ], [ -6.9049841, 33.927647 ], [ -6.9046843, 33.9277597 ], [ -6.9039918, 33.9280237 ], [ -6.9037806, 33.9281046 ], [ -6.9031451, 33.9283518 ], [ -6.9028337, 33.9284692 ], [ -6.9024493, 33.9286172 ], [ -6.9022631, 33.9286826 ], [ -6.9021343, 33.9287306 ], [ -6.9020338, 33.9287636 ], [ -6.9018585, 33.9288234 ], [ -6.9017161, 33.9288561 ], [ -6.901611, 33.9288708 ], [ -6.9015028, 33.9288799 ] ], [ [ -6.9015028, 33.9288799 ], [ -6.9014538, 33.9288666 ], [ -6.9014259, 33.9288634 ], [ -6.901379, 33.9288645 ], [ -6.9012841, 33.9288941 ] ], [ [ -6.9012841, 33.9288941 ], [ -6.9012538, 33.9289142 ], [ -6.9012197, 33.9289484 ], [ -6.9011972, 33.9289861 ], [ -6.9011842, 33.9290348 ] ], [ [ -6.9011842, 33.9290348 ], [ -6.9011844, 33.9290639 ] ], [ [ -6.9011844, 33.9290639 ], [ -6.9012029, 33.9291249 ], [ -6.9012473, 33.9291796 ], [ -6.9012914, 33.9292089 ] ], [ [ -6.9012914, 33.9292089 ], [ -6.901329, 33.9292242 ], [ -6.9014068, 33.9292363 ], [ -6.9014705, 33.9292292 ] ], [ [ -6.9014705, 33.9292292 ], [ -6.9015332, 33.9292459 ], [ -6.9017003, 33.9293029 ], [ -6.901794, 33.9293349 ], [ -6.9021835, 33.929464 ] ], [ [ -6.9021835, 33.929464 ], [ -6.9022961, 33.9295241 ], [ -6.9025268, 33.9296676 ], [ -6.9027936, 33.9298662 ], [ -6.9028915, 33.9299391 ], [ -6.9030511, 33.9300532 ], [ -6.9034059, 33.9303152 ], [ -6.9038244, 33.9306384 ], [ -6.9038758, 33.9306843 ], [ -6.9039027, 33.9307024 ], [ -6.9040372, 33.9308002 ], [ -6.9042538, 33.9309898 ], [ -6.9043721, 33.9310932 ], [ -6.9047316, 33.931363 ], [ -6.9052605, 33.9317669 ], [ -6.9055645, 33.9320036 ], [ -6.9059161, 33.9322766 ], [ -6.9061531, 33.9324506 ], [ -6.9062769, 33.9325377 ], [ -6.9063489, 33.9325785 ], [ -6.9068198, 33.9328101 ], [ -6.9074013, 33.9330703 ], [ -6.9076115, 33.9331679 ], [ -6.9081739, 33.9333963 ], [ -6.9087911, 33.9336214 ], [ -6.9089594, 33.9336838 ], [ -6.9093632, 33.9338618 ], [ -6.9095128, 33.9339272 ], [ -6.9097136, 33.9340202 ], [ -6.9097321, 33.9340287 ] ], [ [ -6.9097321, 33.9340287 ], [ -6.9097862, 33.9340886 ], [ -6.9098494, 33.9341419 ], [ -6.9100419, 33.9342611 ] ], [ [ -6.9100419, 33.9342611 ], [ -6.9100434, 33.9342734 ], [ -6.9100591, 33.9343158 ], [ -6.9100895, 33.9343523 ], [ -6.9101317, 33.9343796 ], [ -6.9101818, 33.9343951 ] ], [ [ -6.9098445, 33.9349486 ], [ -6.9096341, 33.9351747 ] ], [ [ -6.9098445, 33.9349486 ], [ -6.9100115, 33.9347883 ], [ -6.9101724, 33.9345991 ], [ -6.9103095, 33.9343766 ] ], [ [ -6.9096341, 33.9351747 ], [ -6.9091465, 33.9356951 ], [ -6.9086114, 33.9362637 ], [ -6.9082345, 33.9365997 ], [ -6.90758, 33.937116 ], [ -6.9065984, 33.9379071 ], [ -6.9049381, 33.9392055 ], [ -6.9036915, 33.9402308 ], [ -6.9034535, 33.9404227 ], [ -6.9032875, 33.9405329 ], [ -6.9032085, 33.9405854 ] ], [ [ -6.9032085, 33.9405854 ], [ -6.9029569, 33.9406839 ], [ -6.9026512, 33.9408361 ], [ -6.9025046, 33.9408941 ], [ -6.9024259, 33.9409203 ], [ -6.9023443, 33.9409393 ], [ -6.9022644, 33.9409507 ], [ -6.9021836, 33.9409552 ], [ -6.9021025, 33.9409529 ] ], [ [ -6.9021025, 33.9409529 ], [ -6.9020444, 33.9409482 ], [ -6.901987, 33.9409566 ], [ -6.9019342, 33.9409774 ], [ -6.9019085, 33.9409949 ] ], [ [ -6.9019085, 33.9409949 ], [ -6.9018608, 33.9410442 ], [ -6.901845, 33.9410763 ] ], [ [ -6.901845, 33.9410763 ], [ -6.9018409, 33.9410937 ] ], [ [ -6.9018409, 33.9410937 ], [ -6.901837, 33.9411149 ], [ -6.9018401, 33.9411517 ] ], [ [ -6.9018401, 33.9411517 ], [ -6.9018494, 33.941185 ], [ -6.9018704, 33.9412257 ], [ -6.9018897, 33.941244 ] ], [ [ -6.9018897, 33.941244 ], [ -6.9018347, 33.9412845 ], [ -6.9017779, 33.9413223 ], [ -6.9017154, 33.941372 ], [ -6.9015672, 33.9414674 ], [ -6.9013949, 33.9415837 ], [ -6.9013687, 33.941601 ], [ -6.9012132, 33.9417 ], [ -6.9009436, 33.9418719 ], [ -6.9007894, 33.9419848 ], [ -6.9006781, 33.9420833 ], [ -6.9006043, 33.94216 ], [ -6.9005433, 33.9422396 ], [ -6.9004454, 33.9424042 ], [ -6.9004045, 33.942501 ], [ -6.9003756, 33.94259 ], [ -6.9003522, 33.9427019 ], [ -6.9003448, 33.9428343 ], [ -6.9003481, 33.9429461 ], [ -6.9003522, 33.9431285 ] ], [ [ -6.9003522, 33.9431285 ], [ -6.9003636, 33.9433947 ] ], [ [ -6.9003636, 33.9433947 ], [ -6.9003616, 33.9434134 ], [ -6.9003619, 33.9434423 ], [ -6.9003622, 33.9434937 ], [ -6.9003616, 33.9435508 ], [ -6.9003622, 33.9436055 ], [ -6.9003582, 33.9436526 ], [ -6.9003528, 33.9437015 ], [ -6.9003455, 33.9437563 ], [ -6.9002476, 33.9440131 ], [ -6.9001111, 33.9442379 ], [ -6.8997779, 33.944535 ], [ -6.8985909, 33.9453313 ], [ -6.8979678, 33.9458686 ], [ -6.897794, 33.9460551 ], [ -6.8913517, 33.9536019 ], [ -6.8909522, 33.9540699 ], [ -6.8907701, 33.9542832 ], [ -6.8905098, 33.9545789 ], [ -6.8901585, 33.9550005 ], [ -6.8898369, 33.9553782 ], [ -6.888564, 33.9568949 ], [ -6.8869372, 33.958834 ], [ -6.8868037, 33.9590133 ], [ -6.8867393, 33.9591247 ], [ -6.8866934, 33.9592055 ], [ -6.8854837, 33.9614765 ], [ -6.8854129, 33.9616263 ], [ -6.885196, 33.9620385 ], [ -6.8843119, 33.9637186 ] ], [ [ -6.8843119, 33.9637186 ], [ -6.8838229, 33.9646058 ], [ -6.8835224, 33.9651758 ], [ -6.8835009, 33.9652268 ], [ -6.8834737, 33.9652758 ], [ -6.8833641, 33.9655483 ] ], [ [ -6.8833641, 33.9655483 ], [ -6.883289, 33.9657841 ], [ -6.8832437, 33.9659688 ] ], [ [ -6.8832437, 33.9659688 ], [ -6.8832246, 33.9660466 ], [ -6.8831978, 33.9662468 ], [ -6.8831817, 33.9664737 ], [ -6.8831817, 33.9667985 ], [ -6.8832032, 33.9670432 ], [ -6.883257, 33.967338 ], [ -6.8832971, 33.9675126 ], [ -6.8833102, 33.9675694 ], [ -6.8833811, 33.9678446 ] ], [ [ -6.8833811, 33.9678446 ], [ -6.8834163, 33.9680807 ], [ -6.8834288, 33.9682144 ], [ -6.8834321, 33.9683251 ], [ -6.8834301, 33.9684268 ], [ -6.8834201, 33.9685236 ], [ -6.8834053, 33.9686026 ], [ -6.8833818, 33.968681 ], [ -6.8833463, 33.96876 ], [ -6.883296, 33.9688389 ], [ -6.883243, 33.9688984 ], [ -6.8830975, 33.969043 ], [ -6.8829567, 33.9691776 ], [ -6.8828085, 33.9693294 ], [ -6.8827441, 33.9694107 ], [ -6.8826824, 33.9694885 ], [ -6.8826464, 33.9695333 ], [ -6.882566, 33.9696336 ], [ -6.8824997, 33.9697163 ], [ -6.8823823, 33.9698627 ], [ -6.8822804, 33.9700285 ] ], [ [ -6.8822804, 33.9700285 ], [ -6.8820387, 33.9702687 ], [ -6.8819931, 33.9703299 ], [ -6.8819415, 33.9703877 ] ], [ [ -6.8819415, 33.9703877 ], [ -6.881798, 33.9705823 ], [ -6.8816639, 33.9707264 ], [ -6.8814915, 33.9709282 ], [ -6.8813333, 33.9711245 ], [ -6.8810664, 33.9714348 ], [ -6.880766, 33.9718058 ], [ -6.880652, 33.9719581 ], [ -6.8804897, 33.9721772 ], [ -6.8803556, 33.9723535 ], [ -6.879783, 33.9730497 ], [ -6.8795013, 33.973404 ], [ -6.8792628, 33.9737074 ] ], [ [ -6.8792628, 33.9737074 ], [ -6.8791071, 33.9739128 ], [ -6.8787624, 33.9743715 ], [ -6.8785321, 33.9746774 ] ], [ [ -6.8785321, 33.9746774 ], [ -6.8773134, 33.9761558 ] ], [ [ -6.8773134, 33.9761558 ], [ -6.8772201, 33.976273 ] ], [ [ -6.8772201, 33.976273 ], [ -6.876841, 33.976734 ], [ -6.8762371, 33.9774889 ], [ -6.8753894, 33.9784992 ], [ -6.8750675, 33.9788907 ] ], [ [ -6.8750675, 33.9788907 ], [ -6.8741733, 33.9801086 ], [ -6.8726791, 33.982113 ], [ -6.8721923, 33.9827824 ], [ -6.871912, 33.9831616 ], [ -6.8717323, 33.9833951 ], [ -6.8711489, 33.9841802 ], [ -6.8706206, 33.984902 ], [ -6.870469, 33.9851077 ], [ -6.8700922, 33.9856192 ], [ -6.8698025, 33.9859962 ], [ -6.8692808, 33.9866912 ], [ -6.8692406, 33.9867446 ], [ -6.8685687, 33.9876419 ], [ -6.86844, 33.9878126 ], [ -6.8683219, 33.9879789 ], [ -6.8681999, 33.9881646 ], [ -6.8680631, 33.9883614 ], [ -6.8679182, 33.9885604 ], [ -6.8677707, 33.9887495 ], [ -6.8674857, 33.9891179 ], [ -6.8672024, 33.9894823 ] ], [ [ -6.8672024, 33.9894823 ], [ -6.8671375, 33.9895696 ], [ -6.8669875, 33.9897747 ], [ -6.8667488, 33.9900827 ], [ -6.8664511, 33.9904485 ], [ -6.8661643, 33.9907618 ], [ -6.866124, 33.9908049 ], [ -6.8660957, 33.9908392 ], [ -6.8659902, 33.9909745 ] ], [ [ -6.8659902, 33.9909745 ], [ -6.8659386, 33.9910287 ], [ -6.8658299, 33.9911356 ], [ -6.8657282, 33.991233 ], [ -6.8656569, 33.9913085 ], [ -6.8655632, 33.9914076 ] ], [ [ -6.8655632, 33.9914076 ], [ -6.8655146, 33.9914869 ] ], [ [ -6.8655146, 33.9914869 ], [ -6.8653973, 33.9917044 ], [ -6.8653565, 33.9917814 ], [ -6.8652635, 33.9919964 ], [ -6.8652065, 33.9921114 ], [ -6.8651472, 33.992207 ] ], [ [ -6.8651472, 33.992207 ], [ -6.8650578, 33.9923425 ], [ -6.8649162, 33.9925493 ], [ -6.8647488, 33.9927829 ], [ -6.8644308, 33.993198 ], [ -6.8635293, 33.9945152 ], [ -6.8633846, 33.9947217 ], [ -6.8629715, 33.9953111 ], [ -6.8627834, 33.9955891 ], [ -6.8626588, 33.9957706 ], [ -6.86254, 33.9959574 ], [ -6.8624443, 33.9961193 ], [ -6.8623446, 33.9963194 ], [ -6.8622896, 33.9964362 ], [ -6.8620148, 33.9969826 ], [ -6.8615581, 33.9978706 ], [ -6.8614396, 33.9981046 ], [ -6.8610772, 33.9988202 ], [ -6.8610142, 33.9989438 ], [ -6.8606072, 33.999741 ], [ -6.8605822, 33.9997878 ], [ -6.8605489, 33.9998545 ], [ -6.8603705, 34.000212 ] ], [ [ -6.8603705, 34.000212 ], [ -6.8602167, 34.0005163 ], [ -6.8600706, 34.0008446 ] ], [ [ -6.8600706, 34.0008446 ], [ -6.8600386, 34.0008468 ], [ -6.8600079, 34.0008544 ], [ -6.8599798, 34.0008672 ], [ -6.8599556, 34.0008846 ], [ -6.8599392, 34.0009019 ], [ -6.8599268, 34.0009212 ], [ -6.8599185, 34.0009421 ], [ -6.8599146, 34.0009636 ], [ -6.8599156, 34.000985 ], [ -6.8599207, 34.0010062 ], [ -6.8599302, 34.0010263 ], [ -6.8599436, 34.0010448 ], [ -6.8599608, 34.001061 ] ], [ [ -6.8599608, 34.001061 ], [ -6.8598782, 34.001236 ], [ -6.8598016, 34.0013981 ], [ -6.8596187, 34.0017566 ] ], [ [ -6.8596187, 34.0017566 ], [ -6.8593679, 34.0022482 ], [ -6.8592462, 34.0024905 ], [ -6.8591434, 34.0026952 ], [ -6.8591239, 34.0027332 ] ], [ [ -6.8591239, 34.0027332 ], [ -6.8590873, 34.002806 ], [ -6.8589102, 34.0031584 ], [ -6.8588677, 34.0032335 ] ], [ [ -6.8588677, 34.0032335 ], [ -6.8587558, 34.0034332 ], [ -6.8586911, 34.003525 ], [ -6.8586186, 34.003615 ], [ -6.8583762, 34.0039098 ] ], [ [ -6.8583762, 34.0039098 ], [ -6.8582019, 34.0041046 ] ], [ [ -6.8582019, 34.0041046 ], [ -6.857714, 34.0046419 ], [ -6.8574088, 34.0049717 ], [ -6.856631, 34.0058291 ], [ -6.8562472, 34.006256 ], [ -6.8559551, 34.006581 ], [ -6.854623, 34.0080398 ], [ -6.8545662, 34.0081058 ], [ -6.854508, 34.008165 ], [ -6.8544452, 34.0082209 ], [ -6.8543781, 34.0082733 ] ], [ [ -6.8543781, 34.0082733 ], [ -6.854327, 34.0082499 ], [ -6.8542725, 34.0082325 ], [ -6.8542304, 34.0082226 ], [ -6.8541193, 34.008218 ], [ -6.8540245, 34.0082328 ], [ -6.8539363, 34.0082651 ], [ -6.8538593, 34.0083132 ] ], [ [ -6.8538593, 34.0083132 ], [ -6.8537955, 34.0083772 ], [ -6.8537518, 34.0084519 ] ], [ [ -6.8537518, 34.0084519 ], [ -6.8537312, 34.0085284 ], [ -6.8537317, 34.0086069 ], [ -6.8537534, 34.0086832 ] ], [ [ -6.8537534, 34.0086832 ], [ -6.8537857, 34.0087406 ], [ -6.8538299, 34.0087923 ], [ -6.8538847, 34.0088365 ] ], [ [ -6.8538847, 34.0088365 ], [ -6.8537072, 34.0090482 ], [ -6.8525303, 34.0103569 ], [ -6.8516663, 34.0113088 ] ], [ [ -6.8516663, 34.0113088 ], [ -6.8514461, 34.0115518 ] ], [ [ -6.8514461, 34.0115518 ], [ -6.8514073, 34.0115455 ], [ -6.8513678, 34.0115452 ] ], [ [ -6.8513678, 34.0115452 ], [ -6.8513318, 34.0115502 ], [ -6.8512973, 34.0115602 ], [ -6.8512653, 34.0115748 ] ], [ [ -6.8512653, 34.0115748 ], [ -6.8512361, 34.0115943 ], [ -6.8512115, 34.0116177 ], [ -6.851192, 34.0116443 ], [ -6.8511785, 34.0116733 ] ], [ [ -6.8511785, 34.0116733 ], [ -6.8510967, 34.0117383 ], [ -6.8510113, 34.0118009 ], [ -6.8509236, 34.0118613 ], [ -6.8508337, 34.0119194 ], [ -6.8507468, 34.0119722 ], [ -6.850658, 34.0120229 ], [ -6.8505676, 34.0120715 ], [ -6.8504755, 34.0121178 ], [ -6.8496976, 34.012484 ], [ -6.8494127, 34.0126181 ], [ -6.8493157, 34.0126662 ], [ -6.8492063, 34.0127204 ] ], [ [ -6.8492063, 34.0127204 ], [ -6.8488386, 34.0129297 ], [ -6.8486466, 34.0130648 ], [ -6.8485433, 34.0131527 ], [ -6.8484274, 34.0132809 ], [ -6.8482022, 34.0135324 ], [ -6.8480631, 34.0136977 ], [ -6.8476922, 34.0141384 ], [ -6.8473159, 34.0145908 ], [ -6.8467397, 34.0152763 ], [ -6.8466859, 34.0153404 ], [ -6.8466211, 34.0154135 ], [ -6.8465462, 34.015497 ], [ -6.8460764, 34.0160212 ], [ -6.8453054, 34.0169359 ], [ -6.8452307, 34.0170245 ], [ -6.8451664, 34.0170927 ], [ -6.8445906, 34.017707 ], [ -6.8442797, 34.0180388 ], [ -6.8442393, 34.0180823 ] ], [ [ -6.9103317, 33.934141 ], [ -6.9102809, 33.9341158 ], [ -6.9102228, 33.9341061 ], [ -6.9101642, 33.9341129 ], [ -6.9101249, 33.9341279 ] ], [ [ -6.9101249, 33.9341279 ], [ -6.9099039, 33.9340557 ], [ -6.9098186, 33.9340394 ], [ -6.9097321, 33.9340287 ] ], [ [ -6.9101818, 33.9343951 ], [ -6.9102478, 33.9343959 ], [ -6.9103095, 33.9343766 ], [ -6.9103583, 33.9343397 ], [ -6.9103873, 33.9342906 ], [ -6.9103925, 33.934236 ], [ -6.910373, 33.9341837 ], [ -6.9103317, 33.934141 ] ], [ [ -6.9101317, 33.9343796 ], [ -6.910104, 33.9345046 ], [ -6.9099645, 33.9347204 ], [ -6.9098988, 33.9348295 ], [ -6.9098445, 33.9349486 ] ], [ [ -6.9101249, 33.9341279 ], [ -6.910095, 33.9341472 ], [ -6.9100708, 33.9341714 ], [ -6.9100534, 33.9341993 ], [ -6.9100436, 33.9342297 ], [ -6.9100419, 33.9342611 ] ] ] } },
{ "type": "Feature", "properties": { "from_ar": "L32H", "name": "L32H:Bab Lhad→Harhoura", "network": "Bus Stades" }, "geometry": { "type": "MultiLineString", "coordinates": [ [ [ -6.8442373, 34.0182385 ], [ -6.8443631, 34.0180921 ], [ -6.8444708, 34.0179719 ], [ -6.8452409, 34.0171124 ], [ -6.8452883, 34.0170595 ], [ -6.845356, 34.016984 ], [ -6.845499, 34.0168243 ], [ -6.8458155, 34.0164542 ], [ -6.8460904, 34.0161441 ], [ -6.8461354, 34.0160931 ], [ -6.8462956, 34.0159117 ], [ -6.8466104, 34.01555 ], [ -6.8466226, 34.0155351 ], [ -6.846687, 34.0154608 ], [ -6.8467983, 34.0153323 ], [ -6.8469675, 34.0151447 ], [ -6.8471647, 34.0149081 ], [ -6.8472585, 34.0147957 ], [ -6.8477197, 34.0142385 ], [ -6.8478955, 34.0140253 ], [ -6.8481494, 34.0137242 ], [ -6.8481852, 34.0136818 ], [ -6.8483505, 34.0134852 ], [ -6.8484579, 34.01336 ], [ -6.8485731, 34.0132402 ], [ -6.8487017, 34.01313 ], [ -6.8488425, 34.0130307 ], [ -6.8489942, 34.012943 ], [ -6.849285, 34.0127933 ], [ -6.8493765, 34.0127462 ], [ -6.8494478, 34.0127094 ], [ -6.8506034, 34.0121556 ], [ -6.8507462, 34.0120884 ], [ -6.8508917, 34.0120252 ], [ -6.8509672, 34.0119945 ], [ -6.8510434, 34.011965 ] ], [ [ -6.8510434, 34.011965 ], [ -6.8511626, 34.0119213 ], [ -6.8512833, 34.0118803 ] ], [ [ -6.8512833, 34.0118803 ], [ -6.8512917, 34.0118839 ], [ -6.8513297, 34.0118961 ], [ -6.8513698, 34.0119022 ], [ -6.8514106, 34.011902 ], [ -6.8514506, 34.0118954 ], [ -6.8514884, 34.0118828 ], [ -6.8515281, 34.0118609 ], [ -6.8515612, 34.0118323 ], [ -6.8515859, 34.0117985 ], [ -6.8516017, 34.0117619 ], [ -6.851606, 34.0117217 ], [ -6.8516005, 34.0116824 ], [ -6.8515844, 34.0116449 ] ], [ [ -6.8515844, 34.0116449 ], [ -6.8516125, 34.0115917 ], [ -6.8516652, 34.0115074 ], [ -6.8517242, 34.0114261 ], [ -6.8517894, 34.0113481 ], [ -6.8519163, 34.011209 ], [ -6.8533078, 34.0096837 ], [ -6.8538313, 34.0090823 ], [ -6.8539871, 34.0088871 ] ], [ [ -6.8539871, 34.0088871 ], [ -6.8540797, 34.0089093 ], [ -6.854176, 34.0089133 ], [ -6.8542708, 34.0088991 ], [ -6.854356, 34.0088689 ], [ -6.8544311, 34.008824 ], [ -6.8544925, 34.0087666 ] ], [ [ -6.8544925, 34.0087666 ], [ -6.8545375, 34.008699 ], [ -6.8545634, 34.0086247 ], [ -6.854569, 34.0085476 ], [ -6.8545705, 34.0085346 ], [ -6.8545589, 34.0084878 ], [ -6.8545366, 34.0084303 ], [ -6.8545026, 34.0083769 ] ], [ [ -6.8545026, 34.0083769 ], [ -6.854574, 34.008272 ], [ -6.8546523, 34.0081709 ], [ -6.8547469, 34.0080646 ], [ -6.8548454, 34.0079569 ], [ -6.8553326, 34.0074281 ], [ -6.8560764, 34.0066113 ], [ -6.856332, 34.0063161 ] ], [ [ -6.856332, 34.0063161 ], [ -6.8564137, 34.0062282 ], [ -6.8566442, 34.0059824 ], [ -6.8567598, 34.005857 ], [ -6.8573906, 34.0051598 ], [ -6.8586116, 34.0038102 ], [ -6.8587081, 34.003688 ], [ -6.858747, 34.003634 ], [ -6.8587891, 34.0035757 ], [ -6.8588475, 34.0034882 ], [ -6.858932, 34.0033496 ], [ -6.8590311, 34.0031633 ], [ -6.8590488, 34.0031268 ] ], [ [ -6.8590488, 34.0031268 ], [ -6.8591811, 34.0028612 ] ], [ [ -6.8591811, 34.0028612 ], [ -6.8592206, 34.002782 ] ], [ [ -6.8592206, 34.002782 ], [ -6.8593313, 34.002559 ] ], [ [ -6.8593313, 34.002559 ], [ -6.8593659, 34.0024897 ], [ -6.8600103, 34.0012392 ], [ -6.8600817, 34.0010975 ] ], [ [ -6.8600817, 34.0010975 ], [ -6.8601022, 34.0010948 ], [ -6.8601222, 34.0010897 ], [ -6.8601503, 34.0010779 ], [ -6.8601748, 34.0010616 ], [ -6.8601949, 34.0010415 ], [ -6.8602095, 34.0010183 ], [ -6.8602181, 34.0009932 ], [ -6.8602198, 34.0009598 ], [ -6.8602109, 34.0009272 ], [ -6.860192, 34.0008977 ], [ -6.8601645, 34.0008732 ] ], [ [ -6.8601645, 34.0008732 ], [ -6.8601997, 34.000804 ], [ -6.8602674, 34.0006709 ], [ -6.8603432, 34.0005218 ] ], [ [ -6.8603432, 34.0005218 ], [ -6.8604547, 34.0002939 ], [ -6.8606763, 33.9998679 ], [ -6.860794, 33.9996415 ], [ -6.8611966, 33.9988367 ], [ -6.861441, 33.9983601 ], [ -6.8615683, 33.9981115 ], [ -6.8616995, 33.9978605 ], [ -6.8619548, 33.9973555 ], [ -6.8621397, 33.9969893 ], [ -6.8622096, 33.9968523 ], [ -6.8624653, 33.9963506 ], [ -6.8625798, 33.9961247 ], [ -6.8626288, 33.9960376 ], [ -6.8627619, 33.9958191 ], [ -6.8629204, 33.9955869 ], [ -6.8632283, 33.995142 ], [ -6.8636569, 33.994536 ], [ -6.8645678, 33.9932246 ], [ -6.8648915, 33.9927903 ], [ -6.8650499, 33.9925888 ], [ -6.8652176, 33.9923829 ], [ -6.8653282, 33.9922508 ], [ -6.8654867, 33.9920906 ], [ -6.8656611, 33.9919285 ], [ -6.8658692, 33.9917203 ] ], [ [ -6.8658692, 33.9917203 ], [ -6.8661121, 33.9914867 ] ], [ [ -6.8661121, 33.9914867 ], [ -6.8663106, 33.9912647 ], [ -6.8663612, 33.991188 ], [ -6.8663951, 33.9911397 ], [ -6.8664606, 33.9909871 ], [ -6.8664688, 33.9909679 ] ], [ [ -6.8664688, 33.9909679 ], [ -6.8665773, 33.9907396 ], [ -6.866642, 33.9906062 ], [ -6.8667018, 33.9904894 ], [ -6.8668046, 33.9903008 ], [ -6.8669577, 33.9900435 ], [ -6.8670847, 33.9898479 ], [ -6.8671429, 33.9897629 ], [ -6.86732, 33.9895248 ] ], [ [ -6.86732, 33.9895248 ], [ -6.8675786, 33.9892034 ], [ -6.8676975, 33.9890474 ], [ -6.8677948, 33.9889196 ], [ -6.8680986, 33.9885109 ], [ -6.8682361, 33.9883147 ], [ -6.8684138, 33.9880762 ], [ -6.8685823, 33.9878444 ], [ -6.8690139, 33.9872627 ], [ -6.8693329, 33.9868298 ], [ -6.869549, 33.9865466 ], [ -6.8696831, 33.9863576 ], [ -6.8699071, 33.9860551 ], [ -6.8702839, 33.9855525 ], [ -6.8709666, 33.984634 ], [ -6.8715473, 33.9838388 ], [ -6.8718314, 33.9834631 ], [ -6.8719885, 33.9832528 ], [ -6.8722236, 33.9829354 ], [ -6.8727935, 33.9821685 ], [ -6.8730695, 33.9817971 ], [ -6.8743023, 33.9801381 ], [ -6.8746583, 33.9796748 ], [ -6.8749963, 33.9792171 ], [ -6.8752712, 33.9788715 ], [ -6.8754015, 33.978701 ], [ -6.8755027, 33.9785544 ], [ -6.8769634, 33.9768065 ], [ -6.8770834, 33.9766722 ] ], [ [ -6.8770834, 33.9766722 ], [ -6.8773202, 33.9763735 ], [ -6.8773424, 33.976346 ] ], [ [ -6.8773424, 33.976346 ], [ -6.8774401, 33.9762266 ] ], [ [ -6.8774401, 33.9762266 ], [ -6.8781096, 33.9753776 ], [ -6.8784053, 33.9750026 ], [ -6.8786574, 33.9746888 ], [ -6.8786937, 33.9746436 ], [ -6.8788532, 33.9744451 ] ], [ [ -6.8788532, 33.9744451 ], [ -6.8791848, 33.9740079 ], [ -6.879386, 33.9737415 ], [ -6.8797635, 33.9732916 ], [ -6.8799915, 33.9730119 ], [ -6.8804596, 33.9724464 ], [ -6.8807593, 33.9721038 ], [ -6.8809678, 33.9718552 ], [ -6.8811429, 33.9716245 ], [ -6.8813769, 33.9713303 ], [ -6.8815029, 33.9711857 ], [ -6.8816679, 33.9709955 ] ], [ [ -6.8816679, 33.9709955 ], [ -6.881863, 33.9707508 ], [ -6.8821943, 33.9703388 ], [ -6.8824793, 33.9700296 ], [ -6.8827079, 33.9697643 ], [ -6.8828548, 33.969593 ], [ -6.8830194, 33.9694306 ] ], [ [ -6.8830194, 33.9694306 ], [ -6.88325, 33.9692132 ], [ -6.8835826, 33.9689268 ], [ -6.8838341, 33.9687505 ], [ -6.884095, 33.9685786 ], [ -6.8844276, 33.9683584 ], [ -6.8847044, 33.968196 ], [ -6.8849915, 33.9680298 ], [ -6.8853066, 33.967864 ], [ -6.8855903, 33.9677283 ], [ -6.8857352, 33.9676749 ], [ -6.8858256, 33.9676571 ], [ -6.8858478, 33.9676527 ], [ -6.8860437, 33.9676548 ] ], [ [ -6.8860437, 33.9676548 ], [ -6.8861521, 33.9676514 ], [ -6.886253, 33.9676183 ], [ -6.8863349, 33.9675593 ], [ -6.8863885, 33.967481 ], [ -6.8864077, 33.9673925 ], [ -6.8863904, 33.9673037 ], [ -6.8863385, 33.9672247 ], [ -6.8862579, 33.9671645 ], [ -6.8861967, 33.9671433 ] ], [ [ -6.8861967, 33.9671433 ], [ -6.8861519, 33.9671306 ], [ -6.8861098, 33.9671248 ], [ -6.8860494, 33.9671249 ] ], [ [ -6.8860494, 33.9671249 ], [ -6.8858854, 33.9671076 ], [ -6.8857767, 33.9670721 ], [ -6.8856681, 33.967012 ], [ -6.8856153, 33.966986 ], [ -6.8854693, 33.9668842 ], [ -6.8850972, 33.9666249 ], [ -6.8842267, 33.9660206 ], [ -6.884084, 33.9659215 ], [ -6.8840227, 33.965869 ], [ -6.8839617, 33.9658151 ], [ -6.883906, 33.9657574 ], [ -6.8838559, 33.9656962 ], [ -6.8838054, 33.9656216 ], [ -6.8837633, 33.9655434 ], [ -6.88373, 33.9654624 ], [ -6.8837057, 33.9653792 ], [ -6.8836914, 33.965328 ], [ -6.883682, 33.965276 ], [ -6.8836775, 33.9652235 ], [ -6.8836798, 33.9651475 ], [ -6.8836923, 33.9650723 ], [ -6.8837325, 33.9649755 ], [ -6.8841339, 33.964314 ], [ -6.8843854, 33.9637983 ], [ -6.8844685, 33.9636354 ] ], [ [ -6.8844685, 33.9636354 ], [ -6.8846219, 33.9633397 ], [ -6.8848878, 33.9628275 ], [ -6.8854253, 33.9618395 ], [ -6.8854532, 33.9617882 ], [ -6.8856315, 33.9614239 ], [ -6.8862975, 33.9601605 ], [ -6.8863784, 33.9600061 ], [ -6.8865983, 33.959599 ], [ -6.8866599, 33.9594832 ], [ -6.8867799, 33.9592697 ], [ -6.8869033, 33.9590661 ], [ -6.8869921, 33.9589362 ], [ -6.8870572, 33.9588476 ], [ -6.8876311, 33.9581429 ], [ -6.888049, 33.9576487 ], [ -6.8882936, 33.9573868 ], [ -6.888587, 33.9570314 ], [ -6.8886541, 33.9569399 ], [ -6.889101, 33.9564088 ], [ -6.8897439, 33.9556838 ], [ -6.8900202, 33.9553796 ], [ -6.8901518, 33.9552249 ], [ -6.890301, 33.9550799 ], [ -6.890435, 33.9549616 ], [ -6.8905213, 33.9549058 ], [ -6.8906334, 33.9548489 ], [ -6.8906858, 33.9548211 ], [ -6.8907146, 33.954799 ], [ -6.8907341, 33.9547758 ], [ -6.8907477, 33.95475 ], [ -6.8907551, 33.9547225 ], [ -6.8907558, 33.9546943 ], [ -6.8907536, 33.9546777 ], [ -6.8907553, 33.9546058 ], [ -6.8907635, 33.9545561 ], [ -6.890783, 33.9545099 ], [ -6.8908139, 33.9544416 ], [ -6.8918347, 33.9531811 ], [ -6.8932899, 33.9514246 ], [ -6.8948594, 33.949593 ], [ -6.8962556, 33.9479665 ], [ -6.8964744, 33.9476866 ], [ -6.8970524, 33.9470414 ], [ -6.8975922, 33.9463649 ], [ -6.8976914, 33.9462531 ], [ -6.8977853, 33.9461447 ], [ -6.8978316, 33.9460957 ], [ -6.8979375, 33.9459778 ], [ -6.8981574, 33.9457697 ], [ -6.8983827, 33.9455989 ], [ -6.8987474, 33.9453201 ], [ -6.8995082, 33.9448212 ], [ -6.899879, 33.9445777 ], [ -6.9001094, 33.9443415 ], [ -6.9002577, 33.9441601 ], [ -6.9003615, 33.9439453 ] ], [ [ -6.9003615, 33.9439453 ], [ -6.9004162, 33.9438169 ], [ -6.9004296, 33.9437527 ], [ -6.9004356, 33.9437199 ], [ -6.900441, 33.9436729 ], [ -6.9004487, 33.9435897 ], [ -6.9004548, 33.9435279 ], [ -6.9004584, 33.9434631 ], [ -6.9004588, 33.9434467 ], [ -6.9004582, 33.9433207 ] ], [ [ -6.9004582, 33.9433207 ], [ -6.9004501, 33.9430491 ] ], [ [ -6.9004501, 33.9430491 ], [ -6.9004468, 33.9429259 ], [ -6.9004454, 33.9428582 ], [ -6.9004548, 33.9427145 ], [ -6.9004796, 33.9425878 ], [ -6.9005205, 33.9424871 ], [ -6.9005647, 33.9423864 ], [ -6.9006264, 33.9422885 ], [ -6.900723, 33.9421604 ], [ -6.9007766, 33.9421105 ], [ -6.9009148, 33.9419987 ], [ -6.9010576, 33.9418975 ], [ -6.9012185, 33.9417968 ], [ -6.9013858, 33.9416958 ], [ -6.9014861, 33.9416349 ], [ -6.9017355, 33.9414914 ], [ -6.9019104, 33.94139 ], [ -6.9020255, 33.9413067 ] ], [ [ -6.9020255, 33.9413067 ], [ -6.9020897, 33.9413055 ], [ -6.9021507, 33.9412889 ], [ -6.9022031, 33.9412581 ], [ -6.9022424, 33.9412158 ], [ -6.902265, 33.9411659 ] ], [ [ -6.902265, 33.9411659 ], [ -6.9024409, 33.941063 ], [ -6.9025938, 33.9409607 ], [ -6.9028808, 33.9408093 ], [ -6.9032085, 33.9405854 ] ], [ [ -6.9096341, 33.9351747 ], [ -6.9091465, 33.9356951 ], [ -6.9086114, 33.9362637 ], [ -6.9082345, 33.9365997 ], [ -6.90758, 33.937116 ], [ -6.9065984, 33.9379071 ], [ -6.9049381, 33.9392055 ], [ -6.9036915, 33.9402308 ], [ -6.9034535, 33.9404227 ], [ -6.9032875, 33.9405329 ], [ -6.9032085, 33.9405854 ] ], [ [ -6.9103317, 33.934141 ], [ -6.9102809, 33.9341158 ], [ -6.9102228, 33.9341061 ], [ -6.9101642, 33.9341129 ], [ -6.9101249, 33.9341279 ] ], [ [ -6.9101249, 33.9341279 ], [ -6.9099039, 33.9340557 ], [ -6.9098186, 33.9340394 ], [ -6.9097321, 33.9340287 ] ], [ [ -6.9021835, 33.929464 ], [ -6.9022961, 33.9295241 ], [ -6.9025268, 33.9296676 ], [ -6.9027936, 33.9298662 ], [ -6.9028915, 33.9299391 ], [ -6.9030511, 33.9300532 ], [ -6.9034059, 33.9303152 ], [ -6.9038244, 33.9306384 ], [ -6.9038758, 33.9306843 ], [ -6.9039027, 33.9307024 ], [ -6.9040372, 33.9308002 ], [ -6.9042538, 33.9309898 ], [ -6.9043721, 33.9310932 ], [ -6.9047316, 33.931363 ], [ -6.9052605, 33.9317669 ], [ -6.9055645, 33.9320036 ], [ -6.9059161, 33.9322766 ], [ -6.9061531, 33.9324506 ], [ -6.9062769, 33.9325377 ], [ -6.9063489, 33.9325785 ], [ -6.9068198, 33.9328101 ], [ -6.9074013, 33.9330703 ], [ -6.9076115, 33.9331679 ], [ -6.9081739, 33.9333963 ], [ -6.9087911, 33.9336214 ], [ -6.9089594, 33.9336838 ], [ -6.9093632, 33.9338618 ], [ -6.9095128, 33.9339272 ], [ -6.9097136, 33.9340202 ], [ -6.9097321, 33.9340287 ] ], [ [ -6.9021835, 33.929464 ], [ -6.9019179, 33.9292459 ], [ -6.9017744, 33.9291524 ], [ -6.901633, 33.9290667 ] ], [ [ -6.901633, 33.9290667 ], [ -6.9016332, 33.9290242 ] ], [ [ -6.9016332, 33.9290242 ], [ -6.9016931, 33.9290023 ], [ -6.9017507, 33.9289807 ], [ -6.9018144, 33.9289505 ], [ -6.9018913, 33.9289142 ], [ -6.9019832, 33.9288705 ], [ -6.9021107, 33.9288189 ], [ -6.902763, 33.9285672 ], [ -6.9032474, 33.9283862 ], [ -6.9038826, 33.9281438 ], [ -6.9047262, 33.9278212 ], [ -6.9053623, 33.9275802 ], [ -6.9060768, 33.9273115 ], [ -6.9062478, 33.9272455 ], [ -6.9064258, 33.9271709 ] ], [ [ -6.9064258, 33.9271709 ], [ -6.9064546, 33.9271676 ], [ -6.9064818, 33.9271589 ] ], [ [ -6.9064818, 33.9271589 ], [ -6.9066835, 33.9272423 ] ], [ [ -6.9078816, 33.9281946 ], [ -6.9077878, 33.9281121 ], [ -6.907575, 33.9279247 ], [ -6.9075331, 33.9278916 ], [ -6.9072086, 33.9276301 ], [ -6.9070101, 33.9274799 ], [ -6.906823, 33.9273411 ], [ -6.9066835, 33.9272423 ] ], [ [ -6.9078816, 33.9281946 ], [ -6.9079197, 33.9282627 ], [ -6.9079322, 33.9283051 ] ], [ [ -6.9079322, 33.9283051 ], [ -6.9079263, 33.9283308 ], [ -6.9079346, 33.9283788 ], [ -6.9079662, 33.9284196 ], [ -6.9080154, 33.9284458 ], [ -6.9080732, 33.9284525 ], [ -6.9081304, 33.9284382 ], [ -6.9081576, 33.9284215 ], [ -6.9081791, 33.9283997 ], [ -6.9081935, 33.9283742 ], [ -6.9082023, 33.9283428 ], [ -6.9081998, 33.9283189 ], [ -6.9081911, 33.9282983 ] ], [ [ -6.9081911, 33.9282983 ], [ -6.9082146, 33.9282584 ], [ -6.9082454, 33.928211 ], [ -6.9082709, 33.9281537 ] ], [ [ -6.9128951, 33.9240343 ], [ -6.91206, 33.9247808 ], [ -6.9116116, 33.9251845 ], [ -6.9110971, 33.9256476 ], [ -6.9109928, 33.9257411 ], [ -6.9105699, 33.9261238 ], [ -6.9100926, 33.9265513 ], [ -6.9094606, 33.9271286 ], [ -6.9082709, 33.9281537 ] ], [ [ -6.9128951, 33.9240343 ], [ -6.9130958, 33.9238917 ], [ -6.9132001, 33.9238277 ], [ -6.9134205, 33.9237144 ] ], [ [ -6.9134205, 33.9237144 ], [ -6.9134695, 33.9237128 ], [ -6.9135164, 33.9237012 ] ], [ [ -6.9135164, 33.9237012 ], [ -6.9135581, 33.9236803 ], [ -6.9135923, 33.9236515 ], [ -6.9136168, 33.9236165 ], [ -6.9136301, 33.9235776 ], [ -6.9136313, 33.9235372 ] ], [ [ -6.9136313, 33.9235372 ], [ -6.9136205, 33.923498 ], [ -6.9135983, 33.9234623 ] ], [ [ -6.9135983, 33.9234623 ], [ -6.9137696, 33.923259 ], [ -6.9138577, 33.9231401 ] ], [ [ -6.9243908, 33.913381 ], [ -6.9240394, 33.9137015 ], [ -6.9238566, 33.9138667 ], [ -6.923676, 33.9140299 ], [ -6.9234218, 33.9142652 ], [ -6.9230209, 33.9146303 ], [ -6.9225875, 33.9150404 ], [ -6.921882, 33.9156963 ], [ -6.9214604, 33.9160908 ], [ -6.9211818, 33.9163696 ], [ -6.9208805, 33.9166582 ], [ -6.9207777, 33.9167527 ], [ -6.9204801, 33.9170264 ], [ -6.9204192, 33.9170798 ], [ -6.9203156, 33.9171701 ], [ -6.9202355, 33.9172427 ], [ -6.9201179, 33.9173485 ], [ -6.9194248, 33.9179566 ], [ -6.9190342, 33.9183337 ], [ -6.9182271, 33.9190714 ], [ -6.9176014, 33.9196504 ], [ -6.917251, 33.9199966 ], [ -6.9168834, 33.9203185 ], [ -6.9168449, 33.9203554 ], [ -6.9161553, 33.9209915 ], [ -6.9158235, 33.9212948 ], [ -6.9153668, 33.9217291 ], [ -6.9148045, 33.9222536 ], [ -6.9146314, 33.9224191 ], [ -6.9144025, 33.9226275 ], [ -6.9141293, 33.9228863 ], [ -6.9138577, 33.9231401 ] ], [ [ -6.9243908, 33.913381 ], [ -6.9245785, 33.9133003 ], [ -6.9246301, 33.913288 ], [ -6.9246744, 33.9132775 ], [ -6.9247817, 33.9132586 ], [ -6.9248897, 33.913243 ], [ -6.9250473, 33.913223 ] ], [ [ -6.9274003, 33.9149699 ], [ -6.9273705, 33.9149515 ], [ -6.9271273, 33.9147666 ], [ -6.9268987, 33.9146008 ], [ -6.9267754, 33.9145089 ], [ -6.9266807, 33.9144383 ], [ -6.9263294, 33.9141701 ], [ -6.9260611, 33.9139798 ], [ -6.9257788, 33.9137661 ], [ -6.9256877, 33.9136972 ], [ -6.925455, 33.9135212 ], [ -6.9250473, 33.913223 ] ], [ [ -6.9277468, 33.9151481 ], [ -6.9274003, 33.9149699 ] ], [ [ -6.9278137, 33.9151383 ], [ -6.9277795, 33.9151397 ], [ -6.9277468, 33.9151481 ] ], [ [ -6.9279371, 33.9152254 ], [ -6.9279206, 33.9151923 ], [ -6.9278925, 33.9151651 ], [ -6.927863, 33.9151506 ], [ -6.9278137, 33.9151383 ] ], [ [ -6.9277672, 33.9153618 ], [ -6.9278023, 33.9153659 ], [ -6.9278374, 33.9153623 ], [ -6.9278829, 33.9153449 ], [ -6.9279178, 33.915315 ], [ -6.9279375, 33.9152768 ], [ -6.9279408, 33.9152511 ], [ -6.9279371, 33.9152254 ] ], [ [ -6.9274505, 33.9155759 ], [ -6.9277672, 33.9153618 ] ], [ [ -6.9274505, 33.9155759 ], [ -6.9268869, 33.9161079 ], [ -6.9265886, 33.9163895 ], [ -6.9264306, 33.9165387 ], [ -6.9263313, 33.9166324 ], [ -6.9259258, 33.9170171 ], [ -6.9256502, 33.9172786 ], [ -6.9247698, 33.9180941 ] ], [ [ -6.9267331, 33.9196766 ], [ -6.9266947, 33.9196435 ], [ -6.926595, 33.9195686 ], [ -6.9262528, 33.9193114 ], [ -6.9255735, 33.9187621 ], [ -6.9252117, 33.9184695 ], [ -6.9250594, 33.9183401 ], [ -6.9247698, 33.9180941 ] ], [ [ -6.9283544, 33.9209616 ], [ -6.9267331, 33.9196766 ] ], [ [ -6.9330627, 33.9250792 ], [ -6.932872, 33.9249323 ], [ -6.9325853, 33.9246893 ], [ -6.9320811, 33.9242475 ], [ -6.9318326, 33.9240469 ], [ -6.9315286, 33.9237836 ], [ -6.9314689, 33.9237323 ], [ -6.9312298, 33.9235338 ], [ -6.9309087, 33.9232538 ], [ -6.9302769, 33.9226904 ], [ -6.9301281, 33.922556 ], [ -6.9295658, 33.9220482 ], [ -6.9295408, 33.9220257 ], [ -6.9287473, 33.9213155 ], [ -6.9286732, 33.9212492 ], [ -6.9283544, 33.9209616 ] ], [ [ -6.9283062, 33.9305329 ], [ -6.9284596, 33.9301037 ], [ -6.9286099, 33.9297655 ], [ -6.9287561, 33.9295185 ], [ -6.9288889, 33.9293004 ], [ -6.9289908, 33.9291535 ], [ -6.9291061, 33.9289821 ], [ -6.9292443, 33.9287863 ], [ -6.9293824, 33.928596 ], [ -6.929715, 33.9281465 ], [ -6.9297901, 33.9280497 ], [ -6.9299242, 33.9278427 ], [ -6.9301334, 33.9275968 ], [ -6.9302112, 33.9274888 ], [ -6.9304593, 33.9271906 ], [ -6.9306589, 33.9269755 ], [ -6.930862, 33.9267382 ], [ -6.9310561, 33.9265352 ], [ -6.9310993, 33.9264928 ], [ -6.9311848, 33.9264005 ], [ -6.9313069, 33.9262826 ], [ -6.9314128, 33.9261802 ], [ -6.9315188, 33.9260889 ], [ -6.9315805, 33.9260355 ], [ -6.931681, 33.9259509 ], [ -6.9318125, 33.9258486 ], [ -6.9319383, 33.9257624 ], [ -6.9320324, 33.9257006 ], [ -6.9321357, 33.9256327 ], [ -6.9323254, 33.9255114 ], [ -6.9324065, 33.9254572 ], [ -6.9325083, 33.9253942 ], [ -6.9328572, 33.9251624 ], [ -6.9330627, 33.9250792 ] ], [ [ -6.9282825, 33.93059 ], [ -6.9283062, 33.9305329 ] ], [ [ -6.9282825, 33.93059 ], [ -6.9285589, 33.9306613 ], [ -6.9291423, 33.9308048 ], [ -6.9293791, 33.9308594 ] ], [ [ -6.9293791, 33.9308594 ], [ -6.9293777, 33.9308753 ], [ -6.9293796, 33.9308912 ], [ -6.9293853, 33.930908 ], [ -6.9293945, 33.9309236 ], [ -6.9294071, 33.9309375 ], [ -6.9294226, 33.9309493 ], [ -6.9294404, 33.9309586 ], [ -6.9294599, 33.9309649 ], [ -6.9294805, 33.9309682 ], [ -6.9295015, 33.9309683 ], [ -6.9295191, 33.9309659 ], [ -6.9295361, 33.9309612 ], [ -6.929552, 33.9309543 ], [ -6.9295664, 33.9309454 ], [ -6.929579, 33.9309348 ] ], [ [ -6.929579, 33.9309348 ], [ -6.9297981, 33.9309812 ], [ -6.9307532, 33.9312336 ], [ -6.9308278, 33.9312533 ], [ -6.9309746, 33.9312915 ], [ -6.9323905, 33.9316594 ], [ -6.932943, 33.9318141 ], [ -6.9333842, 33.9319376 ], [ -6.9342613, 33.9321601 ] ], [ [ -6.9342613, 33.9321601 ], [ -6.9344704, 33.9322059 ], [ -6.9345497, 33.9322233 ] ], [ [ -6.9345497, 33.9322233 ], [ -6.934744, 33.9322676 ], [ -6.9348863, 33.9323014 ], [ -6.9350751, 33.9323516 ], [ -6.9352618, 33.9324071 ], [ -6.9364138, 33.9327387 ] ], [ [ -6.9364138, 33.9327387 ], [ -6.9373995, 33.9330436 ] ], [ [ -6.9373995, 33.9330436 ], [ -6.9380902, 33.9332561 ], [ -6.9382347, 33.9332983 ], [ -6.9385681, 33.9333956 ] ], [ [ -6.9385681, 33.9333956 ], [ -6.9385789, 33.9334218 ], [ -6.9385969, 33.9334453 ], [ -6.9386362, 33.9334729 ], [ -6.9386848, 33.933487 ], [ -6.9387291, 33.9334869 ], [ -6.9387711, 33.9334754 ], [ -6.9388068, 33.9334537 ] ], [ [ -6.9388068, 33.9334537 ], [ -6.9389324, 33.9334586 ], [ -6.9390651, 33.9334701 ], [ -6.9391966, 33.9334887 ], [ -6.9394914, 33.933545 ], [ -6.939784, 33.9336089 ], [ -6.9400324, 33.9336695 ], [ -6.9403344, 33.9337506 ], [ -6.9405118, 33.9337979 ], [ -6.9417031, 33.9341162 ], [ -6.9419791, 33.9341883 ], [ -6.9421084, 33.9342221 ], [ -6.9428265, 33.9344094 ], [ -6.9428763, 33.9344223 ], [ -6.943265, 33.9345222 ], [ -6.9434049, 33.9345595 ], [ -6.9434665, 33.9345754 ], [ -6.9436437, 33.9346214 ], [ -6.9437439, 33.9346455 ], [ -6.9438542, 33.9346704 ], [ -6.9439426, 33.9346884 ] ], [ [ -6.9439426, 33.9346884 ], [ -6.9439369, 33.9347127 ], [ -6.9439356, 33.9347405 ], [ -6.9439374, 33.9347683 ], [ -6.9439473, 33.9347953 ], [ -6.9439621, 33.9348208 ], [ -6.9439816, 33.9348439 ], [ -6.9440146, 33.9348707 ], [ -6.9440536, 33.934891 ], [ -6.944097, 33.934904 ], [ -6.9441357, 33.9349085 ], [ -6.9441746, 33.9349047 ], [ -6.944211, 33.9348929 ], [ -6.9442383, 33.934877 ], [ -6.9442608, 33.9348566 ], [ -6.9442775, 33.9348325 ], [ -6.9442874, 33.9348061 ] ], [ [ -6.9442874, 33.9348061 ], [ -6.9443777, 33.9347455 ], [ -6.9446093, 33.9346014 ], [ -6.9448279, 33.9344559 ], [ -6.9450492, 33.9343132 ], [ -6.9452957, 33.9341595 ], [ -6.9455454, 33.9340094 ], [ -6.9457331, 33.933887 ], [ -6.9458941, 33.9337669 ], [ -6.9459439, 33.9337302 ], [ -6.9459866, 33.9336879 ], [ -6.9460277, 33.9336432 ], [ -6.9460522, 33.9335758 ] ], [ [ -6.9460522, 33.9335758 ], [ -6.9461573, 33.933512 ], [ -6.9462401, 33.9334664 ], [ -6.9463455, 33.9334041 ], [ -6.9464479, 33.9333385 ], [ -6.9470501, 33.9329624 ], [ -6.9477046, 33.9325473 ], [ -6.9480863, 33.9323005 ], [ -6.9487265, 33.9318866 ], [ -6.9492015, 33.9315943 ], [ -6.9492983, 33.9315431 ], [ -6.9494547, 33.9314636 ], [ -6.9496628, 33.9313625 ], [ -6.9498906, 33.9312577 ], [ -6.9505048, 33.931004 ], [ -6.9508253, 33.930866 ], [ -6.9508822, 33.9308378 ], [ -6.9511163, 33.9307325 ], [ -6.951314, 33.9306337 ], [ -6.9515079, 33.93053 ], [ -6.951739, 33.9304048 ], [ -6.9519907, 33.9302685 ], [ -6.9524588, 33.9300292 ], [ -6.9525449, 33.9299887 ], [ -6.9526345, 33.9299536 ], [ -6.9527417, 33.9299199 ] ], [ [ -6.9527417, 33.9299199 ], [ -6.9527594, 33.9299334 ], [ -6.9527936, 33.9299419 ], [ -6.9528364, 33.9299462 ], [ -6.952877, 33.9299383 ], [ -6.9529193, 33.9299207 ], [ -6.9529403, 33.9299035 ], [ -6.9529529, 33.9298932 ], [ -6.9529745, 33.9298583 ], [ -6.9529822, 33.9298196 ], [ -6.9529751, 33.9297809 ] ], [ [ -6.9529751, 33.9297809 ], [ -6.9531604, 33.929628 ], [ -6.9532549, 33.9295553 ], [ -6.9540442, 33.9290131 ], [ -6.9543019, 33.9288326 ], [ -6.9550549, 33.9283 ], [ -6.9554356, 33.9280399 ], [ -6.9561605, 33.9275446 ], [ -6.9570879, 33.926882 ], [ -6.9575458, 33.9265587 ], [ -6.9584676, 33.9259244 ], [ -6.9585685, 33.9258518 ] ], [ [ -6.9098445, 33.9349486 ], [ -6.9096341, 33.9351747 ] ], [ [ -6.9101317, 33.9343796 ], [ -6.910104, 33.9345046 ], [ -6.9099645, 33.9347204 ], [ -6.9098988, 33.9348295 ], [ -6.9098445, 33.9349486 ] ], [ [ -6.9098445, 33.9349486 ], [ -6.9100115, 33.9347883 ], [ -6.9101724, 33.9345991 ], [ -6.9103095, 33.9343766 ] ], [ [ -6.9101818, 33.9343951 ], [ -6.9102478, 33.9343959 ], [ -6.9103095, 33.9343766 ], [ -6.9103583, 33.9343397 ], [ -6.9103873, 33.9342906 ], [ -6.9103925, 33.934236 ], [ -6.910373, 33.9341837 ], [ -6.9103317, 33.934141 ] ], [ [ -6.9101249, 33.9341279 ], [ -6.910095, 33.9341472 ], [ -6.9100708, 33.9341714 ], [ -6.9100534, 33.9341993 ], [ -6.9100436, 33.9342297 ], [ -6.9100419, 33.9342611 ] ], [ [ -6.9100419, 33.9342611 ], [ -6.9100434, 33.9342734 ], [ -6.9100591, 33.9343158 ], [ -6.9100895, 33.9343523 ], [ -6.9101317, 33.9343796 ], [ -6.9101818, 33.9343951 ] ], [ [ -6.9097321, 33.9340287 ], [ -6.9097862, 33.9340886 ], [ -6.9098494, 33.9341419 ], [ -6.9100419, 33.9342611 ] ] ] } },
{ "type": "Feature", "properties": { "from_ar": "T1", "name": "Tram1: Hay Karima → Madinat Al Irfane", "network": "Tram" }, "geometry": { "type": "MultiLineString", "coordinates": [ [ [ -6.7942094, 34.0543856 ], [ -6.794467, 34.0541743 ], [ -6.7947778, 34.0539067 ], [ -6.7950489, 34.0536678 ], [ -6.7954331, 34.0533263 ], [ -6.7954719, 34.0532917 ], [ -6.7955263, 34.0532434 ], [ -6.7956296, 34.0531514 ], [ -6.7958831, 34.0529256 ], [ -6.7959099, 34.0528989 ], [ -6.7960595, 34.0527497 ], [ -6.7961996, 34.05261 ], [ -6.796331, 34.0524389 ], [ -6.7966529, 34.0519834 ], [ -6.7969533, 34.0515545 ], [ -6.7972133, 34.0512876 ], [ -6.7973046, 34.0512001 ], [ -6.7973859, 34.0511128 ], [ -6.7974951, 34.0510118 ], [ -6.7975943, 34.0509255 ], [ -6.7985321, 34.0500319 ], [ -6.7986264, 34.0499422 ], [ -6.7987227, 34.049849 ], [ -6.799547, 34.0490143 ], [ -6.7997755, 34.0487851 ], [ -6.8003999, 34.0481587 ], [ -6.8006638, 34.0478963 ], [ -6.8009612, 34.0476004 ], [ -6.8012129, 34.0473606 ], [ -6.8014246, 34.0471588 ], [ -6.8015157, 34.047072 ], [ -6.8018617, 34.0468475 ], [ -6.8019695, 34.0467936 ], [ -6.8021276, 34.0467145 ], [ -6.8023555, 34.0466388 ], [ -6.8025424, 34.0465913 ], [ -6.8026101, 34.0465741 ], [ -6.8031714, 34.0464917 ], [ -6.8033793, 34.0464605 ], [ -6.8035327, 34.0464386 ], [ -6.8036447, 34.0464215 ], [ -6.8037252, 34.0464094 ], [ -6.8042516, 34.0463297 ], [ -6.8045573, 34.0462363 ], [ -6.8060921, 34.0457431 ], [ -6.806231, 34.0456985 ], [ -6.8068266, 34.0454963 ], [ -6.8069794, 34.0454362 ], [ -6.807253, 34.0453096 ], [ -6.8072984, 34.0452848 ], [ -6.8073913, 34.0452341 ], [ -6.8075916, 34.0451108 ], [ -6.8076625, 34.0450668 ], [ -6.8077116, 34.0450362 ], [ -6.8090608, 34.0442161 ], [ -6.8094282, 34.0440227 ], [ -6.8098601, 34.0438294 ], [ -6.8114264, 34.0431871 ], [ -6.8116509, 34.0431006 ], [ -6.8117436, 34.0430669 ], [ -6.8119372, 34.0429792 ], [ -6.8119957, 34.042959 ], [ -6.812068, 34.0429236 ], [ -6.8123948, 34.0427581 ], [ -6.8131136, 34.0423914 ] ], [ [ -6.8131136, 34.0423914 ], [ -6.8136742, 34.0420691 ] ], [ [ -6.8136742, 34.0420691 ], [ -6.8140443, 34.0418536 ], [ -6.8142991, 34.0416869 ], [ -6.8151151, 34.041135 ], [ -6.8154726, 34.0408912 ], [ -6.815759, 34.040674 ], [ -6.815827, 34.0406347 ], [ -6.8158977, 34.0405645 ], [ -6.8159943, 34.0404556 ], [ -6.8160104, 34.0403778 ], [ -6.8160204, 34.0403271 ], [ -6.8160019, 34.040243 ], [ -6.8159541, 34.0400688 ], [ -6.8158575, 34.0396999 ], [ -6.8158468, 34.0393487 ], [ -6.8158682, 34.0390553 ], [ -6.8159085, 34.0388219 ], [ -6.8159728, 34.0386441 ], [ -6.8161588, 34.0382735 ], [ -6.8163239, 34.0379448 ], [ -6.8165072, 34.0376305 ], [ -6.8165338, 34.0375848 ], [ -6.8165594, 34.0375402 ], [ -6.8166014, 34.0374721 ], [ -6.8166902, 34.0373879 ], [ -6.8168165, 34.0372978 ], [ -6.8171181, 34.0370549 ], [ -6.817432, 34.0367704 ], [ -6.817609, 34.0365304 ], [ -6.8177458, 34.0363059 ], [ -6.8177721, 34.0362471 ], [ -6.8178799, 34.036008 ], [ -6.8179361, 34.0358657 ], [ -6.8182452, 34.0350828 ] ], [ [ -6.8182452, 34.0350828 ], [ -6.8184678, 34.0345431 ], [ -6.8192324, 34.0326305 ], [ -6.8194219, 34.0321537 ], [ -6.8195676, 34.031833 ], [ -6.8196054, 34.0317496 ], [ -6.8196543, 34.0316167 ], [ -6.8196866, 34.0315423 ], [ -6.8200562, 34.03069 ], [ -6.8200797, 34.0306238 ], [ -6.8200911, 34.0305516 ], [ -6.8200897, 34.0304932 ], [ -6.8200767, 34.0304292 ] ], [ [ -6.8200767, 34.0304292 ], [ -6.8200523, 34.0303339 ], [ -6.8195588, 34.0291098 ], [ -6.8195465, 34.0290397 ], [ -6.8195423, 34.0289585 ], [ -6.8195525, 34.028837 ], [ -6.8198383, 34.0260347 ], [ -6.8198583, 34.0259449 ], [ -6.8198884, 34.0258545 ], [ -6.8199404, 34.0257214 ], [ -6.8199938, 34.0256212 ], [ -6.8200688, 34.0255051 ], [ -6.820143, 34.0254163 ], [ -6.8202222, 34.0253368 ], [ -6.8203282, 34.0252576 ], [ -6.8204795, 34.0251792 ], [ -6.8206221, 34.0251367 ], [ -6.8207852, 34.0251065 ], [ -6.8209304, 34.0251026 ], [ -6.8210916, 34.0251125 ], [ -6.8213084, 34.0251595 ], [ -6.8214376, 34.0251982 ] ], [ [ -6.8214376, 34.0251982 ], [ -6.8221365, 34.0254174 ] ], [ [ -6.8221365, 34.0254174 ], [ -6.823006, 34.0256879 ], [ -6.8238206, 34.0259441 ], [ -6.8249822, 34.0262941 ], [ -6.8250246, 34.0263049 ], [ -6.8250684, 34.0263113 ], [ -6.8251127, 34.0263131 ], [ -6.8251631, 34.0263096 ], [ -6.8252119, 34.0262998 ], [ -6.8252549, 34.0262868 ], [ -6.8252946, 34.0262687 ], [ -6.8253305, 34.0262457 ], [ -6.8253615, 34.0262183 ], [ -6.825387, 34.0261872 ], [ -6.8254063, 34.0261532 ], [ -6.8254193, 34.0261165 ], [ -6.8254002, 34.0258605 ], [ -6.8253891, 34.025708 ], [ -6.8253542, 34.0254155 ], [ -6.825348, 34.0253468 ], [ -6.8253452, 34.0253257 ], [ -6.8253185, 34.0251385 ], [ -6.8252216, 34.0244339 ], [ -6.8252129, 34.0243702 ], [ -6.8250824, 34.023362 ], [ -6.8250385, 34.0230183 ], [ -6.8250244, 34.0229076 ], [ -6.8250122, 34.0227602 ], [ -6.8249955, 34.0225583 ], [ -6.8249921, 34.0221236 ], [ -6.8250005, 34.0220004 ], [ -6.8250584, 34.021431 ], [ -6.8250759, 34.0213247 ], [ -6.825128, 34.0210618 ], [ -6.8251489, 34.0209523 ], [ -6.8251747, 34.0208175 ], [ -6.8252825, 34.0205344 ], [ -6.8254499, 34.0202421 ], [ -6.8255751, 34.0200742 ], [ -6.8258338, 34.0198633 ], [ -6.8259499, 34.0197773 ], [ -6.8260208, 34.0197309 ], [ -6.826087, 34.0196936 ], [ -6.8261929, 34.019632 ], [ -6.8266437, 34.0193649 ], [ -6.8269198, 34.0192011 ], [ -6.82729, 34.0189865 ], [ -6.8273964, 34.0189272 ], [ -6.8278898, 34.0186519 ], [ -6.8280019, 34.0185769 ], [ -6.8280839, 34.0185093 ], [ -6.8281329, 34.0184563 ], [ -6.8283906, 34.018153 ], [ -6.8284603, 34.0180627 ], [ -6.8284806, 34.0180372 ], [ -6.8285215, 34.0179939 ], [ -6.8285589, 34.0179658 ], [ -6.828597, 34.0179452 ], [ -6.8286401, 34.0179324 ], [ -6.8287263, 34.0179173 ], [ -6.8288093, 34.0179157 ], [ -6.8289205, 34.0179233 ], [ -6.8297273, 34.0180503 ], [ -6.8304228, 34.0181746 ], [ -6.8304622, 34.0181858 ], [ -6.8305303, 34.0182053 ], [ -6.8306366, 34.0182417 ], [ -6.8307061, 34.0182658 ] ], [ [ -6.8307061, 34.0182658 ], [ -6.8308614, 34.0182753 ], [ -6.8309324, 34.0182698 ], [ -6.8309975, 34.0182574 ], [ -6.8310607, 34.0182395 ], [ -6.8311219, 34.018216 ], [ -6.8311352, 34.0182098 ], [ -6.831452, 34.0180628 ], [ -6.8317592, 34.0179109 ], [ -6.8317832, 34.0178991 ], [ -6.8320862, 34.017754 ], [ -6.8325427, 34.0175572 ], [ -6.8339084, 34.0169686 ], [ -6.8339763, 34.0169393 ], [ -6.8341719, 34.0168553 ], [ -6.8348638, 34.0165707 ], [ -6.8349654, 34.0165289 ], [ -6.8353269, 34.0163729 ], [ -6.8354606, 34.0163051 ], [ -6.8357399, 34.016192 ], [ -6.8361553, 34.0160237 ], [ -6.8383346, 34.0151406 ], [ -6.8384816, 34.0150535 ], [ -6.8385374, 34.0149867 ], [ -6.8385811, 34.0148838 ], [ -6.8385459, 34.0144619 ], [ -6.8385606, 34.0142019 ], [ -6.8387034, 34.0137438 ], [ -6.8387275, 34.0134344 ], [ -6.8386564, 34.0130677 ], [ -6.8386134, 34.0128458 ], [ -6.8386083, 34.0126628 ], [ -6.8386185, 34.0126145 ], [ -6.838654, 34.012522 ], [ -6.8387382, 34.0123436 ], [ -6.8388653, 34.0121947 ], [ -6.8390867, 34.0120113 ], [ -6.8394036, 34.0117606 ], [ -6.8396397, 34.0115819 ], [ -6.840847, 34.0107899 ], [ -6.8414661, 34.0104287 ], [ -6.8417672, 34.0102371 ], [ -6.8420542, 34.0100181 ], [ -6.8421382, 34.0099538 ], [ -6.8421686, 34.009933 ], [ -6.8422013, 34.0099107 ], [ -6.8422908, 34.0098301 ], [ -6.842423, 34.009711 ], [ -6.8426359, 34.0095049 ], [ -6.8428075, 34.0093218 ], [ -6.8430008, 34.0090849 ], [ -6.8432121, 34.0087831 ], [ -6.8432513, 34.0087231 ], [ -6.8435565, 34.0083062 ], [ -6.8437795, 34.0077942 ], [ -6.8438858, 34.0073212 ], [ -6.8439065, 34.0070709 ], [ -6.8438803, 34.0067242 ], [ -6.8438178, 34.0063767 ], [ -6.8437362, 34.0061213 ], [ -6.8433395, 34.004999 ], [ -6.8431222, 34.0044523 ], [ -6.8430765, 34.0043331 ], [ -6.8430212, 34.0041891 ], [ -6.8429636, 34.0040055 ], [ -6.8429258, 34.0038273 ], [ -6.8429155, 34.0037662 ], [ -6.8429155, 34.0037252 ], [ -6.8429256, 34.0035693 ], [ -6.8430902, 34.0029401 ], [ -6.8431373, 34.0027638 ], [ -6.8431827, 34.002603 ], [ -6.843467, 34.0016096 ], [ -6.8435342, 34.0013536 ], [ -6.8438558, 34.0001149 ], [ -6.8439129, 33.9998945 ], [ -6.8439616, 33.9997079 ], [ -6.8440317, 33.9994309 ], [ -6.8440525, 33.9993112 ], [ -6.844084, 33.9992272 ], [ -6.8441217, 33.9991597 ], [ -6.8441673, 33.9990963 ], [ -6.8442249, 33.9990424 ], [ -6.8442887, 33.9989984 ], [ -6.8443698, 33.9989578 ], [ -6.8445591, 33.9988898 ], [ -6.8465651, 33.9982037 ], [ -6.8466574, 33.9981715 ], [ -6.8467925, 33.9981245 ], [ -6.8484853, 33.9975244 ], [ -6.848605, 33.9974819 ], [ -6.8487226, 33.9974403 ], [ -6.8492728, 33.9972452 ], [ -6.8498109, 33.9970501 ], [ -6.8498686, 33.9970312 ], [ -6.8499578, 33.9970019 ], [ -6.8509208, 33.9966789 ], [ -6.8511358, 33.9965879 ], [ -6.8512425, 33.9965104 ], [ -6.8512778, 33.9964681 ], [ -6.8513078, 33.9964336 ], [ -6.8513327, 33.9964006 ], [ -6.8513461, 33.9963778 ], [ -6.8514054, 33.9962684 ], [ -6.8516005, 33.9960037 ], [ -6.8516891, 33.9959074 ], [ -6.8521671, 33.9953837 ], [ -6.8523222, 33.9952137 ], [ -6.8526795, 33.994824 ], [ -6.8527758, 33.994719 ], [ -6.8538955, 33.9934763 ], [ -6.8540267, 33.9933472 ], [ -6.8541271, 33.9932365 ], [ -6.8548325, 33.9924588 ], [ -6.8549578, 33.9923212 ], [ -6.8566808, 33.9904282 ], [ -6.8567641, 33.9903288 ], [ -6.856794, 33.9902955 ], [ -6.8570278, 33.9900977 ], [ -6.8572673, 33.9899088 ], [ -6.8574027, 33.989815 ], [ -6.8577079, 33.9895104 ], [ -6.8579793, 33.9892397 ], [ -6.8582404, 33.9889671 ], [ -6.8595152, 33.9876367 ], [ -6.8596164, 33.987531 ], [ -6.8597218, 33.9874227 ], [ -6.8598304, 33.9873083 ], [ -6.8608058, 33.9862895 ], [ -6.860932, 33.9861577 ], [ -6.8612783, 33.9858112 ], [ -6.8613404, 33.9857449 ], [ -6.861743, 33.9853151 ], [ -6.8617797, 33.9852734 ], [ -6.8618672, 33.985183 ], [ -6.8627065, 33.9843128 ], [ -6.863782, 33.9831977 ], [ -6.8638402, 33.9831374 ], [ -6.8640368, 33.9829336 ], [ -6.8643068, 33.9826536 ], [ -6.8645654, 33.982387 ], [ -6.8645918, 33.9823599 ] ] ] } },
{ "type": "Feature", "properties": { "from_ar": "T2", "name": "Tram2: Hôpital Moulay Abdellah → Yacoub el Mansour", "network": "Tram" }, "geometry": { "type": "MultiLineString", "coordinates": [ [ [ -6.8400871, 34.0214844 ], [ -6.8405953, 34.0213573 ], [ -6.8407674, 34.0213151 ], [ -6.8411228, 34.0212105 ], [ -6.8417579, 34.0210338 ], [ -6.8423045, 34.0208789 ], [ -6.8424491, 34.0208406 ], [ -6.8429486, 34.0206916 ], [ -6.8448331, 34.0201809 ], [ -6.8448897, 34.0201653 ], [ -6.8460256, 34.0198581 ], [ -6.8461408, 34.0198269 ], [ -6.8469607, 34.0196048 ], [ -6.8492357, 34.0190011 ], [ -6.8494067, 34.0189873 ], [ -6.8497498, 34.0189608 ], [ -6.8498176, 34.0189398 ], [ -6.8500162, 34.0188127 ], [ -6.8506027, 34.0184777 ], [ -6.8508281, 34.018349 ], [ -6.851346, 34.0180996 ], [ -6.8527917, 34.0174151 ], [ -6.8528874, 34.0173698 ], [ -6.8536247, 34.0170553 ], [ -6.8540193, 34.0168634 ], [ -6.8542452, 34.0166972 ], [ -6.8544849, 34.0164382 ], [ -6.8545553, 34.0163401 ], [ -6.854696, 34.0161618 ], [ -6.854779, 34.0160735 ], [ -6.8549529, 34.0158812 ], [ -6.8550689, 34.0157393 ], [ -6.8552962, 34.0154608 ], [ -6.8564447, 34.0140652 ], [ -6.857006, 34.013383 ], [ -6.8581915, 34.0119517 ], [ -6.8584882, 34.0115934 ], [ -6.8588521, 34.0111835 ], [ -6.8591944, 34.010798 ], [ -6.8593458, 34.0106223 ], [ -6.859426, 34.0105292 ], [ -6.859549, 34.0103822 ], [ -6.8603884, 34.0093782 ], [ -6.8605942, 34.0091503 ], [ -6.8615372, 34.008106 ], [ -6.861914, 34.0076887 ], [ -6.8622413, 34.0073619 ], [ -6.8624907, 34.0071195 ], [ -6.8631952, 34.0064731 ], [ -6.8637432, 34.005956 ], [ -6.8638269, 34.005878 ], [ -6.8644704, 34.0051883 ], [ -6.864582, 34.0050686 ], [ -6.8649945, 34.004598 ], [ -6.8652095, 34.0043587 ], [ -6.86526, 34.0042899 ], [ -6.8654198, 34.0040654 ], [ -6.8656722, 34.0037107 ], [ -6.8661107, 34.0031125 ], [ -6.8665856, 34.002514 ], [ -6.8668659, 34.0021701 ], [ -6.866932, 34.002089 ], [ -6.8669811, 34.0020285 ], [ -6.8670765, 34.0019111 ], [ -6.8674338, 34.0014715 ], [ -6.8677797, 34.0010459 ], [ -6.8678955, 34.0008979 ], [ -6.8679726, 34.0007994 ], [ -6.8684411, 34.0002004 ], [ -6.8694157, 33.9989731 ], [ -6.8695873, 33.9987585 ], [ -6.8697234, 33.9985552 ], [ -6.869824, 33.9984352 ], [ -6.8702769, 33.9978947 ], [ -6.8705173, 33.9975796 ], [ -6.8706773, 33.9973823 ], [ -6.8711085, 33.9968577 ], [ -6.8711943, 33.9967393 ], [ -6.8712992, 33.9966261 ], [ -6.8713694, 33.9965294 ], [ -6.8715113, 33.9963312 ], [ -6.8716338, 33.9960982 ], [ -6.871753, 33.9957219 ], [ -6.8718708, 33.9953892 ], [ -6.8718971, 33.9953108 ], [ -6.8719244, 33.9951692 ], [ -6.8719459, 33.9950428 ], [ -6.8719603, 33.9949585 ], [ -6.8719766, 33.994815 ], [ -6.8719777, 33.9945672 ], [ -6.8719531, 33.9943639 ], [ -6.8719266, 33.9941455 ], [ -6.8719047, 33.9940129 ], [ -6.8718899, 33.9938721 ], [ -6.8717663, 33.9931603 ], [ -6.871729, 33.9928882 ], [ -6.8716703, 33.9924592 ], [ -6.8716333, 33.9922709 ], [ -6.8715872, 33.9920792 ], [ -6.8715676, 33.9919623 ], [ -6.8715445, 33.9918252 ], [ -6.8715472, 33.9917718 ], [ -6.8715737, 33.9917308 ], [ -6.8717603, 33.9914813 ], [ -6.8720342, 33.9911527 ] ], [ [ -6.8307061, 34.0182658 ], [ -6.8309228, 34.0183353 ], [ -6.830979, 34.0183544 ], [ -6.8310323, 34.0183787 ], [ -6.8310818, 34.0184078 ], [ -6.8311271, 34.0184414 ], [ -6.8311675, 34.018479 ], [ -6.8312025, 34.0185202 ], [ -6.8312526, 34.0185936 ], [ -6.8312557, 34.0185996 ], [ -6.8313603, 34.0188049 ], [ -6.8313928, 34.0188744 ], [ -6.8316543, 34.0194553 ], [ -6.8316851, 34.0195216 ], [ -6.831709, 34.0195898 ], [ -6.8317257, 34.0196595 ], [ -6.831735, 34.0197301 ], [ -6.8317371, 34.0198011 ], [ -6.8317319, 34.0199069 ], [ -6.8317162, 34.0201562 ], [ -6.8316791, 34.0213324 ], [ -6.8316336, 34.0219272 ], [ -6.8316268, 34.0219918 ], [ -6.8316266, 34.0220542 ], [ -6.8316322, 34.0221163 ], [ -6.8316436, 34.0221779 ], [ -6.8316585, 34.0222323 ], [ -6.831682, 34.0222888 ], [ -6.8317112, 34.0223435 ], [ -6.8317462, 34.0223958 ], [ -6.8317865, 34.0224453 ], [ -6.8323803, 34.0231625 ], [ -6.8324607, 34.0232664 ], [ -6.8328701, 34.023795 ], [ -6.8329229, 34.0238559 ], [ -6.8329479, 34.0238839 ], [ -6.8329726, 34.023905 ], [ -6.833007, 34.0239283 ], [ -6.8330432, 34.0239487 ], [ -6.8330685, 34.0239615 ], [ -6.8331087, 34.0239734 ], [ -6.8331475, 34.0239835 ], [ -6.833197, 34.0239893 ], [ -6.833261, 34.0239881 ], [ -6.8333413, 34.0239769 ], [ -6.8333916, 34.0239627 ], [ -6.8334325, 34.0239513 ], [ -6.8341781, 34.0236958 ], [ -6.8343151, 34.0236488 ], [ -6.8352832, 34.0233168 ], [ -6.8354213, 34.0232692 ], [ -6.8356362, 34.0231926 ], [ -6.8366844, 34.022828 ], [ -6.8370841, 34.0226899 ], [ -6.8376684, 34.0224884 ], [ -6.8377693, 34.0224507 ], [ -6.8378672, 34.0223973 ], [ -6.8379608, 34.0223291 ], [ -6.8380684, 34.0222528 ], [ -6.8381933, 34.0221638 ], [ -6.8382938, 34.0221044 ], [ -6.8384333, 34.0220461 ], [ -6.8389079, 34.0218833 ], [ -6.8393157, 34.0217408 ], [ -6.8394941, 34.0216785 ], [ -6.8396564, 34.0216235 ], [ -6.8397915, 34.0215777 ], [ -6.8400871, 34.0214844 ] ], [ [ -6.8221365, 34.0254174 ], [ -6.823006, 34.0256879 ], [ -6.8238206, 34.0259441 ], [ -6.8249822, 34.0262941 ], [ -6.8250246, 34.0263049 ], [ -6.8250684, 34.0263113 ], [ -6.8251127, 34.0263131 ], [ -6.8251631, 34.0263096 ], [ -6.8252119, 34.0262998 ], [ -6.8252549, 34.0262868 ], [ -6.8252946, 34.0262687 ], [ -6.8253305, 34.0262457 ], [ -6.8253615, 34.0262183 ], [ -6.825387, 34.0261872 ], [ -6.8254063, 34.0261532 ], [ -6.8254193, 34.0261165 ], [ -6.8254002, 34.0258605 ], [ -6.8253891, 34.025708 ], [ -6.8253542, 34.0254155 ], [ -6.825348, 34.0253468 ], [ -6.8253452, 34.0253257 ], [ -6.8253185, 34.0251385 ], [ -6.8252216, 34.0244339 ], [ -6.8252129, 34.0243702 ], [ -6.8250824, 34.023362 ], [ -6.8250385, 34.0230183 ], [ -6.8250244, 34.0229076 ], [ -6.8250122, 34.0227602 ], [ -6.8249955, 34.0225583 ], [ -6.8249921, 34.0221236 ], [ -6.8250005, 34.0220004 ], [ -6.8250584, 34.021431 ], [ -6.8250759, 34.0213247 ], [ -6.825128, 34.0210618 ], [ -6.8251489, 34.0209523 ], [ -6.8251747, 34.0208175 ], [ -6.8252825, 34.0205344 ], [ -6.8254499, 34.0202421 ], [ -6.8255751, 34.0200742 ], [ -6.8258338, 34.0198633 ], [ -6.8259499, 34.0197773 ], [ -6.8260208, 34.0197309 ], [ -6.826087, 34.0196936 ], [ -6.8261929, 34.019632 ], [ -6.8266437, 34.0193649 ], [ -6.8269198, 34.0192011 ], [ -6.82729, 34.0189865 ], [ -6.8273964, 34.0189272 ], [ -6.8278898, 34.0186519 ], [ -6.8280019, 34.0185769 ], [ -6.8280839, 34.0185093 ], [ -6.8281329, 34.0184563 ], [ -6.8283906, 34.018153 ], [ -6.8284603, 34.0180627 ], [ -6.8284806, 34.0180372 ], [ -6.8285215, 34.0179939 ], [ -6.8285589, 34.0179658 ], [ -6.828597, 34.0179452 ], [ -6.8286401, 34.0179324 ], [ -6.8287263, 34.0179173 ], [ -6.8288093, 34.0179157 ], [ -6.8289205, 34.0179233 ], [ -6.8297273, 34.0180503 ], [ -6.8304228, 34.0181746 ], [ -6.8304622, 34.0181858 ], [ -6.8305303, 34.0182053 ], [ -6.8306366, 34.0182417 ], [ -6.8307061, 34.0182658 ] ], [ [ -6.8214376, 34.0251982 ], [ -6.8221365, 34.0254174 ] ], [ [ -6.8200767, 34.0304292 ], [ -6.8200523, 34.0303339 ], [ -6.8195588, 34.0291098 ], [ -6.8195465, 34.0290397 ], [ -6.8195423, 34.0289585 ], [ -6.8195525, 34.028837 ], [ -6.8198383, 34.0260347 ], [ -6.8198583, 34.0259449 ], [ -6.8198884, 34.0258545 ], [ -6.8199404, 34.0257214 ], [ -6.8199938, 34.0256212 ], [ -6.8200688, 34.0255051 ], [ -6.820143, 34.0254163 ], [ -6.8202222, 34.0253368 ], [ -6.8203282, 34.0252576 ], [ -6.8204795, 34.0251792 ], [ -6.8206221, 34.0251367 ], [ -6.8207852, 34.0251065 ], [ -6.8209304, 34.0251026 ], [ -6.8210916, 34.0251125 ], [ -6.8213084, 34.0251595 ], [ -6.8214376, 34.0251982 ] ], [ [ -6.8182452, 34.0350828 ], [ -6.8184678, 34.0345431 ], [ -6.8192324, 34.0326305 ], [ -6.8194219, 34.0321537 ], [ -6.8195676, 34.031833 ], [ -6.8196054, 34.0317496 ], [ -6.8196543, 34.0316167 ], [ -6.8196866, 34.0315423 ], [ -6.8200562, 34.03069 ], [ -6.8200797, 34.0306238 ], [ -6.8200911, 34.0305516 ], [ -6.8200897, 34.0304932 ], [ -6.8200767, 34.0304292 ] ], [ [ -6.7993438, 34.0346905 ], [ -6.7994949, 34.0346998 ], [ -6.799646, 34.034709 ], [ -6.8001607, 34.0347341 ], [ -6.8017907, 34.0348136 ], [ -6.802116, 34.0348295 ], [ -6.8037538, 34.0349093 ], [ -6.8051332, 34.0349784 ], [ -6.8052828, 34.0349839 ], [ -6.8062145, 34.0350032 ], [ -6.8062898, 34.0350033 ], [ -6.806678, 34.0350041 ], [ -6.8071249, 34.0350043 ], [ -6.8081729, 34.0350048 ], [ -6.8082797, 34.0350035 ], [ -6.8084535, 34.0350034 ], [ -6.8094899, 34.0350056 ], [ -6.8098432, 34.0349936 ], [ -6.8102758, 34.0349811 ], [ -6.8106513, 34.0350256 ], [ -6.8109119, 34.0350772 ], [ -6.8120627, 34.0354028 ], [ -6.8125809, 34.0354956 ], [ -6.8128964, 34.0355568 ], [ -6.813286, 34.0356278 ], [ -6.813439, 34.035629 ], [ -6.813949, 34.0356614 ], [ -6.8141208, 34.0356607 ], [ -6.8147707, 34.03567 ], [ -6.8151418, 34.035655 ], [ -6.8159916, 34.0354968 ], [ -6.8164047, 34.0354279 ], [ -6.8171181, 34.035339 ], [ -6.8174324, 34.0353039 ], [ -6.8174597, 34.0353026 ], [ -6.8175124, 34.0353 ], [ -6.8175361, 34.0352969 ], [ -6.8175909, 34.035292 ], [ -6.8177165, 34.035276 ], [ -6.8177458, 34.0352723 ], [ -6.8179312, 34.0352461 ], [ -6.818016, 34.0352148 ], [ -6.8180891, 34.0351878 ], [ -6.8181776, 34.0351475 ], [ -6.8182452, 34.0350828 ] ], [ [ -6.7993438, 34.0346905 ], [ -6.7992033, 34.0346847 ], [ -6.7991286, 34.0346816 ], [ -6.7989443, 34.034674 ], [ -6.7986277, 34.0346636 ], [ -6.7983351, 34.0346539 ], [ -6.7973582, 34.034625 ], [ -6.7968429, 34.0346161 ], [ -6.7964312, 34.034634 ], [ -6.7963444, 34.0346397 ], [ -6.796268, 34.0346425 ], [ -6.7961895, 34.0346455 ], [ -6.7961081, 34.0346485 ], [ -6.7954315, 34.0346747 ], [ -6.7952205, 34.0346784 ], [ -6.7949192, 34.0346827 ], [ -6.7946165, 34.0346626 ], [ -6.7944722, 34.034649 ], [ -6.7943145, 34.0346085 ], [ -6.7940304, 34.0345026 ], [ -6.7936448, 34.0343731 ], [ -6.793452, 34.0343153 ], [ -6.7932936, 34.0342714 ], [ -6.792528, 34.0340591 ], [ -6.7915541, 34.0337837 ] ], [ [ -6.7915541, 34.0337837 ], [ -6.7902512, 34.0334284 ] ], [ [ -6.7902512, 34.0334284 ], [ -6.7888385, 34.0330289 ], [ -6.7879112, 34.0327425 ], [ -6.7878478, 34.0327182 ], [ -6.7872331, 34.0324808 ], [ -6.7869771, 34.0323899 ], [ -6.7863498, 34.032167 ], [ -6.7848798, 34.0317561 ], [ -6.7822593, 34.0311359 ], [ -6.7818224, 34.0310417 ], [ -6.7816557, 34.0310225 ], [ -6.7816289, 34.0310262 ], [ -6.7812899, 34.0310729 ], [ -6.7811826, 34.0310818 ], [ -6.7809788, 34.0310818 ], [ -6.7806676, 34.0310463 ], [ -6.7805492, 34.0310313 ], [ -6.7799774, 34.0309588 ], [ -6.7795818, 34.0309087 ], [ -6.777406, 34.0306328 ], [ -6.7768052, 34.0305261 ], [ -6.7758392, 34.0303275 ] ], [ [ -6.7758392, 34.0303275 ], [ -6.7753606, 34.0302272 ] ], [ [ -6.7753606, 34.0302272 ], [ -6.7744181, 34.0299793 ], [ -6.7740569, 34.0298954 ], [ -6.7722409, 34.0294704 ], [ -6.7720947, 34.0294361 ], [ -6.7716608, 34.0293391 ], [ -6.7707595, 34.0291479 ], [ -6.770502, 34.0290946 ], [ -6.7689451, 34.0287863 ], [ -6.7687908, 34.0287523 ], [ -6.7685979, 34.0286966 ], [ -6.7684367, 34.02865 ], [ -6.7679211, 34.0284976 ], [ -6.7658189, 34.0278764 ], [ -6.7656794, 34.0278453 ], [ -6.7654756, 34.0278142 ], [ -6.7642954, 34.0276897 ], [ -6.7641613, 34.0276764 ], [ -6.7639575, 34.0276319 ], [ -6.7637751, 34.0275875 ], [ -6.7630887, 34.0273678 ], [ -6.7624195, 34.0271644 ], [ -6.7612226, 34.0268309 ], [ -6.7610098, 34.0267605 ], [ -6.7603847, 34.0265983 ], [ -6.758987, 34.0262391 ], [ -6.758644, 34.0261515 ], [ -6.758129, 34.0260136 ], [ -6.7573953, 34.0258381 ], [ -6.7572207, 34.0258136 ], [ -6.7568879, 34.0257521 ], [ -6.7554647, 34.0255002 ], [ -6.7553209, 34.0254729 ], [ -6.7551079, 34.0254394 ], [ -6.7540813, 34.0252578 ], [ -6.7536198, 34.0251719 ], [ -6.7529794, 34.0250296 ], [ -6.7526063, 34.0249466 ], [ -6.7524348, 34.0249156 ], [ -6.7519394, 34.0248366 ] ] ] } },
{ "type": "Feature", "properties": { "from_ar": "L31", "name": "L31:Bab El Had→Mers El Kheir", "network": "Bus Stades" }, "geometry": { "type": "MultiLineString", "coordinates": [ [ [ -6.8442373, 34.0182385 ], [ -6.8443631, 34.0180921 ], [ -6.8444708, 34.0179719 ], [ -6.8452409, 34.0171124 ], [ -6.8452883, 34.0170595 ], [ -6.845356, 34.016984 ], [ -6.845499, 34.0168243 ], [ -6.8458155, 34.0164542 ], [ -6.8460904, 34.0161441 ], [ -6.8461354, 34.0160931 ], [ -6.8462956, 34.0159117 ], [ -6.8466104, 34.01555 ], [ -6.8466226, 34.0155351 ], [ -6.846687, 34.0154608 ], [ -6.8467983, 34.0153323 ], [ -6.8469675, 34.0151447 ], [ -6.8471647, 34.0149081 ], [ -6.8472585, 34.0147957 ], [ -6.8477197, 34.0142385 ], [ -6.8478955, 34.0140253 ], [ -6.8481494, 34.0137242 ], [ -6.8481852, 34.0136818 ], [ -6.8483505, 34.0134852 ], [ -6.8484579, 34.01336 ], [ -6.8485731, 34.0132402 ], [ -6.8487017, 34.01313 ], [ -6.8488425, 34.0130307 ], [ -6.8489942, 34.012943 ], [ -6.849285, 34.0127933 ], [ -6.8493765, 34.0127462 ], [ -6.8494478, 34.0127094 ], [ -6.8506034, 34.0121556 ], [ -6.8507462, 34.0120884 ], [ -6.8508917, 34.0120252 ], [ -6.8509672, 34.0119945 ], [ -6.8510434, 34.011965 ] ], [ [ -6.8510434, 34.011965 ], [ -6.8511626, 34.0119213 ], [ -6.8512833, 34.0118803 ] ], [ [ -6.8512833, 34.0118803 ], [ -6.8512917, 34.0118839 ], [ -6.8513297, 34.0118961 ], [ -6.8513698, 34.0119022 ], [ -6.8514106, 34.011902 ], [ -6.8514506, 34.0118954 ], [ -6.8514884, 34.0118828 ], [ -6.8515281, 34.0118609 ], [ -6.8515612, 34.0118323 ], [ -6.8515859, 34.0117985 ], [ -6.8516017, 34.0117619 ], [ -6.851606, 34.0117217 ], [ -6.8516005, 34.0116824 ], [ -6.8515844, 34.0116449 ] ], [ [ -6.8515844, 34.0116449 ], [ -6.8516125, 34.0115917 ], [ -6.8516652, 34.0115074 ], [ -6.8517242, 34.0114261 ], [ -6.8517894, 34.0113481 ], [ -6.8519163, 34.011209 ], [ -6.8533078, 34.0096837 ], [ -6.8538313, 34.0090823 ], [ -6.8539871, 34.0088871 ] ], [ [ -6.8539871, 34.0088871 ], [ -6.8540797, 34.0089093 ], [ -6.854176, 34.0089133 ], [ -6.8542708, 34.0088991 ], [ -6.854356, 34.0088689 ], [ -6.8544311, 34.008824 ], [ -6.8544925, 34.0087666 ] ], [ [ -6.8544925, 34.0087666 ], [ -6.8545375, 34.008699 ], [ -6.8545634, 34.0086247 ], [ -6.854569, 34.0085476 ], [ -6.8545705, 34.0085346 ], [ -6.8545589, 34.0084878 ], [ -6.8545366, 34.0084303 ], [ -6.8545026, 34.0083769 ] ], [ [ -6.8545026, 34.0083769 ], [ -6.854574, 34.008272 ], [ -6.8546523, 34.0081709 ], [ -6.8547469, 34.0080646 ], [ -6.8548454, 34.0079569 ], [ -6.8553326, 34.0074281 ], [ -6.8560764, 34.0066113 ], [ -6.856332, 34.0063161 ] ], [ [ -6.856332, 34.0063161 ], [ -6.8564137, 34.0062282 ], [ -6.8566442, 34.0059824 ], [ -6.8567598, 34.005857 ], [ -6.8573906, 34.0051598 ], [ -6.8586116, 34.0038102 ], [ -6.8587081, 34.003688 ], [ -6.858747, 34.003634 ], [ -6.8587891, 34.0035757 ], [ -6.8588475, 34.0034882 ], [ -6.858932, 34.0033496 ], [ -6.8590311, 34.0031633 ], [ -6.8590488, 34.0031268 ] ], [ [ -6.8590488, 34.0031268 ], [ -6.8591145, 34.0030657 ], [ -6.8591495, 34.0030351 ], [ -6.8591906, 34.0030101 ], [ -6.8592363, 34.0029917 ], [ -6.8592854, 34.0029803 ], [ -6.8593361, 34.0029763 ], [ -6.8593868, 34.00298 ] ], [ [ -6.8593868, 34.00298 ], [ -6.8609896, 34.0040889 ], [ -6.8610501, 34.0041284 ], [ -6.8615928, 34.004483 ], [ -6.862172, 34.0048844 ], [ -6.8626331, 34.0052 ], [ -6.8631384, 34.0055459 ], [ -6.8632266, 34.0056057 ], [ -6.8633059, 34.0056594 ], [ -6.8634137, 34.0057325 ], [ -6.8635434, 34.0058205 ], [ -6.8636328, 34.0058811 ], [ -6.8636929, 34.0059218 ], [ -6.8637432, 34.005956 ] ], [ [ -6.8637432, 34.005956 ], [ -6.8637644, 34.0059703 ] ], [ [ -6.8637644, 34.0059703 ], [ -6.8637762, 34.0059587 ], [ -6.8638429, 34.0058925 ], [ -6.8638452, 34.0058903 ], [ -6.8639253, 34.0058155 ], [ -6.8640192, 34.005725 ] ], [ [ -6.8640192, 34.005725 ], [ -6.8640534, 34.0056921 ], [ -6.8640762, 34.0056702 ], [ -6.8641264, 34.005622 ], [ -6.8641935, 34.0055575 ], [ -6.8643479, 34.005413 ], [ -6.8645456, 34.0052338 ], [ -6.8646284, 34.0051397 ] ], [ [ -6.8646284, 34.0051397 ], [ -6.8649411, 34.0047734 ], [ -6.8650576, 34.004637 ], [ -6.8652817, 34.0043497 ] ], [ [ -6.8652817, 34.0043497 ], [ -6.8653398, 34.0042749 ] ], [ [ -6.8653398, 34.0042749 ], [ -6.8654583, 34.0040812 ], [ -6.8655518, 34.0039282 ], [ -6.8656752, 34.0037518 ], [ -6.8659472, 34.0033905 ], [ -6.8661472, 34.0031331 ], [ -6.8662774, 34.0029655 ], [ -6.866618, 34.0025426 ], [ -6.8669059, 34.0021903 ], [ -6.8669688, 34.0021133 ], [ -6.8670192, 34.0020517 ], [ -6.8671174, 34.0019315 ], [ -6.867325, 34.0016812 ], [ -6.8674789, 34.0014966 ], [ -6.8676165, 34.0013316 ], [ -6.8677256, 34.0011938 ], [ -6.8678854, 34.0009919 ], [ -6.8679691, 34.000892 ], [ -6.8681918, 34.0006134 ], [ -6.8684788, 34.0002215 ], [ -6.8686196, 34.0000269 ], [ -6.8687497, 33.9998624 ], [ -6.8688966, 33.9996767 ], [ -6.869032, 33.9995188 ], [ -6.8691306, 33.9993932 ], [ -6.8692641, 33.9992272 ], [ -6.8693523, 33.9991202 ], [ -6.8694654, 33.9989832 ], [ -6.8696369, 33.9987838 ], [ -6.869781, 33.9986026 ] ], [ [ -6.869781, 33.9986026 ], [ -6.8698878, 33.9984695 ], [ -6.8699526, 33.9983886 ] ], [ [ -6.8699526, 33.9983886 ], [ -6.87019, 33.998072 ], [ -6.870422, 33.9977965 ], [ -6.8705776, 33.9976114 ], [ -6.8707633, 33.9973638 ], [ -6.8710798, 33.9969575 ], [ -6.8713428, 33.996653 ], [ -6.8714165, 33.9965511 ], [ -6.8715754, 33.9963328 ], [ -6.8716677, 33.996179 ], [ -6.8716948, 33.9961128 ], [ -6.8717479, 33.9959825 ], [ -6.8718407, 33.9957112 ], [ -6.8718694, 33.9956082 ], [ -6.8719282, 33.9954022 ], [ -6.8719696, 33.9952398 ], [ -6.8720093, 33.9950496 ], [ -6.8720351, 33.9948628 ], [ -6.8720367, 33.9946953 ], [ -6.8720381, 33.9946094 ], [ -6.8720333, 33.9944975 ], [ -6.8719606, 33.9939694 ], [ -6.871946, 33.9938634 ], [ -6.8719337, 33.9937973 ], [ -6.8718161, 33.9931662 ], [ -6.8718038, 33.9930096 ], [ -6.8717815, 33.992884 ], [ -6.8717519, 33.9927026 ], [ -6.8717283, 33.9925429 ], [ -6.8716688, 33.9921397 ], [ -6.8716291, 33.9919548 ], [ -6.8716142, 33.9918702 ], [ -6.8715924, 33.9917866 ], [ -6.8715737, 33.9917308 ], [ -6.8715525, 33.991677 ] ], [ [ -6.8715525, 33.991677 ], [ -6.8715377, 33.9916158 ], [ -6.871526, 33.9915542 ], [ -6.871518, 33.9914922 ], [ -6.8715138, 33.9914299 ], [ -6.8715134, 33.9913675 ], [ -6.871512, 33.9912969 ], [ -6.8715167, 33.9912263 ], [ -6.8715275, 33.9911562 ] ], [ [ -6.8715275, 33.9911562 ], [ -6.8715401, 33.9911416 ], [ -6.8715505, 33.9911258 ], [ -6.8715583, 33.991109 ] ], [ [ -6.8715583, 33.991109 ], [ -6.8718235, 33.9910646 ], [ -6.8722473, 33.9910062 ], [ -6.8724143, 33.9909884 ], [ -6.8726389, 33.9909628 ], [ -6.8730144, 33.9909272 ], [ -6.8735931, 33.9908689 ], [ -6.8737131, 33.9908544 ], [ -6.8740665, 33.9908194 ], [ -6.87453, 33.9907744 ] ], [ [ -6.8745237, 33.9907038 ], [ -6.87453, 33.9907744 ] ], [ [ -6.8771771, 33.9855563 ], [ -6.8769971, 33.9857418 ], [ -6.8769759, 33.9857684 ], [ -6.8767078, 33.986104 ], [ -6.8766203, 33.9862165 ], [ -6.8764208, 33.9864732 ], [ -6.8762096, 33.9867323 ], [ -6.8761687, 33.9867824 ], [ -6.8759085, 33.9871037 ], [ -6.8756711, 33.9874062 ], [ -6.8754056, 33.9877631 ], [ -6.8751709, 33.9880578 ], [ -6.8748839, 33.9883903 ], [ -6.8748383, 33.988447 ], [ -6.874792, 33.9885066 ], [ -6.8747479, 33.9885634 ], [ -6.8745743, 33.9887869 ], [ -6.8743717, 33.9890476 ], [ -6.8743274, 33.9891047 ], [ -6.874263, 33.989192 ], [ -6.8742026, 33.9892738 ], [ -6.8741711, 33.9893244 ], [ -6.8741417, 33.9893861 ], [ -6.8741302, 33.9894911 ], [ -6.8741316, 33.9895467 ], [ -6.874143, 33.9896023 ], [ -6.8741892, 33.9897413 ], [ -6.8742308, 33.9898347 ], [ -6.8742952, 33.9899359 ], [ -6.8744279, 33.9901906 ], [ -6.8744789, 33.9903496 ], [ -6.8745019, 33.9904574 ], [ -6.8745111, 33.9905815 ], [ -6.874513, 33.9906002 ], [ -6.8745237, 33.9907038 ] ], [ [ -6.8771771, 33.9855563 ], [ -6.8771549, 33.9853955 ], [ -6.877142, 33.9853092 ], [ -6.8771035, 33.985051 ], [ -6.8770629, 33.9847544 ], [ -6.8770364, 33.9845606 ], [ -6.8770202, 33.9844652 ], [ -6.876989, 33.9842531 ], [ -6.8769846, 33.9842241 ], [ -6.8769718, 33.9841439 ], [ -6.876904, 33.9837188 ], [ -6.8768944, 33.9836439 ], [ -6.8768817, 33.9835387 ], [ -6.8768165, 33.9831561 ], [ -6.8767902, 33.9829831 ], [ -6.8767829, 33.9829236 ], [ -6.8767756, 33.982867 ], [ -6.8767661, 33.9827864 ], [ -6.8767829, 33.9825094 ] ], [ [ -6.8767829, 33.9825094 ], [ -6.8768311, 33.9824914 ], [ -6.8768693, 33.9824613 ], [ -6.8768935, 33.9824225 ], [ -6.8769007, 33.9823791 ], [ -6.8768904, 33.9823362 ], [ -6.8768635, 33.9822986 ] ], [ [ -6.8768635, 33.9822986 ], [ -6.8769477, 33.9821579 ], [ -6.8769957, 33.9820804 ], [ -6.8770426, 33.9819543 ] ], [ [ -6.8770426, 33.9819543 ], [ -6.8776801, 33.981162 ], [ -6.8779753, 33.9807948 ] ], [ [ -6.8779753, 33.9807948 ], [ -6.8780443, 33.9807379 ], [ -6.8780902, 33.9806827 ], [ -6.8782761, 33.9804573 ], [ -6.8790024, 33.9795422 ], [ -6.8797202, 33.9786376 ], [ -6.8800803, 33.978168 ], [ -6.8802461, 33.9779551 ] ], [ [ -6.8802461, 33.9779551 ], [ -6.8802805, 33.9779382 ], [ -6.8803072, 33.9779135 ], [ -6.8803235, 33.9778832 ], [ -6.8803278, 33.9778502 ], [ -6.8803232, 33.9778263 ], [ -6.8803123, 33.9778039 ] ], [ [ -6.8803123, 33.9778039 ], [ -6.880287, 33.9777767 ], [ -6.8802527, 33.9777575 ], [ -6.8802129, 33.9777483 ] ], [ [ -6.8802129, 33.9777483 ], [ -6.8801821, 33.9777484 ], [ -6.8801522, 33.9777546 ], [ -6.8801249, 33.9777665 ] ], [ [ -6.8801249, 33.9777665 ], [ -6.8801049, 33.9777536 ], [ -6.880085, 33.977738 ], [ -6.8800566, 33.9777188 ], [ -6.8798702, 33.9776124 ], [ -6.8788692, 33.977041 ], [ -6.8787048, 33.9769519 ], [ -6.878226, 33.9766815 ], [ -6.8778987, 33.9764946 ], [ -6.8775567, 33.9762911 ], [ -6.8774401, 33.9762266 ] ], [ [ -6.8774401, 33.9762266 ], [ -6.8781096, 33.9753776 ], [ -6.8784053, 33.9750026 ], [ -6.8786574, 33.9746888 ], [ -6.8786937, 33.9746436 ], [ -6.8788532, 33.9744451 ] ], [ [ -6.8788532, 33.9744451 ], [ -6.8791848, 33.9740079 ], [ -6.879386, 33.9737415 ], [ -6.8797635, 33.9732916 ], [ -6.8799915, 33.9730119 ], [ -6.8804596, 33.9724464 ], [ -6.8807593, 33.9721038 ], [ -6.8809678, 33.9718552 ], [ -6.8811429, 33.9716245 ], [ -6.8813769, 33.9713303 ], [ -6.8815029, 33.9711857 ], [ -6.8816679, 33.9709955 ] ], [ [ -6.8816679, 33.9709955 ], [ -6.881863, 33.9707508 ], [ -6.8821943, 33.9703388 ], [ -6.8824793, 33.9700296 ], [ -6.8827079, 33.9697643 ], [ -6.8828548, 33.969593 ], [ -6.8830194, 33.9694306 ] ], [ [ -6.8830194, 33.9694306 ], [ -6.88325, 33.9692132 ], [ -6.8835826, 33.9689268 ], [ -6.8838341, 33.9687505 ], [ -6.884095, 33.9685786 ], [ -6.8844276, 33.9683584 ], [ -6.8847044, 33.968196 ], [ -6.8849915, 33.9680298 ], [ -6.8853066, 33.967864 ], [ -6.8855903, 33.9677283 ], [ -6.8857352, 33.9676749 ], [ -6.8858256, 33.9676571 ], [ -6.8858478, 33.9676527 ], [ -6.8860437, 33.9676548 ] ], [ [ -6.8860437, 33.9676548 ], [ -6.8861521, 33.9676514 ], [ -6.886253, 33.9676183 ], [ -6.8863349, 33.9675593 ], [ -6.8863885, 33.967481 ], [ -6.8864077, 33.9673925 ], [ -6.8863904, 33.9673037 ], [ -6.8863385, 33.9672247 ], [ -6.8862579, 33.9671645 ], [ -6.8861967, 33.9671433 ] ], [ [ -6.8861967, 33.9671433 ], [ -6.8861519, 33.9671306 ], [ -6.8861098, 33.9671248 ], [ -6.8860494, 33.9671249 ] ], [ [ -6.8860494, 33.9671249 ], [ -6.8858854, 33.9671076 ], [ -6.8857767, 33.9670721 ], [ -6.8856681, 33.967012 ], [ -6.8856153, 33.966986 ], [ -6.8854693, 33.9668842 ], [ -6.8850972, 33.9666249 ], [ -6.8842267, 33.9660206 ], [ -6.884084, 33.9659215 ], [ -6.8840227, 33.965869 ], [ -6.8839617, 33.9658151 ], [ -6.883906, 33.9657574 ], [ -6.8838559, 33.9656962 ], [ -6.8838054, 33.9656216 ], [ -6.8837633, 33.9655434 ], [ -6.88373, 33.9654624 ], [ -6.8837057, 33.9653792 ], [ -6.8836914, 33.965328 ], [ -6.883682, 33.965276 ], [ -6.8836775, 33.9652235 ], [ -6.8836798, 33.9651475 ], [ -6.8836923, 33.9650723 ], [ -6.8837325, 33.9649755 ], [ -6.8841339, 33.964314 ], [ -6.8843854, 33.9637983 ], [ -6.8844685, 33.9636354 ] ], [ [ -6.8844685, 33.9636354 ], [ -6.8846219, 33.9633397 ], [ -6.8848878, 33.9628275 ], [ -6.8854253, 33.9618395 ], [ -6.8854532, 33.9617882 ], [ -6.8856315, 33.9614239 ], [ -6.8862975, 33.9601605 ], [ -6.8863784, 33.9600061 ], [ -6.8865983, 33.959599 ], [ -6.8866599, 33.9594832 ], [ -6.8867799, 33.9592697 ], [ -6.8869033, 33.9590661 ], [ -6.8869921, 33.9589362 ], [ -6.8870572, 33.9588476 ], [ -6.8876311, 33.9581429 ], [ -6.888049, 33.9576487 ], [ -6.8882936, 33.9573868 ], [ -6.888587, 33.9570314 ], [ -6.8886541, 33.9569399 ], [ -6.889101, 33.9564088 ], [ -6.8897439, 33.9556838 ], [ -6.8900202, 33.9553796 ], [ -6.8901518, 33.9552249 ], [ -6.890301, 33.9550799 ], [ -6.890435, 33.9549616 ], [ -6.8905213, 33.9549058 ], [ -6.8906334, 33.9548489 ], [ -6.8906858, 33.9548211 ], [ -6.8907146, 33.954799 ], [ -6.8907341, 33.9547758 ], [ -6.8907477, 33.95475 ], [ -6.8907551, 33.9547225 ], [ -6.8907558, 33.9546943 ], [ -6.8907536, 33.9546777 ], [ -6.8907553, 33.9546058 ], [ -6.8907635, 33.9545561 ], [ -6.890783, 33.9545099 ], [ -6.8908139, 33.9544416 ], [ -6.8918347, 33.9531811 ], [ -6.8932899, 33.9514246 ], [ -6.8948594, 33.949593 ], [ -6.8962556, 33.9479665 ], [ -6.8964744, 33.9476866 ], [ -6.8970524, 33.9470414 ], [ -6.8975922, 33.9463649 ], [ -6.8976914, 33.9462531 ], [ -6.8977853, 33.9461447 ], [ -6.8978316, 33.9460957 ], [ -6.8979375, 33.9459778 ], [ -6.8981574, 33.9457697 ], [ -6.8983827, 33.9455989 ], [ -6.8987474, 33.9453201 ], [ -6.8995082, 33.9448212 ], [ -6.899879, 33.9445777 ], [ -6.9001094, 33.9443415 ], [ -6.9002577, 33.9441601 ], [ -6.9003615, 33.9439453 ] ], [ [ -6.9003615, 33.9439453 ], [ -6.9004162, 33.9438169 ], [ -6.9004296, 33.9437527 ], [ -6.9004356, 33.9437199 ], [ -6.900441, 33.9436729 ], [ -6.9004487, 33.9435897 ], [ -6.9004548, 33.9435279 ], [ -6.9004584, 33.9434631 ], [ -6.9004588, 33.9434467 ], [ -6.9004582, 33.9433207 ] ], [ [ -6.9004582, 33.9433207 ], [ -6.9004501, 33.9430491 ] ], [ [ -6.9004501, 33.9430491 ], [ -6.9004468, 33.9429259 ], [ -6.9004454, 33.9428582 ], [ -6.9004548, 33.9427145 ], [ -6.9004796, 33.9425878 ], [ -6.9005205, 33.9424871 ], [ -6.9005647, 33.9423864 ], [ -6.9006264, 33.9422885 ], [ -6.900723, 33.9421604 ], [ -6.9007766, 33.9421105 ], [ -6.9009148, 33.9419987 ], [ -6.9010576, 33.9418975 ], [ -6.9012185, 33.9417968 ], [ -6.9013858, 33.9416958 ], [ -6.9014861, 33.9416349 ], [ -6.9017355, 33.9414914 ], [ -6.9019104, 33.94139 ], [ -6.9020255, 33.9413067 ] ], [ [ -6.9020255, 33.9413067 ], [ -6.9020897, 33.9413055 ], [ -6.9021507, 33.9412889 ], [ -6.9022031, 33.9412581 ], [ -6.9022424, 33.9412158 ], [ -6.902265, 33.9411659 ] ], [ [ -6.902265, 33.9411659 ], [ -6.9024409, 33.941063 ], [ -6.9025938, 33.9409607 ], [ -6.9028808, 33.9408093 ], [ -6.9032085, 33.9405854 ] ], [ [ -6.9096341, 33.9351747 ], [ -6.9091465, 33.9356951 ], [ -6.9086114, 33.9362637 ], [ -6.9082345, 33.9365997 ], [ -6.90758, 33.937116 ], [ -6.9065984, 33.9379071 ], [ -6.9049381, 33.9392055 ], [ -6.9036915, 33.9402308 ], [ -6.9034535, 33.9404227 ], [ -6.9032875, 33.9405329 ], [ -6.9032085, 33.9405854 ] ], [ [ -6.9103317, 33.934141 ], [ -6.9102809, 33.9341158 ], [ -6.9102228, 33.9341061 ], [ -6.9101642, 33.9341129 ], [ -6.9101249, 33.9341279 ] ], [ [ -6.9101249, 33.9341279 ], [ -6.9099039, 33.9340557 ], [ -6.9098186, 33.9340394 ], [ -6.9097321, 33.9340287 ] ], [ [ -6.9021835, 33.929464 ], [ -6.9022961, 33.9295241 ], [ -6.9025268, 33.9296676 ], [ -6.9027936, 33.9298662 ], [ -6.9028915, 33.9299391 ], [ -6.9030511, 33.9300532 ], [ -6.9034059, 33.9303152 ], [ -6.9038244, 33.9306384 ], [ -6.9038758, 33.9306843 ], [ -6.9039027, 33.9307024 ], [ -6.9040372, 33.9308002 ], [ -6.9042538, 33.9309898 ], [ -6.9043721, 33.9310932 ], [ -6.9047316, 33.931363 ], [ -6.9052605, 33.9317669 ], [ -6.9055645, 33.9320036 ], [ -6.9059161, 33.9322766 ], [ -6.9061531, 33.9324506 ], [ -6.9062769, 33.9325377 ], [ -6.9063489, 33.9325785 ], [ -6.9068198, 33.9328101 ], [ -6.9074013, 33.9330703 ], [ -6.9076115, 33.9331679 ], [ -6.9081739, 33.9333963 ], [ -6.9087911, 33.9336214 ], [ -6.9089594, 33.9336838 ], [ -6.9093632, 33.9338618 ], [ -6.9095128, 33.9339272 ], [ -6.9097136, 33.9340202 ], [ -6.9097321, 33.9340287 ] ], [ [ -6.9021835, 33.929464 ], [ -6.9019179, 33.9292459 ], [ -6.9017744, 33.9291524 ], [ -6.901633, 33.9290667 ] ], [ [ -6.901633, 33.9290667 ], [ -6.9016332, 33.9290242 ] ], [ [ -6.9016332, 33.9290242 ], [ -6.9016931, 33.9290023 ], [ -6.9017507, 33.9289807 ], [ -6.9018144, 33.9289505 ], [ -6.9018913, 33.9289142 ], [ -6.9019832, 33.9288705 ], [ -6.9021107, 33.9288189 ], [ -6.902763, 33.9285672 ], [ -6.9032474, 33.9283862 ], [ -6.9038826, 33.9281438 ], [ -6.9047262, 33.9278212 ], [ -6.9053623, 33.9275802 ], [ -6.9060768, 33.9273115 ], [ -6.9062478, 33.9272455 ], [ -6.9064258, 33.9271709 ] ], [ [ -6.9064258, 33.9271709 ], [ -6.9064546, 33.9271676 ], [ -6.9064818, 33.9271589 ] ], [ [ -6.9064818, 33.9271589 ], [ -6.9065053, 33.9271453 ], [ -6.9065243, 33.9271275 ], [ -6.9065379, 33.9271066 ], [ -6.9065452, 33.9270836 ] ], [ [ -6.9065452, 33.9270836 ], [ -6.9065463, 33.9270663 ], [ -6.9065439, 33.9270491 ], [ -6.906538, 33.9270325 ] ], [ [ -6.906538, 33.9270325 ], [ -6.9066204, 33.9268901 ] ], [ [ -6.9094844, 33.9210951 ], [ -6.9094536, 33.9211669 ], [ -6.909239, 33.9217244 ], [ -6.9090874, 33.9221251 ], [ -6.9090002, 33.9224177 ], [ -6.908912, 33.9226764 ], [ -6.9088762, 33.922824 ], [ -6.908823, 33.9230431 ], [ -6.9087862, 33.9231947 ], [ -6.9087066, 33.9234805 ], [ -6.9086489, 33.9236875 ], [ -6.9085738, 33.9238889 ], [ -6.9085014, 33.9240436 ], [ -6.9084048, 33.9242216 ], [ -6.908266, 33.9244687 ], [ -6.9081879, 33.9245914 ], [ -6.9081349, 33.9246662 ], [ -6.9080856, 33.9247358 ], [ -6.9080431, 33.9247979 ], [ -6.9079737, 33.9248995 ], [ -6.9076726, 33.92534 ], [ -6.9074506, 33.9256867 ], [ -6.9071875, 33.9260621 ], [ -6.9070463, 33.9262636 ], [ -6.9069625, 33.926388 ], [ -6.9067975, 33.9266331 ], [ -6.9066896, 33.9267917 ], [ -6.9066275, 33.9268797 ], [ -6.9066204, 33.9268901 ] ], [ [ -6.9094844, 33.9210951 ], [ -6.9095267, 33.9210515 ], [ -6.9095495, 33.921025 ], [ -6.9095696, 33.9209922 ], [ -6.9095998, 33.9209232 ], [ -6.9096144, 33.9208827 ] ], [ [ -6.9096144, 33.9208827 ], [ -6.9096304, 33.9208781 ], [ -6.9096508, 33.9208676 ], [ -6.9096673, 33.9208532 ], [ -6.909679, 33.9208358 ], [ -6.9096849, 33.9208165 ], [ -6.9096832, 33.9207894 ], [ -6.9096704, 33.9207645 ] ], [ [ -6.9096704, 33.9207645 ], [ -6.9096909, 33.9207145 ], [ -6.9097023, 33.9206734 ], [ -6.9097164, 33.9206177 ], [ -6.9097285, 33.9205409 ] ], [ [ -6.9212265, 33.9061938 ], [ -6.9210347, 33.9063179 ], [ -6.9209592, 33.9063755 ], [ -6.9208932, 33.9064258 ], [ -6.9207296, 33.9065449 ], [ -6.9206129, 33.9066373 ], [ -6.9204962, 33.906733 ], [ -6.9203816, 33.9068288 ], [ -6.9201878, 33.9070263 ], [ -6.9200235, 33.9071883 ], [ -6.9198485, 33.9073558 ], [ -6.9196426, 33.9075578 ], [ -6.9195253, 33.907678 ], [ -6.9192349, 33.9079702 ], [ -6.9188708, 33.9083319 ], [ -6.9186349, 33.9085767 ], [ -6.918596, 33.9086151 ], [ -6.9184682, 33.9087397 ], [ -6.918316, 33.9088881 ], [ -6.9182325, 33.9089695 ], [ -6.9182041, 33.9089969 ], [ -6.917869, 33.9093197 ], [ -6.9177859, 33.909401 ], [ -6.9174928, 33.9096848 ], [ -6.917067, 33.9100755 ], [ -6.9168129, 33.9103042 ], [ -6.916523, 33.9105697 ], [ -6.9161202, 33.9109386 ], [ -6.9160451, 33.9110054 ], [ -6.915944, 33.9111046 ], [ -6.9158243, 33.911222 ], [ -6.9157556, 33.9112894 ], [ -6.9155569, 33.9114845 ], [ -6.915451, 33.9116019 ], [ -6.9151532, 33.9119321 ], [ -6.9150316, 33.9120671 ], [ -6.9149982, 33.9121028 ], [ -6.9148608, 33.9122471 ], [ -6.9146732, 33.9124661 ], [ -6.9144152, 33.9127355 ], [ -6.9143481, 33.9128136 ], [ -6.9139114, 33.9133153 ], [ -6.9136807, 33.9136213 ], [ -6.9135924, 33.913749 ], [ -6.9135327, 33.9138334 ], [ -6.9131648, 33.9143535 ], [ -6.9129776, 33.9146261 ], [ -6.9128453, 33.9148126 ], [ -6.9127138, 33.9149981 ], [ -6.9123977, 33.9155085 ], [ -6.912242, 33.9157528 ], [ -6.9120861, 33.9160359 ], [ -6.9120276, 33.9161452 ], [ -6.9119512, 33.9162881 ], [ -6.9119185, 33.9163492 ], [ -6.9118649, 33.9164366 ], [ -6.9116597, 33.9167877 ], [ -6.9113016, 33.917441 ], [ -6.9112459, 33.9175386 ], [ -6.9110857, 33.9178194 ], [ -6.9109997, 33.9179765 ], [ -6.9108765, 33.9182311 ], [ -6.9106941, 33.9185828 ], [ -6.9105034, 33.9189535 ], [ -6.9103923, 33.9191693 ], [ -6.910281, 33.9193707 ], [ -6.9102334, 33.9194651 ], [ -6.9101758, 33.9195794 ], [ -6.9100886, 33.9197558 ], [ -6.910067, 33.9198023 ], [ -6.9099505, 33.9200529 ], [ -6.9098302, 33.9203174 ], [ -6.9097285, 33.9205409 ] ], [ [ -6.9212265, 33.9061938 ], [ -6.9211909, 33.905374 ], [ -6.921148, 33.904055 ], [ -6.9211227, 33.903612 ] ], [ [ -6.9211227, 33.903612 ], [ -6.9211685, 33.9034492 ], [ -6.9212274, 33.9033189 ] ], [ [ -6.9212274, 33.9033189 ], [ -6.9212627, 33.9032823 ], [ -6.9212808, 33.9032378 ], [ -6.9212835, 33.9031955 ] ], [ [ -6.9212835, 33.9031955 ], [ -6.9212636, 33.903154 ], [ -6.9212356, 33.9031224 ], [ -6.9211978, 33.9030988 ] ], [ [ -6.9211978, 33.9030988 ], [ -6.9211718, 33.9030894 ] ], [ [ -6.9211718, 33.9030894 ], [ -6.9211633, 33.9029844 ], [ -6.9211688, 33.9029141 ], [ -6.9211685, 33.9028039 ], [ -6.9211346, 33.9017572 ], [ -6.9211243, 33.901265 ], [ -6.9211191, 33.9006974 ], [ -6.9210946, 33.8998796 ], [ -6.9210466, 33.8985835 ], [ -6.9210225, 33.8976518 ], [ -6.920993, 33.8969004 ], [ -6.9209859, 33.8964085 ], [ -6.9209769, 33.8957728 ], [ -6.9209541, 33.8950091 ], [ -6.9209495, 33.894708 ], [ -6.9209619, 33.8943855 ], [ -6.9209667, 33.8943056 ], [ -6.920976, 33.8942331 ], [ -6.9209931, 33.8941691 ] ], [ [ -6.9209931, 33.8941691 ], [ -6.9210622, 33.8939326 ], [ -6.9210733, 33.8938905 ], [ -6.9210782, 33.8938475 ], [ -6.9210768, 33.8938043 ] ], [ [ -6.9210768, 33.8938043 ], [ -6.9210682, 33.8937605 ], [ -6.9210624, 33.8937162 ], [ -6.9210608, 33.8936717 ], [ -6.9210634, 33.8936272 ], [ -6.9211016, 33.8932525 ], [ -6.9211727, 33.8927749 ], [ -6.9212532, 33.8921626 ], [ -6.9213256, 33.8916105 ], [ -6.9214114, 33.890928 ], [ -6.9215227, 33.8901543 ], [ -6.9216287, 33.8894674 ], [ -6.9217013, 33.8889384 ] ], [ [ -6.9217013, 33.8889384 ], [ -6.9217775, 33.8884354 ], [ -6.9217869, 33.8883902 ] ], [ [ -6.9217869, 33.8883902 ], [ -6.9218086, 33.8883779 ], [ -6.9218263, 33.8883617 ], [ -6.921839, 33.8883426 ], [ -6.9218462, 33.8883216 ], [ -6.9218467, 33.888295 ], [ -6.9218383, 33.8882693 ], [ -6.9218219, 33.8882437 ], [ -6.921798, 33.8882286 ] ], [ [ -6.921798, 33.8882286 ], [ -6.9218158, 33.8880647 ], [ -6.9218414, 33.8878525 ], [ -6.9219432, 33.8872259 ], [ -6.9219697, 33.8870129 ], [ -6.9220281, 33.8866009 ], [ -6.9220971, 33.8861704 ], [ -6.9221591, 33.88574 ], [ -6.9221838, 33.8855351 ], [ -6.9222139, 33.8851855 ], [ -6.9222166, 33.8847668 ], [ -6.9222021, 33.8845999 ] ], [ [ -6.9222021, 33.8845999 ], [ -6.9221538, 33.8842041 ], [ -6.9221139, 33.8838626 ], [ -6.9220953, 33.8836694 ] ], [ [ -6.9220953, 33.8836694 ], [ -6.9220547, 33.8833102 ], [ -6.9220308, 33.8830766 ], [ -6.9220095, 33.8827784 ], [ -6.9219777, 33.8824662 ], [ -6.9219158, 33.8820607 ], [ -6.9218866, 33.8817735 ], [ -6.9218733, 33.8815635 ], [ -6.9218688, 33.8814167 ] ], [ [ -6.9218688, 33.8814167 ], [ -6.9218949, 33.8813945 ], [ -6.9219109, 33.8813664 ], [ -6.9219149, 33.8813355 ], [ -6.9219089, 33.8813103 ], [ -6.9218948, 33.8812873 ], [ -6.9218738, 33.8812684 ], [ -6.9218473, 33.8812549 ] ], [ [ -6.9218473, 33.8812549 ], [ -6.9218066, 33.8809223 ], [ -6.9217562, 33.8804985 ], [ -6.9216978, 33.8799777 ], [ -6.921665, 33.879584 ], [ -6.9216137, 33.8791138 ], [ -6.9215748, 33.8787208 ], [ -6.9215429, 33.87833 ], [ -6.9215093, 33.8779569 ], [ -6.92145, 33.8775022 ], [ -6.9213978, 33.8771026 ], [ -6.9213138, 33.8767999 ], [ -6.9212069, 33.8764908 ] ], [ [ -6.9212069, 33.8764908 ], [ -6.9210917, 33.8761909 ], [ -6.920897, 33.8756561 ], [ -6.9206714, 33.8751375 ], [ -6.9204989, 33.8746896 ] ], [ [ -6.9204989, 33.8746896 ], [ -6.9203662, 33.8743595 ], [ -6.920195, 33.8739258 ], [ -6.9199995, 33.8734354 ] ], [ [ -6.9199995, 33.8734354 ], [ -6.9198712, 33.8731243 ], [ -6.9196546, 33.8726314 ], [ -6.9195486, 33.87239 ] ], [ [ -6.9195486, 33.87239 ], [ -6.919442, 33.8721458 ], [ -6.9193049, 33.8717888 ], [ -6.9191961, 33.8714589 ], [ -6.9191591, 33.8713314 ] ], [ [ -6.9191591, 33.8713314 ], [ -6.9191772, 33.8713112 ] ], [ [ -6.9191772, 33.8713112 ], [ -6.9196074, 33.8710866 ] ], [ [ -6.9196074, 33.8710866 ], [ -6.9199321, 33.8708473 ], [ -6.9205122, 33.8703632 ], [ -6.9222986, 33.8688898 ], [ -6.9226848, 33.868567 ], [ -6.9228787, 33.8684095 ], [ -6.9230711, 33.8682531 ], [ -6.9234268, 33.8679402 ], [ -6.9245731, 33.8669945 ], [ -6.9251383, 33.8665239 ], [ -6.9258084, 33.8659609 ], [ -6.9260408, 33.8657656 ], [ -6.9269528, 33.8650096 ], [ -6.9271722, 33.8648233 ], [ -6.9273762, 33.8646542 ], [ -6.9278085, 33.8642914 ], [ -6.9286897, 33.8635531 ], [ -6.9291624, 33.8631662 ], [ -6.9295194, 33.8628789 ], [ -6.9295976, 33.8628159 ] ], [ [ -6.9326371, 33.8628878 ], [ -6.9323194, 33.8628838 ], [ -6.9319491, 33.8628789 ], [ -6.9316635, 33.8628711 ], [ -6.9313873, 33.8628635 ], [ -6.9311312, 33.8628565 ], [ -6.9311136, 33.862856 ], [ -6.9308508, 33.8628488 ], [ -6.9306127, 33.8628463 ], [ -6.9302628, 33.8628427 ], [ -6.9295976, 33.8628159 ] ], [ [ -6.9340707, 33.8628889 ], [ -6.9334515, 33.8628909 ], [ -6.9326371, 33.8628878 ] ], [ [ -6.9098445, 33.9349486 ], [ -6.9096341, 33.9351747 ] ], [ [ -6.9098445, 33.9349486 ], [ -6.9100115, 33.9347883 ], [ -6.9101724, 33.9345991 ], [ -6.9103095, 33.9343766 ] ], [ [ -6.9101317, 33.9343796 ], [ -6.910104, 33.9345046 ], [ -6.9099645, 33.9347204 ], [ -6.9098988, 33.9348295 ], [ -6.9098445, 33.9349486 ] ], [ [ -6.9101818, 33.9343951 ], [ -6.9102478, 33.9343959 ], [ -6.9103095, 33.9343766 ], [ -6.9103583, 33.9343397 ], [ -6.9103873, 33.9342906 ], [ -6.9103925, 33.934236 ], [ -6.910373, 33.9341837 ], [ -6.9103317, 33.934141 ] ], [ [ -6.9101249, 33.9341279 ], [ -6.910095, 33.9341472 ], [ -6.9100708, 33.9341714 ], [ -6.9100534, 33.9341993 ], [ -6.9100436, 33.9342297 ], [ -6.9100419, 33.9342611 ] ], [ [ -6.9100419, 33.9342611 ], [ -6.9100434, 33.9342734 ], [ -6.9100591, 33.9343158 ], [ -6.9100895, 33.9343523 ], [ -6.9101317, 33.9343796 ], [ -6.9101818, 33.9343951 ] ], [ [ -6.9097321, 33.9340287 ], [ -6.9097862, 33.9340886 ], [ -6.9098494, 33.9341419 ], [ -6.9100419, 33.9342611 ] ] ] } },
{ "type": "Feature", "properties": { "from_ar": "L31", "name": "L31:Mers El Kheir→Bab El Had", "network": "Bus Stades" }, "geometry": { "type": "MultiLineString", "coordinates": [ [ [ -6.9340707, 33.8628889 ], [ -6.9334515, 33.8628909 ], [ -6.9326371, 33.8628878 ] ], [ [ -6.9326371, 33.8628878 ], [ -6.9323194, 33.8628838 ], [ -6.9319491, 33.8628789 ], [ -6.9316635, 33.8628711 ], [ -6.9313873, 33.8628635 ], [ -6.9311312, 33.8628565 ], [ -6.9311136, 33.862856 ], [ -6.9308508, 33.8628488 ], [ -6.9306127, 33.8628463 ], [ -6.9302628, 33.8628427 ], [ -6.9295976, 33.8628159 ] ], [ [ -6.9295976, 33.8628159 ], [ -6.9295338, 33.8627709 ], [ -6.9294561, 33.8627097 ] ], [ [ -6.9294561, 33.8627097 ], [ -6.9291947, 33.8629392 ], [ -6.9288259, 33.8632631 ], [ -6.9285938, 33.8634669 ], [ -6.9283235, 33.8636901 ], [ -6.9279469, 33.864001 ], [ -6.9277022, 33.8642031 ], [ -6.9268447, 33.8649276 ], [ -6.9265819, 33.8651382 ], [ -6.9262029, 33.8654704 ], [ -6.9259537, 33.8656888 ], [ -6.9257213, 33.8658843 ], [ -6.9253287, 33.8662145 ], [ -6.9250344, 33.866438 ], [ -6.9244536, 33.866902 ], [ -6.9239098, 33.8673459 ], [ -6.9233214, 33.8678427 ], [ -6.92276, 33.8683199 ], [ -6.9221892, 33.868799 ], [ -6.9212074, 33.8696108 ], [ -6.9198712, 33.8707182 ], [ -6.919794, 33.8707811 ], [ -6.919515, 33.8710085 ] ], [ [ -6.919515, 33.8710085 ], [ -6.9193509, 33.8711166 ], [ -6.919204, 33.8711687 ], [ -6.9191336, 33.871181 ] ], [ [ -6.9191336, 33.871181 ], [ -6.9190954, 33.871168 ], [ -6.9190854, 33.8711676 ] ], [ [ -6.9190854, 33.8711676 ], [ -6.9190541, 33.8711664 ], [ -6.9190146, 33.8711765 ], [ -6.9189815, 33.871197 ] ], [ [ -6.9189815, 33.871197 ], [ -6.9189587, 33.8712255 ], [ -6.9189487, 33.8712588 ], [ -6.9189529, 33.8712929 ], [ -6.9189706, 33.8713239 ], [ -6.9189998, 33.8713481 ], [ -6.9190371, 33.8713627 ], [ -6.9190509, 33.8713638 ] ], [ [ -6.9190509, 33.8713638 ], [ -6.9192868, 33.8720425 ], [ -6.9194599, 33.8725001 ] ], [ [ -6.9194599, 33.8725001 ], [ -6.9195634, 33.872734 ], [ -6.9198092, 33.8732856 ], [ -6.9199371, 33.8735735 ], [ -6.9201864, 33.8741943 ], [ -6.9203941, 33.874746 ], [ -6.9204938, 33.8749904 ], [ -6.9210349, 33.8763495 ], [ -6.9211135, 33.8765581 ], [ -6.9211789, 33.876741 ], [ -6.9212067, 33.87685 ], [ -6.9212704, 33.8770717 ], [ -6.9213194, 33.8773955 ], [ -6.921373, 33.8778098 ], [ -6.9214109, 33.8780508 ], [ -6.9214481, 33.8785668 ], [ -6.921473, 33.8788954 ], [ -6.9217076, 33.881029 ], [ -6.9217337, 33.8812662 ] ], [ [ -6.9217337, 33.8812662 ], [ -6.9217102, 33.8812862 ], [ -6.9216949, 33.8813111 ], [ -6.9216891, 33.8813387 ], [ -6.9216933, 33.8813664 ], [ -6.9217072, 33.8813919 ], [ -6.9217295, 33.8814129 ], [ -6.9217583, 33.8814274 ] ], [ [ -6.9217583, 33.8814274 ], [ -6.9218217, 33.8821158 ], [ -6.9219804, 33.8836771 ], [ -6.9220797, 33.8846125 ], [ -6.9221026, 33.8850195 ], [ -6.9220914, 33.8853914 ], [ -6.9220527, 33.8857112 ], [ -6.92179, 33.8874555 ], [ -6.9217043, 33.8880316 ], [ -6.9216785, 33.888224 ] ], [ [ -6.9216785, 33.888224 ], [ -6.9216516, 33.8882412 ], [ -6.921632, 33.8882642 ], [ -6.9216214, 33.888291 ], [ -6.9216209, 33.8883192 ], [ -6.9216321, 33.8883493 ], [ -6.9216547, 33.8883747 ] ], [ [ -6.9216547, 33.8883747 ], [ -6.9215957, 33.8889243 ], [ -6.9214182, 33.8900956 ], [ -6.9213591, 33.8905351 ], [ -6.921297, 33.8909945 ], [ -6.921223, 33.8915159 ], [ -6.9211714, 33.8918789 ], [ -6.9209628, 33.893548 ], [ -6.9209523, 33.8936096 ], [ -6.9209377, 33.8936706 ], [ -6.9209206, 33.8937269 ], [ -6.9208938, 33.8937983 ] ], [ [ -6.9208938, 33.8937983 ], [ -6.9208733, 33.8938294 ], [ -6.9208602, 33.8938631 ], [ -6.9208552, 33.8938982 ], [ -6.9208415, 33.8941634 ] ], [ [ -6.9208415, 33.8941634 ], [ -6.9208368, 33.8944208 ], [ -6.9208671, 33.8964768 ], [ -6.9208697, 33.89665 ] ], [ [ -6.9208697, 33.89665 ], [ -6.9208759, 33.8968646 ], [ -6.9209008, 33.8977267 ], [ -6.9209173, 33.8980882 ], [ -6.9209298, 33.898604 ], [ -6.9209653, 33.8995326 ], [ -6.9209736, 33.8998053 ], [ -6.9209984, 33.900699 ], [ -6.9210281, 33.9012643 ], [ -6.9210496, 33.9018173 ], [ -6.9210537, 33.9018704 ], [ -6.9210784, 33.9023244 ], [ -6.9210866, 33.9028131 ], [ -6.9210764, 33.9029124 ], [ -6.9210613, 33.9029742 ], [ -6.9210121, 33.9031161 ] ], [ [ -6.9210121, 33.9031161 ], [ -6.9209925, 33.9031332 ], [ -6.9209768, 33.9031528 ], [ -6.9209588, 33.9031973 ] ], [ [ -6.9209588, 33.9031973 ], [ -6.9209587, 33.9032372 ], [ -6.9209726, 33.9032753 ], [ -6.9209994, 33.9033085 ], [ -6.921029, 33.9033286 ] ], [ [ -6.921029, 33.9033286 ], [ -6.9210567, 33.9033421 ] ], [ [ -6.9210567, 33.9033421 ], [ -6.9210836, 33.9035222 ], [ -6.9211227, 33.903612 ] ], [ [ -6.9212265, 33.9061938 ], [ -6.9211909, 33.905374 ], [ -6.921148, 33.904055 ], [ -6.9211227, 33.903612 ] ], [ [ -6.9212265, 33.9061938 ], [ -6.9210347, 33.9063179 ], [ -6.9209592, 33.9063755 ], [ -6.9208932, 33.9064258 ], [ -6.9207296, 33.9065449 ], [ -6.9206129, 33.9066373 ], [ -6.9204962, 33.906733 ], [ -6.9203816, 33.9068288 ], [ -6.9201878, 33.9070263 ], [ -6.9200235, 33.9071883 ], [ -6.9198485, 33.9073558 ], [ -6.9196426, 33.9075578 ], [ -6.9195253, 33.907678 ], [ -6.9192349, 33.9079702 ], [ -6.9188708, 33.9083319 ], [ -6.9186349, 33.9085767 ], [ -6.918596, 33.9086151 ], [ -6.9184682, 33.9087397 ], [ -6.918316, 33.9088881 ], [ -6.9182325, 33.9089695 ], [ -6.9182041, 33.9089969 ], [ -6.917869, 33.9093197 ], [ -6.9177859, 33.909401 ], [ -6.9174928, 33.9096848 ], [ -6.917067, 33.9100755 ], [ -6.9168129, 33.9103042 ], [ -6.916523, 33.9105697 ], [ -6.9161202, 33.9109386 ], [ -6.9160451, 33.9110054 ], [ -6.915944, 33.9111046 ], [ -6.9158243, 33.911222 ], [ -6.9157556, 33.9112894 ], [ -6.9155569, 33.9114845 ], [ -6.915451, 33.9116019 ], [ -6.9151532, 33.9119321 ], [ -6.9150316, 33.9120671 ], [ -6.9149982, 33.9121028 ], [ -6.9148608, 33.9122471 ], [ -6.9146732, 33.9124661 ], [ -6.9144152, 33.9127355 ], [ -6.9143481, 33.9128136 ], [ -6.9139114, 33.9133153 ], [ -6.9136807, 33.9136213 ], [ -6.9135924, 33.913749 ], [ -6.9135327, 33.9138334 ], [ -6.9131648, 33.9143535 ], [ -6.9129776, 33.9146261 ], [ -6.9128453, 33.9148126 ], [ -6.9127138, 33.9149981 ], [ -6.9123977, 33.9155085 ], [ -6.912242, 33.9157528 ], [ -6.9120861, 33.9160359 ], [ -6.9120276, 33.9161452 ], [ -6.9119512, 33.9162881 ], [ -6.9119185, 33.9163492 ], [ -6.9118649, 33.9164366 ], [ -6.9116597, 33.9167877 ], [ -6.9113016, 33.917441 ], [ -6.9112459, 33.9175386 ], [ -6.9110857, 33.9178194 ], [ -6.9109997, 33.9179765 ], [ -6.9108765, 33.9182311 ], [ -6.9106941, 33.9185828 ], [ -6.9105034, 33.9189535 ], [ -6.9103923, 33.9191693 ], [ -6.910281, 33.9193707 ], [ -6.9102334, 33.9194651 ], [ -6.9101758, 33.9195794 ], [ -6.9100886, 33.9197558 ], [ -6.910067, 33.9198023 ], [ -6.9099505, 33.9200529 ], [ -6.9098302, 33.9203174 ], [ -6.9097285, 33.9205409 ] ], [ [ -6.9097285, 33.9205409 ], [ -6.9096997, 33.9205701 ], [ -6.9096789, 33.9205955 ], [ -6.9096413, 33.9206455 ], [ -6.909617, 33.9206845 ], [ -6.9095951, 33.9207299 ] ], [ [ -6.9095951, 33.9207299 ], [ -6.909568, 33.9207332 ], [ -6.9095407, 33.9207445 ], [ -6.9095191, 33.9207624 ], [ -6.9095056, 33.9207851 ], [ -6.9095016, 33.9208102 ], [ -6.9095064, 33.9208325 ], [ -6.9095187, 33.9208527 ], [ -6.9095376, 33.9208691 ] ], [ [ -6.9095376, 33.9208691 ], [ -6.9095166, 33.920916 ], [ -6.9095005, 33.9209585 ], [ -6.9094884, 33.920998 ], [ -6.9094848, 33.9210197 ], [ -6.9094848, 33.9210478 ], [ -6.9094844, 33.9210951 ] ], [ [ -6.9094844, 33.9210951 ], [ -6.9094536, 33.9211669 ], [ -6.909239, 33.9217244 ], [ -6.9090874, 33.9221251 ], [ -6.9090002, 33.9224177 ], [ -6.908912, 33.9226764 ], [ -6.9088762, 33.922824 ], [ -6.908823, 33.9230431 ], [ -6.9087862, 33.9231947 ], [ -6.9087066, 33.9234805 ], [ -6.9086489, 33.9236875 ], [ -6.9085738, 33.9238889 ], [ -6.9085014, 33.9240436 ], [ -6.9084048, 33.9242216 ], [ -6.908266, 33.9244687 ], [ -6.9081879, 33.9245914 ], [ -6.9081349, 33.9246662 ], [ -6.9080856, 33.9247358 ], [ -6.9080431, 33.9247979 ], [ -6.9079737, 33.9248995 ], [ -6.9076726, 33.92534 ], [ -6.9074506, 33.9256867 ], [ -6.9071875, 33.9260621 ], [ -6.9070463, 33.9262636 ], [ -6.9069625, 33.926388 ], [ -6.9067975, 33.9266331 ], [ -6.9066896, 33.9267917 ], [ -6.9066275, 33.9268797 ], [ -6.9066204, 33.9268901 ] ], [ [ -6.9066204, 33.9268901 ], [ -6.9064394, 33.9269687 ] ], [ [ -6.9064394, 33.9269687 ], [ -6.9064076, 33.9269683 ], [ -6.9063797, 33.9269748 ], [ -6.906341, 33.9269949 ], [ -6.9063139, 33.9270253 ], [ -6.9063021, 33.9270618 ], [ -6.906305, 33.9270925 ] ], [ [ -6.906305, 33.9270925 ], [ -6.9062046, 33.9271633 ], [ -6.9061211, 33.9272125 ], [ -6.9060365, 33.92725 ] ], [ [ -6.9060365, 33.92725 ], [ -6.9059433, 33.9272854 ], [ -6.9057963, 33.9273413 ], [ -6.9053696, 33.9275024 ], [ -6.9049841, 33.927647 ], [ -6.9046843, 33.9277597 ], [ -6.9039918, 33.9280237 ], [ -6.9037806, 33.9281046 ], [ -6.9031451, 33.9283518 ], [ -6.9028337, 33.9284692 ], [ -6.9024493, 33.9286172 ], [ -6.9022631, 33.9286826 ], [ -6.9021343, 33.9287306 ], [ -6.9020338, 33.9287636 ], [ -6.9018585, 33.9288234 ], [ -6.9017161, 33.9288561 ], [ -6.901611, 33.9288708 ], [ -6.9015028, 33.9288799 ] ], [ [ -6.9015028, 33.9288799 ], [ -6.9014538, 33.9288666 ], [ -6.9014259, 33.9288634 ], [ -6.901379, 33.9288645 ], [ -6.9012841, 33.9288941 ] ], [ [ -6.9012841, 33.9288941 ], [ -6.9012538, 33.9289142 ], [ -6.9012197, 33.9289484 ], [ -6.9011972, 33.9289861 ], [ -6.9011842, 33.9290348 ] ], [ [ -6.9011842, 33.9290348 ], [ -6.9011844, 33.9290639 ] ], [ [ -6.9011844, 33.9290639 ], [ -6.9012029, 33.9291249 ], [ -6.9012473, 33.9291796 ], [ -6.9012914, 33.9292089 ] ], [ [ -6.9012914, 33.9292089 ], [ -6.901329, 33.9292242 ], [ -6.9014068, 33.9292363 ], [ -6.9014705, 33.9292292 ] ], [ [ -6.9014705, 33.9292292 ], [ -6.9015332, 33.9292459 ], [ -6.9017003, 33.9293029 ], [ -6.901794, 33.9293349 ], [ -6.9021835, 33.929464 ] ], [ [ -6.9021835, 33.929464 ], [ -6.9022961, 33.9295241 ], [ -6.9025268, 33.9296676 ], [ -6.9027936, 33.9298662 ], [ -6.9028915, 33.9299391 ], [ -6.9030511, 33.9300532 ], [ -6.9034059, 33.9303152 ], [ -6.9038244, 33.9306384 ], [ -6.9038758, 33.9306843 ], [ -6.9039027, 33.9307024 ], [ -6.9040372, 33.9308002 ], [ -6.9042538, 33.9309898 ], [ -6.9043721, 33.9310932 ], [ -6.9047316, 33.931363 ], [ -6.9052605, 33.9317669 ], [ -6.9055645, 33.9320036 ], [ -6.9059161, 33.9322766 ], [ -6.9061531, 33.9324506 ], [ -6.9062769, 33.9325377 ], [ -6.9063489, 33.9325785 ], [ -6.9068198, 33.9328101 ], [ -6.9074013, 33.9330703 ], [ -6.9076115, 33.9331679 ], [ -6.9081739, 33.9333963 ], [ -6.9087911, 33.9336214 ], [ -6.9089594, 33.9336838 ], [ -6.9093632, 33.9338618 ], [ -6.9095128, 33.9339272 ], [ -6.9097136, 33.9340202 ], [ -6.9097321, 33.9340287 ] ], [ [ -6.9097321, 33.9340287 ], [ -6.9097862, 33.9340886 ], [ -6.9098494, 33.9341419 ], [ -6.9100419, 33.9342611 ] ], [ [ -6.9100419, 33.9342611 ], [ -6.9100434, 33.9342734 ], [ -6.9100591, 33.9343158 ], [ -6.9100895, 33.9343523 ], [ -6.9101317, 33.9343796 ], [ -6.9101818, 33.9343951 ] ], [ [ -6.9098445, 33.9349486 ], [ -6.9096341, 33.9351747 ] ], [ [ -6.9098445, 33.9349486 ], [ -6.9100115, 33.9347883 ], [ -6.9101724, 33.9345991 ], [ -6.9103095, 33.9343766 ] ], [ [ -6.9096341, 33.9351747 ], [ -6.9091465, 33.9356951 ], [ -6.9086114, 33.9362637 ], [ -6.9082345, 33.9365997 ], [ -6.90758, 33.937116 ], [ -6.9065984, 33.9379071 ], [ -6.9049381, 33.9392055 ], [ -6.9036915, 33.9402308 ], [ -6.9034535, 33.9404227 ], [ -6.9032875, 33.9405329 ], [ -6.9032085, 33.9405854 ] ], [ [ -6.9032085, 33.9405854 ], [ -6.9029569, 33.9406839 ], [ -6.9026512, 33.9408361 ], [ -6.9025046, 33.9408941 ], [ -6.9024259, 33.9409203 ], [ -6.9023443, 33.9409393 ], [ -6.9022644, 33.9409507 ], [ -6.9021836, 33.9409552 ], [ -6.9021025, 33.9409529 ] ], [ [ -6.9021025, 33.9409529 ], [ -6.9020444, 33.9409482 ], [ -6.901987, 33.9409566 ], [ -6.9019342, 33.9409774 ], [ -6.9019085, 33.9409949 ] ], [ [ -6.9019085, 33.9409949 ], [ -6.9018608, 33.9410442 ], [ -6.901845, 33.9410763 ] ], [ [ -6.901845, 33.9410763 ], [ -6.9018409, 33.9410937 ] ], [ [ -6.9018409, 33.9410937 ], [ -6.901837, 33.9411149 ], [ -6.9018401, 33.9411517 ] ], [ [ -6.9018401, 33.9411517 ], [ -6.9018494, 33.941185 ], [ -6.9018704, 33.9412257 ], [ -6.9018897, 33.941244 ] ], [ [ -6.9018897, 33.941244 ], [ -6.9018347, 33.9412845 ], [ -6.9017779, 33.9413223 ], [ -6.9017154, 33.941372 ], [ -6.9015672, 33.9414674 ], [ -6.9013949, 33.9415837 ], [ -6.9013687, 33.941601 ], [ -6.9012132, 33.9417 ], [ -6.9009436, 33.9418719 ], [ -6.9007894, 33.9419848 ], [ -6.9006781, 33.9420833 ], [ -6.9006043, 33.94216 ], [ -6.9005433, 33.9422396 ], [ -6.9004454, 33.9424042 ], [ -6.9004045, 33.942501 ], [ -6.9003756, 33.94259 ], [ -6.9003522, 33.9427019 ], [ -6.9003448, 33.9428343 ], [ -6.9003481, 33.9429461 ], [ -6.9003522, 33.9431285 ] ], [ [ -6.9003522, 33.9431285 ], [ -6.9003636, 33.9433947 ] ], [ [ -6.9003636, 33.9433947 ], [ -6.9003616, 33.9434134 ], [ -6.9003619, 33.9434423 ], [ -6.9003622, 33.9434937 ], [ -6.9003616, 33.9435508 ], [ -6.9003622, 33.9436055 ], [ -6.9003582, 33.9436526 ], [ -6.9003528, 33.9437015 ], [ -6.9003455, 33.9437563 ], [ -6.9002476, 33.9440131 ], [ -6.9001111, 33.9442379 ], [ -6.8997779, 33.944535 ], [ -6.8985909, 33.9453313 ], [ -6.8979678, 33.9458686 ], [ -6.897794, 33.9460551 ], [ -6.8913517, 33.9536019 ], [ -6.8909522, 33.9540699 ], [ -6.8907701, 33.9542832 ], [ -6.8905098, 33.9545789 ], [ -6.8901585, 33.9550005 ], [ -6.8898369, 33.9553782 ], [ -6.888564, 33.9568949 ], [ -6.8869372, 33.958834 ], [ -6.8868037, 33.9590133 ], [ -6.8867393, 33.9591247 ], [ -6.8866934, 33.9592055 ], [ -6.8854837, 33.9614765 ], [ -6.8854129, 33.9616263 ], [ -6.885196, 33.9620385 ], [ -6.8843119, 33.9637186 ] ], [ [ -6.8843119, 33.9637186 ], [ -6.8838229, 33.9646058 ], [ -6.8835224, 33.9651758 ], [ -6.8835009, 33.9652268 ], [ -6.8834737, 33.9652758 ], [ -6.8833641, 33.9655483 ] ], [ [ -6.8833641, 33.9655483 ], [ -6.883289, 33.9657841 ], [ -6.8832437, 33.9659688 ] ], [ [ -6.8832437, 33.9659688 ], [ -6.8832246, 33.9660466 ], [ -6.8831978, 33.9662468 ], [ -6.8831817, 33.9664737 ], [ -6.8831817, 33.9667985 ], [ -6.8832032, 33.9670432 ], [ -6.883257, 33.967338 ], [ -6.8832971, 33.9675126 ], [ -6.8833102, 33.9675694 ], [ -6.8833811, 33.9678446 ] ], [ [ -6.8833811, 33.9678446 ], [ -6.8834163, 33.9680807 ], [ -6.8834288, 33.9682144 ], [ -6.8834321, 33.9683251 ], [ -6.8834301, 33.9684268 ], [ -6.8834201, 33.9685236 ], [ -6.8834053, 33.9686026 ], [ -6.8833818, 33.968681 ], [ -6.8833463, 33.96876 ], [ -6.883296, 33.9688389 ], [ -6.883243, 33.9688984 ], [ -6.8830975, 33.969043 ], [ -6.8829567, 33.9691776 ], [ -6.8828085, 33.9693294 ], [ -6.8827441, 33.9694107 ], [ -6.8826824, 33.9694885 ], [ -6.8826464, 33.9695333 ], [ -6.882566, 33.9696336 ], [ -6.8824997, 33.9697163 ], [ -6.8823823, 33.9698627 ], [ -6.8822804, 33.9700285 ] ], [ [ -6.8822804, 33.9700285 ], [ -6.8820387, 33.9702687 ], [ -6.8819931, 33.9703299 ], [ -6.8819415, 33.9703877 ] ], [ [ -6.8819415, 33.9703877 ], [ -6.881798, 33.9705823 ], [ -6.8816639, 33.9707264 ], [ -6.8814915, 33.9709282 ], [ -6.8813333, 33.9711245 ], [ -6.8810664, 33.9714348 ], [ -6.880766, 33.9718058 ], [ -6.880652, 33.9719581 ], [ -6.8804897, 33.9721772 ], [ -6.8803556, 33.9723535 ], [ -6.879783, 33.9730497 ], [ -6.8795013, 33.973404 ], [ -6.8792628, 33.9737074 ] ], [ [ -6.8792628, 33.9737074 ], [ -6.8791071, 33.9739128 ], [ -6.8787624, 33.9743715 ], [ -6.8785321, 33.9746774 ] ], [ [ -6.8785321, 33.9746774 ], [ -6.8773134, 33.9761558 ] ], [ [ -6.8773134, 33.9761558 ], [ -6.8772201, 33.976273 ] ], [ [ -6.8772201, 33.976273 ], [ -6.8773424, 33.976346 ] ], [ [ -6.8773424, 33.976346 ], [ -6.8776773, 33.9765193 ], [ -6.8777773, 33.976576 ] ], [ [ -6.8777773, 33.976576 ], [ -6.8786301, 33.9770612 ], [ -6.8799459, 33.9778128 ], [ -6.8799764, 33.9778292 ], [ -6.880013, 33.977845 ], [ -6.8800687, 33.9778579 ] ], [ [ -6.8800687, 33.9778579 ], [ -6.8800774, 33.977894 ], [ -6.8801002, 33.9779255 ], [ -6.8801346, 33.9779488 ] ], [ [ -6.8801346, 33.9779488 ], [ -6.8800011, 33.9781353 ], [ -6.8796474, 33.9785966 ], [ -6.8782046, 33.9804202 ], [ -6.8780291, 33.9806451 ], [ -6.8779975, 33.9807027 ], [ -6.8779753, 33.9807948 ] ], [ [ -6.8770426, 33.9819543 ], [ -6.8776801, 33.981162 ], [ -6.8779753, 33.9807948 ] ], [ [ -6.8770426, 33.9819543 ], [ -6.8769322, 33.9820447 ], [ -6.8768841, 33.9821055 ], [ -6.8767806, 33.9822561 ] ], [ [ -6.8767806, 33.9822561 ], [ -6.8767322, 33.9822527 ], [ -6.8766741, 33.9822656 ], [ -6.8766262, 33.9822956 ], [ -6.8765953, 33.9823384 ], [ -6.8765859, 33.9823876 ], [ -6.8765994, 33.9824361 ], [ -6.8766339, 33.9824769 ] ], [ [ -6.8766339, 33.9824769 ], [ -6.876667, 33.9824973 ], [ -6.8767054, 33.9825098 ], [ -6.8767266, 33.9825147 ] ], [ [ -6.8767266, 33.9825147 ], [ -6.8767829, 33.9825094 ] ], [ [ -6.8771771, 33.9855563 ], [ -6.8771549, 33.9853955 ], [ -6.877142, 33.9853092 ], [ -6.8771035, 33.985051 ], [ -6.8770629, 33.9847544 ], [ -6.8770364, 33.9845606 ], [ -6.8770202, 33.9844652 ], [ -6.876989, 33.9842531 ], [ -6.8769846, 33.9842241 ], [ -6.8769718, 33.9841439 ], [ -6.876904, 33.9837188 ], [ -6.8768944, 33.9836439 ], [ -6.8768817, 33.9835387 ], [ -6.8768165, 33.9831561 ], [ -6.8767902, 33.9829831 ], [ -6.8767829, 33.9829236 ], [ -6.8767756, 33.982867 ], [ -6.8767661, 33.9827864 ], [ -6.8767829, 33.9825094 ] ], [ [ -6.8771771, 33.9855563 ], [ -6.8769971, 33.9857418 ], [ -6.8769759, 33.9857684 ], [ -6.8767078, 33.986104 ], [ -6.8766203, 33.9862165 ], [ -6.8764208, 33.9864732 ], [ -6.8762096, 33.9867323 ], [ -6.8761687, 33.9867824 ], [ -6.8759085, 33.9871037 ], [ -6.8756711, 33.9874062 ], [ -6.8754056, 33.9877631 ], [ -6.8751709, 33.9880578 ], [ -6.8748839, 33.9883903 ], [ -6.8748383, 33.988447 ], [ -6.874792, 33.9885066 ], [ -6.8747479, 33.9885634 ], [ -6.8745743, 33.9887869 ], [ -6.8743717, 33.9890476 ], [ -6.8743274, 33.9891047 ], [ -6.874263, 33.989192 ], [ -6.8742026, 33.9892738 ], [ -6.8741711, 33.9893244 ], [ -6.8741417, 33.9893861 ], [ -6.8741302, 33.9894911 ], [ -6.8741316, 33.9895467 ], [ -6.874143, 33.9896023 ], [ -6.8741892, 33.9897413 ], [ -6.8742308, 33.9898347 ], [ -6.8742952, 33.9899359 ], [ -6.8744279, 33.9901906 ], [ -6.8744789, 33.9903496 ], [ -6.8745019, 33.9904574 ], [ -6.8745111, 33.9905815 ], [ -6.874513, 33.9906002 ], [ -6.8745237, 33.9907038 ] ], [ [ -6.8745237, 33.9907038 ], [ -6.8740404, 33.9907443 ], [ -6.8738151, 33.9907654 ], [ -6.8737198, 33.9907743 ], [ -6.8734556, 33.9907999 ], [ -6.8729066, 33.9908507 ], [ -6.8726201, 33.9908772 ], [ -6.8723968, 33.9908967 ], [ -6.8721722, 33.9909239 ], [ -6.8718108, 33.9909517 ], [ -6.871528, 33.990977 ] ], [ [ -6.871528, 33.990977 ], [ -6.8714878, 33.9909472 ], [ -6.8714383, 33.9909292 ], [ -6.8713845, 33.990925 ] ], [ [ -6.8713845, 33.990925 ], [ -6.8713213, 33.9909388 ], [ -6.8712796, 33.9909647 ], [ -6.8712538, 33.9909871 ], [ -6.8712352, 33.9910178 ] ], [ [ -6.8712352, 33.9910178 ], [ -6.8712253, 33.9910562 ], [ -6.8712285, 33.9910953 ], [ -6.8712385, 33.9911173 ] ], [ [ -6.8712385, 33.9911173 ], [ -6.8712741, 33.9911657 ], [ -6.8713137, 33.9911907 ] ], [ [ -6.8713137, 33.9911907 ], [ -6.8713425, 33.9912483 ], [ -6.8713648, 33.9913079 ], [ -6.8713807, 33.9913688 ], [ -6.871393, 33.9914741 ], [ -6.871418, 33.9916712 ], [ -6.8714306, 33.9917925 ] ], [ [ -6.8714306, 33.9917925 ], [ -6.871462, 33.9919752 ], [ -6.8714867, 33.9921186 ], [ -6.8716005, 33.9926642 ], [ -6.87163, 33.9928963 ], [ -6.8716484, 33.9930095 ], [ -6.8717261, 33.9935685 ], [ -6.8717708, 33.9938905 ], [ -6.8718042, 33.9940636 ], [ -6.8718457, 33.9942791 ], [ -6.8718643, 33.9944206 ], [ -6.8718761, 33.9945131 ], [ -6.8718778, 33.9945845 ], [ -6.8718777, 33.9946169 ], [ -6.8718769, 33.994679 ], [ -6.8718725, 33.994741 ], [ -6.8718644, 33.9948028 ] ], [ [ -6.8718644, 33.9948028 ], [ -6.8718424, 33.9949713 ], [ -6.8718303, 33.9950306 ], [ -6.8717849, 33.9951954 ], [ -6.8717264, 33.9953567 ], [ -6.8715378, 33.9959276 ], [ -6.8715055, 33.9960674 ], [ -6.8714812, 33.9961758 ], [ -6.8714557, 33.99625 ], [ -6.8714237, 33.9963117 ], [ -6.8712754, 33.9964861 ], [ -6.8712137, 33.9965733 ], [ -6.8710271, 33.9968144 ], [ -6.8705954, 33.9973331 ], [ -6.8704351, 33.9975361 ], [ -6.8701923, 33.9978486 ] ], [ [ -6.8701923, 33.9978486 ], [ -6.8697478, 33.9983943 ], [ -6.8696596, 33.9985026 ] ], [ [ -6.8696596, 33.9985026 ], [ -6.8695594, 33.9986474 ], [ -6.8694694, 33.9987636 ], [ -6.8692983, 33.9989844 ], [ -6.8690642, 33.9992709 ], [ -6.8688608, 33.9995138 ], [ -6.8684614, 33.9999907 ], [ -6.8683389, 34.0001434 ], [ -6.8678539, 34.0007237 ], [ -6.8677946, 34.0007926 ], [ -6.8673123, 34.0014038 ], [ -6.8671202, 34.0016622 ], [ -6.8669606, 34.0018532 ], [ -6.866869, 34.0019628 ], [ -6.8668226, 34.0020245 ], [ -6.8667551, 34.0021141 ], [ -6.8665033, 34.0024269 ], [ -6.8660013, 34.0030506 ], [ -6.865759, 34.0033573 ], [ -6.8656799, 34.0034652 ], [ -6.8655834, 34.0035908 ], [ -6.8655218, 34.0036828 ], [ -6.8654814, 34.0037411 ], [ -6.865442, 34.0038002 ], [ -6.8654026, 34.0038628 ], [ -6.8652955, 34.004014 ], [ -6.8651674, 34.0041946 ], [ -6.8651301, 34.0042467 ], [ -6.8650792, 34.0043045 ] ], [ [ -6.8650792, 34.0043045 ], [ -6.8650165, 34.0043767 ] ], [ [ -6.8650165, 34.0043767 ], [ -6.864888, 34.0045324 ], [ -6.8643706, 34.0051279 ], [ -6.8641249, 34.0054158 ], [ -6.8639116, 34.0056309 ], [ -6.8637116, 34.0058008 ] ], [ [ -6.8637116, 34.0058008 ], [ -6.8636199, 34.0057394 ], [ -6.8634627, 34.0056341 ], [ -6.8633159, 34.0055363 ], [ -6.8631996, 34.0054579 ], [ -6.8620705, 34.0046758 ], [ -6.861531, 34.0043117 ], [ -6.8594547, 34.0029087 ] ], [ [ -6.8594547, 34.0029087 ], [ -6.8593233, 34.0028337 ], [ -6.8592206, 34.002782 ] ], [ [ -6.8592206, 34.002782 ], [ -6.8591239, 34.0027332 ] ], [ [ -6.8591239, 34.0027332 ], [ -6.8590873, 34.002806 ], [ -6.8589102, 34.0031584 ], [ -6.8588677, 34.0032335 ] ], [ [ -6.8588677, 34.0032335 ], [ -6.8587558, 34.0034332 ], [ -6.8586911, 34.003525 ], [ -6.8586186, 34.003615 ], [ -6.8583762, 34.0039098 ] ], [ [ -6.8583762, 34.0039098 ], [ -6.8582019, 34.0041046 ] ], [ [ -6.8582019, 34.0041046 ], [ -6.857714, 34.0046419 ], [ -6.8574088, 34.0049717 ], [ -6.856631, 34.0058291 ], [ -6.8562472, 34.006256 ], [ -6.8559551, 34.006581 ], [ -6.854623, 34.0080398 ], [ -6.8545662, 34.0081058 ], [ -6.854508, 34.008165 ], [ -6.8544452, 34.0082209 ], [ -6.8543781, 34.0082733 ] ], [ [ -6.8543781, 34.0082733 ], [ -6.854327, 34.0082499 ], [ -6.8542725, 34.0082325 ], [ -6.8542304, 34.0082226 ], [ -6.8541193, 34.008218 ], [ -6.8540245, 34.0082328 ], [ -6.8539363, 34.0082651 ], [ -6.8538593, 34.0083132 ] ], [ [ -6.8538593, 34.0083132 ], [ -6.8537955, 34.0083772 ], [ -6.8537518, 34.0084519 ] ], [ [ -6.8537518, 34.0084519 ], [ -6.8537312, 34.0085284 ], [ -6.8537317, 34.0086069 ], [ -6.8537534, 34.0086832 ] ], [ [ -6.8537534, 34.0086832 ], [ -6.8537857, 34.0087406 ], [ -6.8538299, 34.0087923 ], [ -6.8538847, 34.0088365 ] ], [ [ -6.8538847, 34.0088365 ], [ -6.8537072, 34.0090482 ], [ -6.8525303, 34.0103569 ], [ -6.8516663, 34.0113088 ] ], [ [ -6.8516663, 34.0113088 ], [ -6.8514461, 34.0115518 ] ], [ [ -6.8514461, 34.0115518 ], [ -6.8514073, 34.0115455 ], [ -6.8513678, 34.0115452 ] ], [ [ -6.8513678, 34.0115452 ], [ -6.8513318, 34.0115502 ], [ -6.8512973, 34.0115602 ], [ -6.8512653, 34.0115748 ] ], [ [ -6.8512653, 34.0115748 ], [ -6.8512361, 34.0115943 ], [ -6.8512115, 34.0116177 ], [ -6.851192, 34.0116443 ], [ -6.8511785, 34.0116733 ] ], [ [ -6.8511785, 34.0116733 ], [ -6.8510967, 34.0117383 ], [ -6.8510113, 34.0118009 ], [ -6.8509236, 34.0118613 ], [ -6.8508337, 34.0119194 ], [ -6.8507468, 34.0119722 ], [ -6.850658, 34.0120229 ], [ -6.8505676, 34.0120715 ], [ -6.8504755, 34.0121178 ], [ -6.8496976, 34.012484 ], [ -6.8494127, 34.0126181 ], [ -6.8493157, 34.0126662 ], [ -6.8492063, 34.0127204 ] ], [ [ -6.8492063, 34.0127204 ], [ -6.8488386, 34.0129297 ], [ -6.8486466, 34.0130648 ], [ -6.8485433, 34.0131527 ], [ -6.8484274, 34.0132809 ], [ -6.8482022, 34.0135324 ], [ -6.8480631, 34.0136977 ], [ -6.8476922, 34.0141384 ], [ -6.8473159, 34.0145908 ], [ -6.8467397, 34.0152763 ], [ -6.8466859, 34.0153404 ], [ -6.8466211, 34.0154135 ], [ -6.8465462, 34.015497 ], [ -6.8460764, 34.0160212 ], [ -6.8453054, 34.0169359 ], [ -6.8452307, 34.0170245 ], [ -6.8451664, 34.0170927 ], [ -6.8445906, 34.017707 ], [ -6.8442797, 34.0180388 ], [ -6.8442393, 34.0180823 ] ], [ [ -6.9101249, 33.9341279 ], [ -6.9099039, 33.9340557 ], [ -6.9098186, 33.9340394 ], [ -6.9097321, 33.9340287 ] ], [ [ -6.9101249, 33.9341279 ], [ -6.910095, 33.9341472 ], [ -6.9100708, 33.9341714 ], [ -6.9100534, 33.9341993 ], [ -6.9100436, 33.9342297 ], [ -6.9100419, 33.9342611 ] ], [ [ -6.9103317, 33.934141 ], [ -6.9102809, 33.9341158 ], [ -6.9102228, 33.9341061 ], [ -6.9101642, 33.9341129 ], [ -6.9101249, 33.9341279 ] ], [ [ -6.9101818, 33.9343951 ], [ -6.9102478, 33.9343959 ], [ -6.9103095, 33.9343766 ], [ -6.9103583, 33.9343397 ], [ -6.9103873, 33.9342906 ], [ -6.9103925, 33.934236 ], [ -6.910373, 33.9341837 ], [ -6.9103317, 33.934141 ] ], [ [ -6.9101317, 33.9343796 ], [ -6.910104, 33.9345046 ], [ -6.9099645, 33.9347204 ], [ -6.9098988, 33.9348295 ], [ -6.9098445, 33.9349486 ] ] ] } },
{ "type": "Feature", "properties": { "from_ar": "L101", "name": "L101:Hay Ennahda→Hay Fath", "network": "Bus Stades" }, "geometry": { "type": "MultiLineString", "coordinates": [ [ [ -6.8229764, 33.97503 ], [ -6.8229356, 33.9749599 ], [ -6.8228977, 33.9749154 ], [ -6.8228631, 33.9748815 ], [ -6.8228354, 33.9748595 ], [ -6.8228055, 33.9748398 ], [ -6.8217479, 33.9740995 ], [ -6.8213316, 33.9738082 ] ], [ [ -6.8229764, 33.97503 ], [ -6.8224103, 33.9751787 ], [ -6.821561, 33.9754091 ], [ -6.8213097, 33.9754871 ], [ -6.8211083, 33.975566 ], [ -6.8209362, 33.9756365 ], [ -6.8204847, 33.9758295 ], [ -6.8197717, 33.9761337 ], [ -6.8196664, 33.9761805 ], [ -6.8196318, 33.9761949 ], [ -6.8195851, 33.9762099 ], [ -6.8195335, 33.9762192 ] ], [ [ -6.8195335, 33.9762192 ], [ -6.8195036, 33.9762024 ], [ -6.8194592, 33.9761919 ] ], [ [ -6.8194592, 33.9761919 ], [ -6.8194004, 33.9761962 ], [ -6.8193474, 33.9762178 ], [ -6.8193072, 33.9762536 ], [ -6.8192852, 33.976299 ] ], [ [ -6.8192852, 33.976299 ], [ -6.8192826, 33.9763363 ] ], [ [ -6.8192826, 33.9763363 ], [ -6.8190987, 33.9764391 ], [ -6.8183451, 33.9767688 ], [ -6.8182483, 33.97681 ], [ -6.8172003, 33.9772631 ], [ -6.8168856, 33.9774061 ], [ -6.8166008, 33.9775534 ], [ -6.8163181, 33.9777177 ], [ -6.8158425, 33.9780016 ], [ -6.8152752, 33.9783328 ], [ -6.8151815, 33.9783887 ], [ -6.8140329, 33.9790661 ], [ -6.8133795, 33.979454 ], [ -6.8130302, 33.9796596 ], [ -6.8126144, 33.9798983 ], [ -6.8125014, 33.9799582 ], [ -6.8124027, 33.9800044 ] ], [ [ -6.8124027, 33.9800044 ], [ -6.8123668, 33.9799956 ], [ -6.8123293, 33.9799976 ], [ -6.8122952, 33.98001 ], [ -6.8122682, 33.9800313 ] ], [ [ -6.8122682, 33.9800313 ], [ -6.8121817, 33.9800648 ], [ -6.8120207, 33.9801004 ], [ -6.8118859, 33.9801134 ], [ -6.8117065, 33.9801123 ], [ -6.8108737, 33.9800717 ], [ -6.8104389, 33.9800488 ], [ -6.8102944, 33.9800411 ], [ -6.8101374, 33.9800328 ], [ -6.8098222, 33.9800273 ], [ -6.8097316, 33.9800279 ], [ -6.8096412, 33.9800323 ], [ -6.8095006, 33.9800464 ], [ -6.8093618, 33.9800694 ], [ -6.8092255, 33.9801012 ], [ -6.809067, 33.980145 ], [ -6.8089116, 33.9801957 ], [ -6.8087757, 33.9802468 ], [ -6.8086052, 33.9803303 ], [ -6.8084797, 33.9804024 ], [ -6.8083584, 33.9804793 ], [ -6.8082132, 33.9805821 ], [ -6.8080755, 33.9806917 ], [ -6.8078535, 33.9809403 ], [ -6.8077038, 33.9811657 ] ], [ [ -6.8077038, 33.9811657 ], [ -6.8076537, 33.9812411 ], [ -6.8075772, 33.9813487 ], [ -6.8075055, 33.9814585 ], [ -6.8074527, 33.9815458 ], [ -6.8074029, 33.9816342 ], [ -6.8073056, 33.9818077 ], [ -6.8072353, 33.9819308 ], [ -6.8071414, 33.9821007 ], [ -6.8071117, 33.982147 ], [ -6.8070756, 33.9821954 ], [ -6.8070247, 33.9822497 ], [ -6.8065104, 33.982838 ], [ -6.8060182, 33.9833807 ], [ -6.8056226, 33.9838844 ], [ -6.8054362, 33.9841524 ], [ -6.8053125, 33.984341 ], [ -6.8051934, 33.9845316 ], [ -6.8047794, 33.9853041 ], [ -6.8045771, 33.9856758 ], [ -6.80437, 33.9860551 ], [ -6.8040387, 33.9866623 ], [ -6.8039878, 33.9867518 ] ], [ [ -6.8039878, 33.9867518 ], [ -6.8039387, 33.9868137 ], [ -6.8039127, 33.9868435 ], [ -6.8038753, 33.9868819 ], [ -6.8038363, 33.9869181 ] ], [ [ -6.8038363, 33.9869181 ], [ -6.8038116, 33.9869012 ], [ -6.8037831, 33.9868892 ], [ -6.8037521, 33.9868827 ], [ -6.8037201, 33.9868819 ] ], [ [ -6.8037201, 33.9868819 ], [ -6.803685, 33.9868868 ], [ -6.8036539, 33.986898 ], [ -6.8036266, 33.9869148 ], [ -6.8036046, 33.9869362 ], [ -6.8035889, 33.9869611 ], [ -6.8035803, 33.9869884 ], [ -6.8035793, 33.9870162 ], [ -6.8035857, 33.9870436 ], [ -6.8035993, 33.987069 ], [ -6.8036193, 33.9870914 ], [ -6.8036448, 33.9871095 ], [ -6.8036763, 33.9871225 ] ], [ [ -6.8036763, 33.9871225 ], [ -6.8036854, 33.9872088 ], [ -6.8036851, 33.9872745 ], [ -6.8036838, 33.9872963 ], [ -6.8036786, 33.987382 ] ], [ [ -6.8041715, 33.9901739 ], [ -6.803737, 33.9897892 ], [ -6.8035345, 33.9896001 ], [ -6.8034686, 33.9895326 ], [ -6.8034095, 33.9894609 ], [ -6.8033575, 33.9893855 ], [ -6.8033193, 33.9893196 ], [ -6.8032867, 33.9892516 ], [ -6.8032596, 33.989182 ], [ -6.8032441, 33.9891063 ], [ -6.8032352, 33.9890298 ], [ -6.8032327, 33.988953 ], [ -6.8032369, 33.9888757 ], [ -6.8032476, 33.9887988 ], [ -6.8032649, 33.9887228 ], [ -6.8035012, 33.9879136 ], [ -6.8036786, 33.987382 ] ], [ [ -6.8063749, 33.9903051 ], [ -6.8062677, 33.9901743 ], [ -6.8061925, 33.9900827 ], [ -6.8060973, 33.9899938 ], [ -6.806028, 33.9899424 ], [ -6.8059458, 33.9898814 ], [ -6.8057916, 33.9898147 ], [ -6.8056025, 33.9897602 ], [ -6.8054187, 33.9897369 ], [ -6.8051961, 33.9897336 ], [ -6.8049453, 33.9897791 ], [ -6.8047254, 33.9898692 ], [ -6.8045028, 33.9899826 ], [ -6.8041715, 33.9901739 ] ], [ [ -6.8063749, 33.9903051 ], [ -6.8064883, 33.9905047 ], [ -6.8065245, 33.9905608 ], [ -6.8066056, 33.9906431 ], [ -6.8066787, 33.990701 ], [ -6.8067784, 33.9907483 ] ], [ [ -6.8067784, 33.9907483 ], [ -6.8068063, 33.9907883 ], [ -6.8068454, 33.9908175 ], [ -6.8068933, 33.9908356 ], [ -6.8069456, 33.9908409 ], [ -6.8069973, 33.990833 ], [ -6.8070438, 33.9908125 ], [ -6.8070807, 33.9907814 ], [ -6.8070971, 33.9907582 ] ], [ [ -6.8070971, 33.9907582 ], [ -6.8071675, 33.9907304 ], [ -6.8072748, 33.9906965 ], [ -6.8074217, 33.9906804 ], [ -6.8075256, 33.990687 ], [ -6.8077087, 33.9906948 ], [ -6.8079852, 33.9907216 ], [ -6.8081867, 33.9907458 ], [ -6.8083232, 33.9907711 ] ], [ [ -6.8083232, 33.9907711 ], [ -6.8083491, 33.9908017 ], [ -6.8083859, 33.9908234 ], [ -6.8086292, 33.9908886 ], [ -6.8086868, 33.990889 ], [ -6.8087389, 33.9908685 ] ], [ [ -6.8087389, 33.9908685 ], [ -6.8089169, 33.9909162 ], [ -6.8090508, 33.990948 ], [ -6.8091846, 33.9909798 ], [ -6.8092244, 33.9909862 ], [ -6.809261, 33.9909895 ], [ -6.8093931, 33.9909979 ] ], [ [ -6.8093931, 33.9909979 ], [ -6.8094682, 33.9910101 ], [ -6.809601, 33.9910345 ], [ -6.8099637, 33.991089 ], [ -6.8101716, 33.9911057 ], [ -6.8102974, 33.991113 ], [ -6.8103929, 33.9911104 ], [ -6.8111622, 33.9911021 ], [ -6.811766, 33.991102 ], [ -6.8126927, 33.9910729 ], [ -6.8131595, 33.9910582 ], [ -6.813274, 33.9910546 ], [ -6.8136155, 33.9910645 ], [ -6.8138966, 33.9910807 ], [ -6.8145434, 33.9911944 ], [ -6.8145936, 33.9912021 ], [ -6.8148655, 33.9912563 ], [ -6.8151058, 33.9913055 ], [ -6.8152409, 33.9913403 ], [ -6.8159558, 33.9915583 ], [ -6.8160095, 33.9915767 ], [ -6.8162964, 33.991675 ], [ -6.8165432, 33.991764 ], [ -6.8167403, 33.9918463 ], [ -6.8167599, 33.991858 ], [ -6.8168423, 33.9919074 ], [ -6.816925, 33.9919997 ], [ -6.8170592, 33.9921148 ], [ -6.8171653, 33.9922065 ] ], [ [ -6.8171653, 33.9922065 ], [ -6.8172543, 33.9923828 ], [ -6.8172994, 33.9924727 ] ], [ [ -6.8172994, 33.9924727 ], [ -6.8172958, 33.9924945 ], [ -6.817299, 33.9925163 ], [ -6.8173086, 33.9925368 ], [ -6.8173482, 33.9925706 ], [ -6.8174032, 33.9925825 ], [ -6.8174316, 33.9925788 ] ], [ [ -6.8174316, 33.9925788 ], [ -6.817545, 33.9926857 ], [ -6.8176885, 33.992801 ] ], [ [ -6.8176885, 33.992801 ], [ -6.8178612, 33.9930174 ] ], [ [ -6.8178612, 33.9930174 ], [ -6.8179988, 33.9932387 ], [ -6.8180824, 33.9933732 ], [ -6.8182665, 33.9935542 ] ], [ [ -6.8182665, 33.9935542 ], [ -6.8185126, 33.9940263 ] ], [ [ -6.8185126, 33.9940263 ], [ -6.8185307, 33.994084 ], [ -6.8185688, 33.9941878 ] ], [ [ -6.8185688, 33.9941878 ], [ -6.8185589, 33.9942154 ], [ -6.8185563, 33.9942441 ], [ -6.8185612, 33.9942727 ], [ -6.8185734, 33.9942997 ] ], [ [ -6.8185734, 33.9942997 ], [ -6.8185994, 33.9943306 ], [ -6.8186347, 33.9943544 ], [ -6.8186766, 33.9943689 ], [ -6.8187218, 33.9943732 ], [ -6.8187666, 33.9943669 ] ], [ [ -6.8187666, 33.9943669 ], [ -6.818803, 33.994353 ] ], [ [ -6.818803, 33.994353 ], [ -6.818882, 33.9943918 ], [ -6.8189645, 33.9944255 ], [ -6.8190499, 33.9944537 ], [ -6.8191382, 33.9944762 ] ], [ [ -6.8191382, 33.9944762 ], [ -6.8191684, 33.9945043 ], [ -6.8193033, 33.9946269 ], [ -6.8196494, 33.9949426 ], [ -6.8198309, 33.9950908 ], [ -6.8199871, 33.9952257 ], [ -6.8200579, 33.9952868 ], [ -6.8202389, 33.9954508 ], [ -6.8202912, 33.9954945 ], [ -6.8203462, 33.9955395 ] ], [ [ -6.8203462, 33.9955395 ], [ -6.8204753, 33.9957029 ], [ -6.8205072, 33.9957385 ], [ -6.8205417, 33.9957724 ], [ -6.8206653, 33.9958603 ] ], [ [ -6.8206653, 33.9958603 ], [ -6.8206769, 33.9958911 ], [ -6.8207156, 33.9959373 ], [ -6.8207354, 33.995941 ], [ -6.8207794, 33.9959523 ], [ -6.8208255, 33.9959506 ], [ -6.8208641, 33.9959378 ], [ -6.8208961, 33.9959157 ] ], [ [ -6.8208961, 33.9959157 ], [ -6.8209836, 33.9958886 ], [ -6.8210714, 33.9958544 ], [ -6.8211666, 33.9958021 ], [ -6.8212699, 33.9957338 ], [ -6.8214332, 33.99559 ] ], [ [ -6.8214332, 33.99559 ], [ -6.8214758, 33.99556 ], [ -6.8221154, 33.9951446 ], [ -6.8222684, 33.9950452 ], [ -6.8226197, 33.9948451 ], [ -6.822831, 33.9947011 ], [ -6.8229577, 33.9946327 ], [ -6.8231461, 33.9945404 ], [ -6.8233868, 33.9945145 ], [ -6.8236118, 33.9944902 ], [ -6.8241218, 33.9944442 ], [ -6.8248418, 33.9943758 ], [ -6.8251142, 33.9943497 ], [ -6.8252832, 33.9943242 ], [ -6.825381, 33.9943016 ] ], [ [ -6.825381, 33.9943016 ], [ -6.825451, 33.9942934 ], [ -6.8254842, 33.9942866 ], [ -6.8256132, 33.9942594 ], [ -6.8256466, 33.9942666 ], [ -6.8256798, 33.9942677 ], [ -6.8257321, 33.994263 ], [ -6.8257931, 33.9942527 ], [ -6.8258782, 33.9942276 ], [ -6.8263943, 33.9940028 ], [ -6.8266638, 33.993915 ], [ -6.8268556, 33.9938624 ] ], [ [ -6.8268556, 33.9938624 ], [ -6.8269436, 33.9938422 ], [ -6.8270331, 33.993828 ], [ -6.8271237, 33.9938196 ], [ -6.8272151, 33.9938175 ], [ -6.8272918, 33.9938158 ] ], [ [ -6.8272918, 33.9938158 ], [ -6.8274125, 33.9938125 ] ], [ [ -6.8274125, 33.9938125 ], [ -6.827495, 33.9938101 ] ], [ [ -6.827495, 33.9938101 ], [ -6.8277521, 33.9937971 ], [ -6.8278205, 33.9937927 ], [ -6.8279357, 33.9937881 ], [ -6.8287727, 33.993756 ], [ -6.8294795, 33.9937298 ], [ -6.8300869, 33.9937102 ], [ -6.8301615, 33.9937052 ], [ -6.8302358, 33.9936974 ], [ -6.8303095, 33.993687 ], [ -6.8303827, 33.9936738 ], [ -6.830455, 33.993658 ], [ -6.8305265, 33.9936395 ] ], [ [ -6.8305265, 33.9936395 ], [ -6.8313445, 33.9936295 ], [ -6.8333196, 33.9935493 ] ], [ [ -6.8333196, 33.9935493 ], [ -6.833478, 33.9935425 ] ], [ [ -6.833478, 33.9935425 ], [ -6.8336227, 33.9935386 ] ], [ [ -6.8336227, 33.9935386 ], [ -6.8337174, 33.9935353 ], [ -6.8337573, 33.9935348 ], [ -6.8337971, 33.9935375 ], [ -6.8338364, 33.9935434 ], [ -6.8338747, 33.9935526 ], [ -6.8339177, 33.9935621 ] ], [ [ -6.8339177, 33.9935621 ], [ -6.8339438, 33.9935903 ], [ -6.8339766, 33.9936131 ], [ -6.8340168, 33.9936304 ], [ -6.8340607, 33.9936396 ], [ -6.834106, 33.9936404 ], [ -6.8341503, 33.9936326 ], [ -6.8341935, 33.9936157 ], [ -6.8342305, 33.9935906 ], [ -6.8342473, 33.9935724 ] ], [ [ -6.8342473, 33.9935724 ], [ -6.8342904, 33.9935593 ], [ -6.8343382, 33.9935454 ], [ -6.8343875, 33.993536 ], [ -6.8344231, 33.9935347 ], [ -6.8347394, 33.9935204 ], [ -6.835749, 33.9934746 ], [ -6.8358725, 33.9934668 ], [ -6.8363271, 33.9934507 ], [ -6.8371659, 33.9934246 ], [ -6.837462, 33.9934183 ], [ -6.8375712, 33.9934225 ], [ -6.8376787, 33.9934387 ], [ -6.8377827, 33.9934667 ], [ -6.8378812, 33.9935059 ], [ -6.8379726, 33.9935556 ], [ -6.8380314, 33.9935875 ], [ -6.8380921, 33.993612 ], [ -6.8381591, 33.9936342 ], [ -6.8382323, 33.9936542 ] ], [ [ -6.8382323, 33.9936542 ], [ -6.8382344, 33.9936586 ], [ -6.8382699, 33.9937116 ], [ -6.8383202, 33.9937555 ], [ -6.8383822, 33.9937877 ], [ -6.8384518, 33.9938061 ], [ -6.8385248, 33.9938095 ], [ -6.8385965, 33.9937977 ], [ -6.8386231, 33.9937902 ], [ -6.8386714, 33.9937651 ], [ -6.8387584, 33.9936981 ], [ -6.8388389, 33.9936259 ] ], [ [ -6.8388389, 33.9936259 ], [ -6.8391387, 33.9933688 ], [ -6.839239, 33.9932832 ], [ -6.8393521, 33.9932067 ] ], [ [ -6.8393521, 33.9932067 ], [ -6.839454, 33.9931517 ], [ -6.8395636, 33.9931043 ], [ -6.8396783, 33.9930661 ], [ -6.8398252, 33.9930318 ], [ -6.8399535, 33.9930163 ], [ -6.8400404, 33.9930065 ], [ -6.8401257, 33.9929967 ], [ -6.8402076, 33.9929805 ] ], [ [ -6.8402076, 33.9929805 ], [ -6.8402673, 33.9929871 ], [ -6.8403795, 33.9930034 ], [ -6.8404985, 33.9930318 ], [ -6.8406186, 33.9930768 ] ], [ [ -6.8406186, 33.9930768 ], [ -6.8407194, 33.9931224 ], [ -6.8408183, 33.9931831 ], [ -6.8409078, 33.9932531 ], [ -6.8409867, 33.9933314 ], [ -6.8410538, 33.9934168 ] ], [ [ -6.8410538, 33.9934168 ], [ -6.8415976, 33.9942348 ], [ -6.8416736, 33.9943583 ], [ -6.8417182, 33.9944441 ], [ -6.8417784, 33.9945618 ], [ -6.8420174, 33.9950474 ], [ -6.8424894, 33.9959765 ], [ -6.842638, 33.9962611 ], [ -6.8428777, 33.996727 ], [ -6.8431354, 33.9972278 ], [ -6.8433934, 33.9977293 ], [ -6.8434188, 33.9977781 ], [ -6.8438822, 33.9986726 ], [ -6.8438974, 33.998702 ] ], [ [ -6.8438974, 33.998702 ], [ -6.8440021, 33.9989831 ] ], [ [ -6.8440021, 33.9989831 ], [ -6.8439792, 33.9990288 ], [ -6.8439629, 33.999075 ], [ -6.8439525, 33.9991223 ], [ -6.8439483, 33.9991701 ], [ -6.8439501, 33.9992173 ] ], [ [ -6.8439501, 33.9992173 ], [ -6.8439626, 33.9992467 ], [ -6.843984, 33.9992726 ], [ -6.844012, 33.9992937 ], [ -6.8440315, 33.9993036 ], [ -6.8440525, 33.9993112 ], [ -6.8440858, 33.9993179 ], [ -6.8441201, 33.9993186 ], [ -6.8441537, 33.9993133 ] ], [ [ -6.8441537, 33.9993133 ], [ -6.8441826, 33.9992991 ], [ -6.8442107, 33.9992827 ], [ -6.8442325, 33.9992676 ], [ -6.8442536, 33.9992509 ], [ -6.8442812, 33.9992264 ], [ -6.8443107, 33.99919 ], [ -6.8443397, 33.9991427 ], [ -6.8443595, 33.9990922 ], [ -6.8443698, 33.9990398 ], [ -6.8443711, 33.99899 ] ], [ [ -6.8443711, 33.99899 ], [ -6.8443698, 33.9989578 ], [ -6.8443653, 33.998941 ], [ -6.8443583, 33.9989249 ], [ -6.8443353, 33.9988934 ], [ -6.8443076, 33.9988711 ], [ -6.8442743, 33.9988548 ], [ -6.8442374, 33.9988455 ] ], [ [ -6.8442374, 33.9988455 ], [ -6.8442387, 33.9987942 ], [ -6.8442434, 33.998743 ], [ -6.8442513, 33.998692 ], [ -6.8442631, 33.9986393 ], [ -6.8443375, 33.9983189 ], [ -6.844498, 33.9976936 ], [ -6.8445481, 33.9975116 ], [ -6.8445917, 33.9973508 ] ], [ [ -6.8445917, 33.9973508 ], [ -6.8447147, 33.9973122 ], [ -6.8448429, 33.9972719 ], [ -6.8454145, 33.9970774 ], [ -6.8460086, 33.9968752 ], [ -6.8465593, 33.9966878 ], [ -6.8466083, 33.9966711 ], [ -6.846701, 33.9966396 ], [ -6.8467824, 33.9966119 ], [ -6.8470794, 33.9965108 ], [ -6.84727, 33.9964459 ], [ -6.8478333, 33.9962542 ], [ -6.8479743, 33.9962063 ], [ -6.8480983, 33.996164 ], [ -6.8486705, 33.9959693 ], [ -6.849211, 33.9957854 ], [ -6.8492626, 33.9957678 ], [ -6.8493081, 33.9957523 ], [ -6.8498341, 33.9955733 ], [ -6.8501597, 33.9954665 ], [ -6.8502542, 33.9954328 ], [ -6.8503944, 33.9953827 ], [ -6.8506973, 33.9952796 ] ], [ [ -6.8506973, 33.9952796 ], [ -6.850763, 33.9952698 ], [ -6.8508274, 33.9952555 ], [ -6.8508901, 33.9952366 ], [ -6.8509508, 33.9952131 ] ], [ [ -6.8509508, 33.9952131 ], [ -6.850986, 33.9952345 ], [ -6.8510277, 33.995245 ], [ -6.8510602, 33.9952451 ], [ -6.8510917, 33.9952384 ], [ -6.8511201, 33.9952255 ] ], [ [ -6.8511201, 33.9952255 ], [ -6.8512039, 33.995257 ], [ -6.851284, 33.9952941 ], [ -6.8513599, 33.9953368 ] ], [ [ -6.8513599, 33.9953368 ], [ -6.8513453, 33.9955735 ], [ -6.8513387, 33.9956817 ] ], [ [ -6.8513387, 33.9956817 ], [ -6.8513111, 33.995744 ], [ -6.8512956, 33.9957936 ], [ -6.8512862, 33.9958385 ], [ -6.8512812, 33.9958802 ], [ -6.851275, 33.9959966 ], [ -6.8512688, 33.9961116 ], [ -6.8512617, 33.9962455 ], [ -6.8512495, 33.996414 ], [ -6.8512463, 33.9964575 ], [ -6.8512425, 33.9965104 ], [ -6.8512347, 33.9966179 ] ], [ [ -6.8512347, 33.9966179 ], [ -6.8512304, 33.996676 ], [ -6.8512246, 33.9967564 ], [ -6.8512214, 33.9968001 ], [ -6.851217, 33.9968615 ], [ -6.8512144, 33.9969084 ], [ -6.8512138, 33.9969643 ], [ -6.8512169, 33.9970311 ], [ -6.8512289, 33.9971299 ] ], [ [ -6.8512289, 33.9971299 ], [ -6.8511632, 33.9980652 ], [ -6.8511383, 33.9984064 ], [ -6.8510988, 33.9988606 ], [ -6.8510883, 33.9990164 ], [ -6.8510825, 33.9990763 ], [ -6.8510815, 33.9991309 ], [ -6.8510806, 33.9991847 ], [ -6.8510808, 33.999456 ], [ -6.8510874, 33.9995895 ], [ -6.8511025, 33.9997225 ], [ -6.851126, 33.9998547 ], [ -6.8511578, 33.9999857 ], [ -6.851198, 34.0001151 ], [ -6.8512241, 34.0002147 ], [ -6.851238, 34.0002678 ], [ -6.8513771, 34.0007985 ] ], [ [ -6.8513771, 34.0007985 ], [ -6.8514213, 34.0009892 ], [ -6.8514859, 34.0013189 ] ], [ [ -6.8514859, 34.0013189 ], [ -6.8514685, 34.0013553 ], [ -6.8514565, 34.0013932 ], [ -6.8514501, 34.001432 ], [ -6.8514495, 34.0014712 ], [ -6.8514458, 34.0015313 ], [ -6.8514326, 34.0016024 ], [ -6.851419, 34.0016493 ], [ -6.8513972, 34.0017069 ], [ -6.8513661, 34.0017667 ], [ -6.851342, 34.0018056 ], [ -6.8513079, 34.0018452 ], [ -6.8512672, 34.0018802 ], [ -6.8512207, 34.00191 ], [ -6.8511696, 34.0019339 ], [ -6.8511148, 34.0019514 ], [ -6.851064, 34.001965 ] ], [ [ -6.851064, 34.001965 ], [ -6.8510415, 34.0019538 ], [ -6.8510167, 34.0019466 ], [ -6.8509907, 34.0019437 ], [ -6.8509645, 34.0019452 ] ], [ [ -6.8509645, 34.0019452 ], [ -6.8509438, 34.0019499 ], [ -6.8509243, 34.0019574 ], [ -6.8509067, 34.0019675 ], [ -6.8508914, 34.0019799 ], [ -6.8508788, 34.0019943 ], [ -6.8508693, 34.0020102 ], [ -6.8508631, 34.0020272 ] ], [ [ -6.8508631, 34.0020272 ], [ -6.8508606, 34.0020442 ], [ -6.8508614, 34.0020613 ], [ -6.8508655, 34.002078 ], [ -6.850872, 34.0020925 ], [ -6.8508809, 34.002106 ], [ -6.8508922, 34.0021183 ], [ -6.8509055, 34.0021291 ], [ -6.8509206, 34.0021382 ] ], [ [ -6.8509206, 34.0021382 ], [ -6.8509535, 34.0022121 ], [ -6.8509903, 34.0022899 ], [ -6.8510242, 34.0023686 ], [ -6.8510573, 34.0024474 ], [ -6.8511192, 34.0025901 ] ], [ [ -6.8511192, 34.0025901 ], [ -6.8511589, 34.0026769 ], [ -6.8512195, 34.0028005 ], [ -6.8512733, 34.0029045 ] ], [ [ -6.8512733, 34.0029045 ], [ -6.8515377, 34.0034136 ] ], [ [ -6.8515377, 34.0034136 ], [ -6.8515451, 34.0034579 ], [ -6.8515556, 34.0035017 ], [ -6.8515701, 34.0035463 ], [ -6.8515879, 34.0035931 ], [ -6.8516103, 34.0036401 ], [ -6.8518979, 34.004184 ], [ -6.851928, 34.0042388 ], [ -6.8519575, 34.004295 ], [ -6.8519919, 34.0043493 ], [ -6.8520309, 34.0044013 ] ], [ [ -6.8520309, 34.0044013 ], [ -6.8520486, 34.004445 ], [ -6.8520823, 34.0045284 ], [ -6.8521367, 34.0046546 ], [ -6.8521944, 34.0047799 ], [ -6.8522553, 34.0049041 ] ], [ [ -6.8522553, 34.0049041 ], [ -6.8524485, 34.0052918 ] ], [ [ -6.8524485, 34.0052918 ], [ -6.8526788, 34.0057284 ], [ -6.8527478, 34.0058534 ], [ -6.8527705, 34.0058975 ], [ -6.8528112, 34.0059804 ] ], [ [ -6.8528112, 34.0059804 ], [ -6.8528068, 34.0060069 ], [ -6.8528097, 34.0060335 ], [ -6.8528199, 34.0060589 ] ], [ [ -6.8528199, 34.0060589 ], [ -6.8528142, 34.0061048 ], [ -6.8528046, 34.0061502 ], [ -6.8527912, 34.006195 ], [ -6.8527783, 34.006229 ], [ -6.8527632, 34.0062624 ], [ -6.852701, 34.0063914 ] ], [ [ -6.852701, 34.0063914 ], [ -6.8521943, 34.007105 ], [ -6.852066, 34.0072915 ] ], [ [ -6.852066, 34.0072915 ], [ -6.8522479, 34.0074034 ], [ -6.8524537, 34.00753 ], [ -6.8526518, 34.0076519 ] ], [ [ -6.8526518, 34.0076519 ], [ -6.8532738, 34.0080346 ], [ -6.8533214, 34.0080639 ], [ -6.8535953, 34.0082324 ] ], [ [ -6.8535953, 34.0082324 ], [ -6.8536264, 34.0082689 ], [ -6.853661, 34.008313 ], [ -6.8536933, 34.0083582 ], [ -6.8537234, 34.0084045 ], [ -6.8537518, 34.0084519 ] ], [ [ -6.8537518, 34.0084519 ], [ -6.8537312, 34.0085284 ], [ -6.8537317, 34.0086069 ], [ -6.8537534, 34.0086832 ] ], [ [ -6.8537534, 34.0086832 ], [ -6.8537857, 34.0087406 ], [ -6.8538299, 34.0087923 ], [ -6.8538847, 34.0088365 ] ], [ [ -6.8538847, 34.0088365 ], [ -6.8539871, 34.0088871 ] ], [ [ -6.8539871, 34.0088871 ], [ -6.8540797, 34.0089093 ], [ -6.854176, 34.0089133 ], [ -6.8542708, 34.0088991 ], [ -6.854356, 34.0088689 ], [ -6.8544311, 34.008824 ], [ -6.8544925, 34.0087666 ] ], [ [ -6.8544925, 34.0087666 ], [ -6.8545375, 34.008699 ], [ -6.8545634, 34.0086247 ], [ -6.854569, 34.0085476 ], [ -6.8545705, 34.0085346 ], [ -6.8545589, 34.0084878 ], [ -6.8545366, 34.0084303 ], [ -6.8545026, 34.0083769 ] ], [ [ -6.8545026, 34.0083769 ], [ -6.854574, 34.008272 ], [ -6.8546523, 34.0081709 ], [ -6.8547469, 34.0080646 ], [ -6.8548454, 34.0079569 ], [ -6.8553326, 34.0074281 ], [ -6.8560764, 34.0066113 ], [ -6.856332, 34.0063161 ] ], [ [ -6.856332, 34.0063161 ], [ -6.8564137, 34.0062282 ], [ -6.8566442, 34.0059824 ], [ -6.8567598, 34.005857 ], [ -6.8573906, 34.0051598 ], [ -6.8586116, 34.0038102 ], [ -6.8587081, 34.003688 ], [ -6.858747, 34.003634 ], [ -6.8587891, 34.0035757 ], [ -6.8588475, 34.0034882 ], [ -6.858932, 34.0033496 ], [ -6.8590311, 34.0031633 ], [ -6.8590488, 34.0031268 ] ], [ [ -6.8590488, 34.0031268 ], [ -6.8591145, 34.0030657 ], [ -6.8591495, 34.0030351 ], [ -6.8591906, 34.0030101 ], [ -6.8592363, 34.0029917 ], [ -6.8592854, 34.0029803 ], [ -6.8593361, 34.0029763 ], [ -6.8593868, 34.00298 ] ], [ [ -6.8593868, 34.00298 ], [ -6.8609896, 34.0040889 ], [ -6.8610501, 34.0041284 ], [ -6.8615928, 34.004483 ], [ -6.862172, 34.0048844 ], [ -6.8626331, 34.0052 ], [ -6.8631384, 34.0055459 ], [ -6.8632266, 34.0056057 ], [ -6.8633059, 34.0056594 ], [ -6.8634137, 34.0057325 ], [ -6.8635434, 34.0058205 ], [ -6.8636328, 34.0058811 ], [ -6.8636929, 34.0059218 ], [ -6.8637432, 34.005956 ] ], [ [ -6.8637432, 34.005956 ], [ -6.8637644, 34.0059703 ] ], [ [ -6.8637644, 34.0059703 ], [ -6.8637762, 34.0059587 ], [ -6.8638429, 34.0058925 ], [ -6.8638452, 34.0058903 ], [ -6.8639253, 34.0058155 ], [ -6.8640192, 34.005725 ] ], [ [ -6.8640192, 34.005725 ], [ -6.8640534, 34.0056921 ], [ -6.8640762, 34.0056702 ], [ -6.8641264, 34.005622 ], [ -6.8641935, 34.0055575 ], [ -6.8643479, 34.005413 ], [ -6.8645456, 34.0052338 ], [ -6.8646284, 34.0051397 ] ], [ [ -6.8646284, 34.0051397 ], [ -6.8649411, 34.0047734 ], [ -6.8650576, 34.004637 ], [ -6.8652817, 34.0043497 ] ], [ [ -6.8652817, 34.0043497 ], [ -6.8653398, 34.0042749 ] ], [ [ -6.8653398, 34.0042749 ], [ -6.8654583, 34.0040812 ], [ -6.8655518, 34.0039282 ], [ -6.8656752, 34.0037518 ], [ -6.8659472, 34.0033905 ], [ -6.8661472, 34.0031331 ], [ -6.8662774, 34.0029655 ], [ -6.866618, 34.0025426 ], [ -6.8669059, 34.0021903 ], [ -6.8669688, 34.0021133 ], [ -6.8670192, 34.0020517 ], [ -6.8671174, 34.0019315 ], [ -6.867325, 34.0016812 ], [ -6.8674789, 34.0014966 ], [ -6.8676165, 34.0013316 ], [ -6.8677256, 34.0011938 ], [ -6.8678854, 34.0009919 ], [ -6.8679691, 34.000892 ], [ -6.8681918, 34.0006134 ], [ -6.8684788, 34.0002215 ], [ -6.8686196, 34.0000269 ], [ -6.8687497, 33.9998624 ], [ -6.8688966, 33.9996767 ], [ -6.869032, 33.9995188 ], [ -6.8691306, 33.9993932 ], [ -6.8692641, 33.9992272 ], [ -6.8693523, 33.9991202 ], [ -6.8694654, 33.9989832 ], [ -6.8696369, 33.9987838 ], [ -6.869781, 33.9986026 ] ], [ [ -6.869781, 33.9986026 ], [ -6.8698878, 33.9984695 ], [ -6.8699526, 33.9983886 ] ], [ [ -6.8699526, 33.9983886 ], [ -6.87019, 33.998072 ], [ -6.870422, 33.9977965 ], [ -6.8705776, 33.9976114 ], [ -6.8707633, 33.9973638 ], [ -6.8710798, 33.9969575 ], [ -6.8713428, 33.996653 ], [ -6.8714165, 33.9965511 ], [ -6.8715754, 33.9963328 ], [ -6.8716677, 33.996179 ], [ -6.8716948, 33.9961128 ], [ -6.8717479, 33.9959825 ], [ -6.8718407, 33.9957112 ], [ -6.8718694, 33.9956082 ], [ -6.8719282, 33.9954022 ], [ -6.8719696, 33.9952398 ], [ -6.8720093, 33.9950496 ], [ -6.8720351, 33.9948628 ], [ -6.8720367, 33.9946953 ], [ -6.8720381, 33.9946094 ], [ -6.8720333, 33.9944975 ], [ -6.8719606, 33.9939694 ], [ -6.871946, 33.9938634 ], [ -6.8719337, 33.9937973 ], [ -6.8718161, 33.9931662 ], [ -6.8718038, 33.9930096 ], [ -6.8717815, 33.992884 ], [ -6.8717519, 33.9927026 ], [ -6.8717283, 33.9925429 ], [ -6.8716688, 33.9921397 ], [ -6.8716291, 33.9919548 ], [ -6.8716142, 33.9918702 ], [ -6.8715924, 33.9917866 ], [ -6.8715737, 33.9917308 ], [ -6.8715525, 33.991677 ] ], [ [ -6.8715525, 33.991677 ], [ -6.8715377, 33.9916158 ], [ -6.871526, 33.9915542 ], [ -6.871518, 33.9914922 ], [ -6.8715138, 33.9914299 ], [ -6.8715134, 33.9913675 ], [ -6.871512, 33.9912969 ], [ -6.8715167, 33.9912263 ], [ -6.8715275, 33.9911562 ] ], [ [ -6.8715275, 33.9911562 ], [ -6.8715401, 33.9911416 ], [ -6.8715505, 33.9911258 ], [ -6.8715583, 33.991109 ] ], [ [ -6.8715583, 33.991109 ], [ -6.8715662, 33.991063 ], [ -6.8715558, 33.9910174 ], [ -6.871528, 33.990977 ] ], [ [ -6.871528, 33.990977 ], [ -6.8714878, 33.9909472 ], [ -6.8714383, 33.9909292 ], [ -6.8713845, 33.990925 ] ], [ [ -6.8713845, 33.990925 ], [ -6.8713488, 33.9907343 ], [ -6.8713287, 33.9905786 ], [ -6.871224, 33.9899078 ], [ -6.8712092, 33.9898131 ] ], [ [ -6.8712092, 33.9898131 ], [ -6.8712299, 33.9897756 ], [ -6.8712361, 33.9897347 ], [ -6.8712302, 33.9897021 ], [ -6.871215, 33.9896716 ] ], [ [ -6.871215, 33.9896716 ], [ -6.8712252, 33.9896023 ], [ -6.8712449, 33.9895345 ], [ -6.8713039, 33.9894189 ], [ -6.8729034, 33.9873996 ], [ -6.8741733, 33.9857868 ], [ -6.8745243, 33.9853408 ], [ -6.8748587, 33.9849158 ], [ -6.8749926, 33.9847437 ], [ -6.8757221, 33.9838059 ], [ -6.8767266, 33.9825147 ] ], [ [ -6.8767266, 33.9825147 ], [ -6.8767829, 33.9825094 ] ], [ [ -6.8767829, 33.9825094 ], [ -6.8768311, 33.9824914 ], [ -6.8768693, 33.9824613 ], [ -6.8768935, 33.9824225 ], [ -6.8769007, 33.9823791 ], [ -6.8768904, 33.9823362 ], [ -6.8768635, 33.9822986 ] ], [ [ -6.8768635, 33.9822986 ], [ -6.8769477, 33.9821579 ], [ -6.8769957, 33.9820804 ], [ -6.8770426, 33.9819543 ] ], [ [ -6.8770426, 33.9819543 ], [ -6.8776801, 33.981162 ], [ -6.8779753, 33.9807948 ] ], [ [ -6.8779753, 33.9807948 ], [ -6.8780443, 33.9807379 ], [ -6.8780902, 33.9806827 ], [ -6.8782761, 33.9804573 ], [ -6.8790024, 33.9795422 ], [ -6.8797202, 33.9786376 ], [ -6.8800803, 33.978168 ], [ -6.8802461, 33.9779551 ] ], [ [ -6.8802461, 33.9779551 ], [ -6.8802805, 33.9779382 ], [ -6.8803072, 33.9779135 ], [ -6.8803235, 33.9778832 ], [ -6.8803278, 33.9778502 ], [ -6.8803232, 33.9778263 ], [ -6.8803123, 33.9778039 ] ], [ [ -6.8803123, 33.9778039 ], [ -6.8803402, 33.977763 ], [ -6.8803684, 33.9777233 ], [ -6.8803999, 33.9776757 ], [ -6.8806836, 33.9772592 ], [ -6.8807472, 33.9771658 ], [ -6.8809538, 33.976875 ], [ -6.8814131, 33.9763245 ], [ -6.8816049, 33.9760948 ], [ -6.8820146, 33.9756183 ], [ -6.8820749, 33.9755477 ], [ -6.8822171, 33.9753814 ], [ -6.882427, 33.9751382 ], [ -6.8827159, 33.9748035 ], [ -6.8828088, 33.97467 ], [ -6.8830349, 33.9744219 ] ], [ [ -6.8830349, 33.9744219 ], [ -6.8830994, 33.974418 ], [ -6.8831584, 33.974396 ] ], [ [ -6.8831584, 33.974396 ], [ -6.8832434, 33.9744516 ], [ -6.8833081, 33.9744939 ], [ -6.8841295, 33.9749966 ], [ -6.8847417, 33.9753647 ], [ -6.8848765, 33.9754492 ], [ -6.8849407, 33.9754873 ], [ -6.8849997, 33.9755222 ], [ -6.8851789, 33.9756311 ], [ -6.8855596, 33.9758672 ], [ -6.8855645, 33.9758702 ], [ -6.8863919, 33.9764012 ], [ -6.8866045, 33.9765413 ], [ -6.8866695, 33.9765947 ], [ -6.8867178, 33.9766398 ], [ -6.8867584, 33.9767279 ] ], [ [ -6.8867584, 33.9767279 ], [ -6.8867691, 33.9767817 ] ], [ [ -6.8867691, 33.9767817 ], [ -6.8868012, 33.976841 ], [ -6.8868519, 33.9768905 ], [ -6.8869172, 33.9769264 ] ], [ [ -6.8869172, 33.9769264 ], [ -6.8869967, 33.9769464 ], [ -6.8870797, 33.9769462 ], [ -6.887159, 33.9769257 ], [ -6.8872275, 33.9768867 ], [ -6.8872908, 33.9768142 ], [ -6.8873161, 33.9767271 ], [ -6.8873104, 33.97667 ] ], [ [ -6.8873104, 33.97667 ], [ -6.8873384, 33.9766012 ], [ -6.8873687, 33.9765669 ], [ -6.8874069, 33.9765325 ], [ -6.8874545, 33.9765024 ], [ -6.8875195, 33.9764596 ], [ -6.8876395, 33.9763834 ], [ -6.8877488, 33.9763167 ], [ -6.887952, 33.9761894 ], [ -6.8882799, 33.9759814 ], [ -6.888421, 33.9758904 ], [ -6.8885703, 33.975794 ], [ -6.8886769, 33.9757223 ], [ -6.8887882, 33.9756466 ], [ -6.889092, 33.9754453 ], [ -6.8892948, 33.9753088 ], [ -6.8893991, 33.9752403 ], [ -6.8895432, 33.9751456 ], [ -6.8896905, 33.975044 ], [ -6.8898068, 33.9749638 ], [ -6.8899107, 33.9748887 ], [ -6.8900391, 33.9747906 ], [ -6.8901829, 33.9746674 ], [ -6.8902331, 33.9746253 ], [ -6.8903026, 33.974567 ], [ -6.890362, 33.97451 ], [ -6.8904052, 33.9744641 ], [ -6.890535, 33.9743365 ], [ -6.8906657, 33.9742075 ], [ -6.8907226, 33.9741507 ], [ -6.8910614, 33.9738121 ], [ -6.8912757, 33.9736053 ], [ -6.8913765, 33.973508 ], [ -6.8914691, 33.9734151 ], [ -6.8917668, 33.9731126 ], [ -6.8919061, 33.9729755 ], [ -6.8920109, 33.9728724 ], [ -6.8922154, 33.9726755 ], [ -6.8924002, 33.9725017 ], [ -6.8926177, 33.9722923 ], [ -6.8928256, 33.9720927 ], [ -6.893014, 33.9719075 ], [ -6.8931998, 33.9717165 ], [ -6.8933142, 33.9716014 ], [ -6.8934592, 33.9714647 ], [ -6.893631, 33.9713214 ], [ -6.8937847, 33.9712036 ], [ -6.8940125, 33.9710403 ], [ -6.8941791, 33.9709377 ], [ -6.8944819, 33.9707799 ], [ -6.8947628, 33.9706278 ], [ -6.8948958, 33.9705612 ] ], [ [ -6.8950335, 33.9704622 ], [ -6.8951577, 33.970394 ], [ -6.8952325, 33.9703602 ], [ -6.8954055, 33.9702909 ], [ -6.8957757, 33.9701682 ], [ -6.8960812, 33.97008 ], [ -6.8963247, 33.9700198 ], [ -6.8965071, 33.9699886 ], [ -6.8967959, 33.9699406 ], [ -6.8970722, 33.9699117 ], [ -6.8980244, 33.9698344 ], [ -6.8981223, 33.9698177 ], [ -6.898192, 33.9697971 ], [ -6.8982524, 33.969766 ], [ -6.8983288, 33.9697081 ], [ -6.8985733, 33.9695063 ], [ -6.8986807, 33.9694142 ], [ -6.8990052, 33.9691428 ] ], [ [ -6.8986573, 33.96911 ], [ -6.8986284, 33.9691359 ], [ -6.8986028, 33.9691703 ], [ -6.8985863, 33.9692084 ], [ -6.8985797, 33.9692485 ], [ -6.8985833, 33.9692889 ], [ -6.8985969, 33.9693277 ], [ -6.8986199, 33.9693634 ], [ -6.8986376, 33.9693824 ], [ -6.898658, 33.9693994 ], [ -6.8986807, 33.9694142 ], [ -6.8987196, 33.9694322 ], [ -6.8987618, 33.9694438 ], [ -6.898806, 33.9694485 ], [ -6.8988504, 33.9694463 ], [ -6.8988935, 33.969437 ], [ -6.8989378, 33.9694192 ], [ -6.8989766, 33.969394 ], [ -6.8990082, 33.9693626 ], [ -6.8990312, 33.9693265 ], [ -6.899044, 33.9692895 ], [ -6.8990478, 33.9692511 ], [ -6.8990424, 33.9692129 ], [ -6.8990281, 33.9691763 ], [ -6.8990052, 33.9691428 ], [ -6.898993, 33.9691296 ], [ -6.8989795, 33.9691173 ], [ -6.8989648, 33.9691061 ], [ -6.8989489, 33.9690959 ], [ -6.8989007, 33.9690742 ], [ -6.8988673, 33.9690654 ], [ -6.8988327, 33.9690609 ], [ -6.8987977, 33.9690608 ], [ -6.8987631, 33.9690649 ], [ -6.8987295, 33.9690733 ], [ -6.8986914, 33.9690889 ], [ -6.8986573, 33.96911 ] ], [ [ -6.8990052, 33.9691428 ], [ -6.8991226, 33.969031 ], [ -6.8991619, 33.9689935 ], [ -6.8992296, 33.9689273 ], [ -6.8993112, 33.9688534 ], [ -6.8993939, 33.9687736 ], [ -6.8994737, 33.9686917 ] ], [ [ -6.8994737, 33.9686917 ], [ -6.8995214, 33.9686504 ], [ -6.8996601, 33.9685325 ], [ -6.8999411, 33.9682945 ], [ -6.9001114, 33.9681628 ], [ -6.9003274, 33.9679831 ], [ -6.9005645, 33.9677893 ], [ -6.9007231, 33.9676597 ], [ -6.9007505, 33.9676373 ], [ -6.900843, 33.9675665 ], [ -6.9009098, 33.9675072 ], [ -6.9016073, 33.9669372 ], [ -6.9016529, 33.9669 ], [ -6.9018817, 33.9667129 ], [ -6.901896, 33.9667009 ], [ -6.9020279, 33.9665905 ], [ -6.9023619, 33.9663075 ] ], [ [ -6.9023619, 33.9663075 ], [ -6.9024711, 33.9662001 ], [ -6.9025341, 33.9661361 ], [ -6.902554, 33.9661261 ], [ -6.9027065, 33.9659877 ], [ -6.9028212, 33.965888 ], [ -6.9034008, 33.9653846 ], [ -6.903602, 33.9652099 ], [ -6.9039468, 33.9649445 ] ], [ [ -6.9039468, 33.9649445 ], [ -6.9041347, 33.9649183 ], [ -6.9042783, 33.9649166 ], [ -6.9051634, 33.9649243 ] ], [ [ -6.9051634, 33.9649243 ], [ -6.9062474, 33.9649069 ] ], [ [ -6.9062474, 33.9649069 ], [ -6.9062348, 33.964835 ], [ -6.9062085, 33.9648048 ], [ -6.9061634, 33.9647791 ], [ -6.9056381, 33.9647755 ] ] ] } },
{ "type": "Feature", "properties": { "from_ar": "L121", "name": "L102:Z.Industrielle→Place D'Italie", "network": "Bus Stades" }, "geometry": { "type": "MultiLineString", "coordinates": [ [ [ -6.8037649, 33.9871276 ], [ -6.8037923, 33.9871197 ], [ -6.8038197, 33.9871062 ], [ -6.8038431, 33.9870882 ], [ -6.8038614, 33.9870665 ], [ -6.8038738, 33.9870421 ], [ -6.8038797, 33.987016 ], [ -6.8038783, 33.986987 ], [ -6.8038707, 33.9869657 ] ], [ [ -6.8038707, 33.9869657 ], [ -6.8039573, 33.9868947 ], [ -6.8039935, 33.986852 ], [ -6.8040466, 33.9867743 ], [ -6.8041457, 33.9865968 ], [ -6.8043338, 33.986253 ], [ -6.8046317, 33.9856975 ], [ -6.8048397, 33.9853222 ], [ -6.804906, 33.9852027 ], [ -6.8049574, 33.9851099 ], [ -6.8052028, 33.984654 ], [ -6.8053181, 33.9844646 ], [ -6.8054375, 33.984277 ], [ -6.8055512, 33.9841055 ], [ -6.8056682, 33.9839356 ], [ -6.805784, 33.983779 ], [ -6.8059056, 33.9836253 ], [ -6.8062261, 33.9832528 ], [ -6.8067384, 33.9826823 ], [ -6.8072037, 33.9821485 ], [ -6.8072477, 33.9820976 ], [ -6.8072869, 33.982044 ], [ -6.8073315, 33.9819679 ], [ -6.8073749, 33.9818796 ], [ -6.8074827, 33.9816759 ], [ -6.8075249, 33.9816012 ] ], [ [ -6.8075249, 33.9816012 ], [ -6.8076691, 33.9813456 ], [ -6.8077655, 33.9811936 ] ], [ [ -6.8077655, 33.9811936 ], [ -6.8078314, 33.9810898 ], [ -6.8079004, 33.9809885 ], [ -6.8079774, 33.9808913 ], [ -6.808062, 33.9807985 ], [ -6.8081616, 33.9807039 ], [ -6.808269, 33.9806155 ], [ -6.8083839, 33.9805338 ], [ -6.8084945, 33.9804623 ], [ -6.80861, 33.9803962 ], [ -6.8087299, 33.9803359 ], [ -6.8088746, 33.980273 ], [ -6.8090242, 33.9802184 ], [ -6.8091778, 33.9801724 ], [ -6.8092684, 33.980146 ], [ -6.8093606, 33.9801237 ], [ -6.8094541, 33.9801057 ], [ -6.8095863, 33.9800876 ], [ -6.8097198, 33.9800779 ], [ -6.8098538, 33.9800767 ], [ -6.8099304, 33.980077 ], [ -6.8101622, 33.9800812 ], [ -6.810291, 33.980087 ], [ -6.8104338, 33.9800933 ], [ -6.8116683, 33.9801524 ], [ -6.8118527, 33.9801521 ], [ -6.812021, 33.9801496 ], [ -6.8122723, 33.9801413 ] ], [ [ -6.8122723, 33.9801413 ], [ -6.8123023, 33.980162 ], [ -6.8123393, 33.9801723 ], [ -6.8123783, 33.9801711 ], [ -6.8124143, 33.9801583 ], [ -6.8124411, 33.9801371 ], [ -6.8124577, 33.9801096 ], [ -6.812462, 33.980079 ] ], [ [ -6.812462, 33.980079 ], [ -6.8125578, 33.9800144 ], [ -6.8127171, 33.9799172 ], [ -6.8130741, 33.9797096 ], [ -6.8141734, 33.9790608 ], [ -6.8152398, 33.9784523 ], [ -6.8153405, 33.9783954 ], [ -6.8163736, 33.977783 ], [ -6.816937, 33.9774761 ], [ -6.8182843, 33.9768655 ], [ -6.8183839, 33.9768203 ], [ -6.8191376, 33.9764969 ], [ -6.8193389, 33.9764245 ] ], [ [ -6.8193389, 33.9764245 ], [ -6.8193763, 33.9764435 ], [ -6.8194187, 33.9764534 ], [ -6.8194626, 33.9764532 ], [ -6.8195048, 33.9764431 ], [ -6.819542, 33.9764237 ], [ -6.8195641, 33.9764049 ], [ -6.8195813, 33.9763828 ], [ -6.8195928, 33.9763584 ], [ -6.8195983, 33.9763325 ], [ -6.8195992, 33.976319 ] ], [ [ -6.8195992, 33.976319 ], [ -6.8196358, 33.9762917 ], [ -6.819666, 33.9762705 ], [ -6.8197048, 33.9762511 ], [ -6.8198123, 33.9761989 ], [ -6.8209717, 33.9756997 ], [ -6.8212639, 33.9755764 ], [ -6.8213441, 33.9755475 ], [ -6.8215844, 33.9754681 ], [ -6.821921, 33.9753741 ], [ -6.8222863, 33.9752828 ], [ -6.8224262, 33.9752477 ], [ -6.823008, 33.9751044 ], [ -6.823309, 33.9750301 ], [ -6.8239434, 33.9748737 ], [ -6.8246078, 33.9747156 ], [ -6.824644, 33.974707 ] ], [ [ -6.824644, 33.974707 ], [ -6.8247311, 33.9747162 ], [ -6.8248144, 33.974739 ], [ -6.8248911, 33.9747743 ], [ -6.8249584, 33.9748211 ], [ -6.8249856, 33.9748564 ], [ -6.8250203, 33.9748998 ] ], [ [ -6.8250203, 33.9748998 ], [ -6.8251467, 33.9755456 ], [ -6.8253024, 33.9765 ], [ -6.8253135, 33.9765853 ], [ -6.8253426, 33.9768076 ], [ -6.8254019, 33.9773496 ], [ -6.8254097, 33.9774407 ], [ -6.8254147, 33.9774992 ], [ -6.8254247, 33.9776153 ], [ -6.8254374, 33.9778055 ], [ -6.8254804, 33.9782939 ], [ -6.8254969, 33.9784848 ], [ -6.825542, 33.9790492 ], [ -6.8255528, 33.9791545 ], [ -6.8255688, 33.9792594 ], [ -6.8255834, 33.9793272 ], [ -6.8256005, 33.979407 ], [ -6.8256426, 33.9795529 ], [ -6.8257441, 33.9798868 ], [ -6.8258556, 33.9801841 ], [ -6.8259381, 33.9804125 ], [ -6.8259671, 33.9804927 ], [ -6.8261357, 33.9809437 ], [ -6.8261924, 33.9810954 ], [ -6.8262769, 33.9813256 ], [ -6.826351, 33.9815166 ], [ -6.8264011, 33.9816516 ], [ -6.8265662, 33.9820969 ], [ -6.8266528, 33.9823379 ], [ -6.8266871, 33.9824315 ], [ -6.8268282, 33.9828235 ], [ -6.8269013, 33.9830424 ], [ -6.8269428, 33.9831926 ] ], [ [ -6.8269428, 33.9831926 ], [ -6.8267776, 33.9832612 ], [ -6.8261376, 33.9835592 ], [ -6.8258241, 33.9837189 ], [ -6.8257406, 33.9837614 ], [ -6.8248128, 33.9842575 ], [ -6.8245689, 33.9843879 ], [ -6.8243914, 33.9844828 ], [ -6.8238539, 33.9847702 ], [ -6.8235719, 33.984921 ], [ -6.8231442, 33.9851433 ], [ -6.8230464, 33.9851931 ], [ -6.8224926, 33.9854779 ], [ -6.8221794, 33.9856389 ], [ -6.8211799, 33.9861505 ], [ -6.8208704, 33.9863065 ], [ -6.8201846, 33.9866526 ], [ -6.820039, 33.9867261 ], [ -6.8198746, 33.986809 ], [ -6.8197663, 33.9868637 ], [ -6.8189262, 33.9872877 ], [ -6.8188062, 33.9873534 ], [ -6.8186785, 33.9874267 ], [ -6.8185911, 33.9874861 ], [ -6.8184914, 33.9875638 ] ], [ [ -6.8184914, 33.9875638 ], [ -6.8184322, 33.9876193 ], [ -6.8183617, 33.9876925 ], [ -6.8182974, 33.9877696 ], [ -6.8182399, 33.9878503 ], [ -6.8181893, 33.9879341 ], [ -6.8181459, 33.9880206 ], [ -6.8181099, 33.9881095 ], [ -6.8180815, 33.9882002 ], [ -6.8180642, 33.9882541 ], [ -6.8179635, 33.9885677 ], [ -6.8177691, 33.9891732 ], [ -6.8177421, 33.9892647 ], [ -6.8177239, 33.9893577 ], [ -6.8177147, 33.98948 ], [ -6.8177139, 33.9895459 ], [ -6.8177176, 33.9896334 ], [ -6.8177837, 33.9900205 ], [ -6.8178661, 33.9904896 ], [ -6.8180108, 33.9913105 ], [ -6.8180359, 33.9914654 ], [ -6.8180694, 33.9916717 ] ], [ [ -6.8180694, 33.9916717 ], [ -6.8181072, 33.9918345 ], [ -6.8181511, 33.9920308 ], [ -6.8182333, 33.9924509 ], [ -6.8183222, 33.9929643 ], [ -6.8183291, 33.9930191 ], [ -6.8183242, 33.993076 ] ], [ [ -6.8183242, 33.993076 ], [ -6.8182449, 33.9932777 ], [ -6.8182263, 33.993354 ], [ -6.8182665, 33.9935542 ] ], [ [ -6.8182665, 33.9935542 ], [ -6.8185126, 33.9940263 ] ], [ [ -6.8185126, 33.9940263 ], [ -6.8185307, 33.994084 ], [ -6.8185688, 33.9941878 ] ], [ [ -6.8185688, 33.9941878 ], [ -6.8185589, 33.9942154 ], [ -6.8185563, 33.9942441 ], [ -6.8185612, 33.9942727 ], [ -6.8185734, 33.9942997 ] ], [ [ -6.8185734, 33.9942997 ], [ -6.8185689, 33.9943805 ], [ -6.8185712, 33.9944502 ], [ -6.8185781, 33.9945196 ], [ -6.8185897, 33.9945887 ], [ -6.8186045, 33.9946707 ], [ -6.8186305, 33.9948153 ] ], [ [ -6.8186305, 33.9948153 ], [ -6.818459, 33.9948345 ], [ -6.8183389, 33.9948529 ], [ -6.818231, 33.9948818 ], [ -6.8181056, 33.994934 ], [ -6.8179088, 33.9950388 ], [ -6.8178266, 33.9951014 ], [ -6.8175899, 33.9952788 ], [ -6.8175007, 33.9953477 ], [ -6.817258, 33.9955256 ], [ -6.8169871, 33.9957068 ], [ -6.8166398, 33.9959592 ], [ -6.8164566, 33.9960876 ], [ -6.8163179, 33.9961849 ], [ -6.816275, 33.9962266 ], [ -6.8160497, 33.9964006 ], [ -6.8160103, 33.9964257 ], [ -6.8159276, 33.9964784 ], [ -6.8157718, 33.9965961 ], [ -6.8156111, 33.9967175 ], [ -6.8153778, 33.9968921 ], [ -6.8153134, 33.9969399 ], [ -6.8152329, 33.997011 ] ], [ [ -6.8152329, 33.997011 ], [ -6.8154197, 33.9971817 ], [ -6.8162329, 33.997925 ], [ -6.8163898, 33.9980721 ], [ -6.8166606, 33.9983259 ], [ -6.816766, 33.9984247 ], [ -6.8169412, 33.9985724 ], [ -6.8174722, 33.9990474 ], [ -6.817663, 33.9992271 ], [ -6.817954, 33.9994541 ] ], [ [ -6.817954, 33.9994541 ], [ -6.8179983, 33.9994093 ], [ -6.8180432, 33.9993765 ], [ -6.8181365, 33.9993204 ], [ -6.8184037, 33.9991791 ], [ -6.8184599, 33.9991496 ], [ -6.8186283, 33.9990566 ], [ -6.8186967, 33.9990221 ], [ -6.8189639, 33.9988639 ], [ -6.8192811, 33.9986877 ], [ -6.8195636, 33.9985393 ], [ -6.819727, 33.9984531 ], [ -6.8199282, 33.9983224 ], [ -6.8200301, 33.9982435 ], [ -6.8200703, 33.9981751 ], [ -6.8200831, 33.9981483 ], [ -6.820114, 33.9980839 ] ], [ [ -6.820114, 33.9980839 ], [ -6.8202619, 33.9981038 ], [ -6.8204117, 33.9981094 ], [ -6.8205612, 33.9981007 ], [ -6.8207072, 33.9980781 ], [ -6.8208021, 33.9980554 ], [ -6.8208586, 33.9980388 ], [ -6.8211913, 33.9979102 ], [ -6.8218201, 33.9976489 ], [ -6.8222744, 33.9974572 ], [ -6.8223299, 33.9974334 ], [ -6.8224393, 33.9973865 ], [ -6.8225524, 33.9973462 ], [ -6.8226688, 33.9973131 ], [ -6.8227879, 33.9972873 ], [ -6.8228996, 33.9972572 ], [ -6.8229952, 33.9972286 ], [ -6.823081, 33.9971728 ] ], [ [ -6.8231648, 33.9971795 ], [ -6.8232556, 33.9972196 ], [ -6.8233549, 33.9972441 ], [ -6.823481, 33.9972738 ], [ -6.8236841, 33.9973372 ], [ -6.8238766, 33.9974171 ], [ -6.8240094, 33.9974934 ], [ -6.82413, 33.9975825 ], [ -6.8242367, 33.9976831 ], [ -6.8243279, 33.9977937 ], [ -6.8244023, 33.9979126 ], [ -6.8244587, 33.9980381 ], [ -6.8244963, 33.9981684 ], [ -6.8245145, 33.9983015 ], [ -6.8245557, 33.9987986 ], [ -6.8245763, 33.9989082 ], [ -6.8246089, 33.9990157 ], [ -6.8246533, 33.9991203 ], [ -6.8247404, 33.9993054 ], [ -6.82475, 33.9993271 ], [ -6.8247582, 33.9993493 ], [ -6.824768, 33.9993834 ], [ -6.8247746, 33.9994181 ], [ -6.824778, 33.9994532 ] ], [ [ -6.824778, 33.9994532 ], [ -6.8247557, 33.9994927 ], [ -6.8247489, 33.9995361 ], [ -6.8247583, 33.9995791 ], [ -6.8247832, 33.9996177 ], [ -6.824821, 33.9996481 ] ], [ [ -6.824821, 33.9996481 ], [ -6.8248692, 33.9996679 ], [ -6.8249225, 33.9996743 ], [ -6.8249756, 33.9996666 ], [ -6.8250231, 33.9996456 ], [ -6.8250589, 33.9996151 ], [ -6.8250823, 33.9995772 ] ], [ [ -6.8250823, 33.9995772 ], [ -6.8251407, 33.999554 ], [ -6.8251958, 33.9995375 ], [ -6.8252512, 33.9995265 ], [ -6.825303, 33.9995212 ], [ -6.8253552, 33.9995202 ], [ -6.825544, 33.9995202 ], [ -6.8255779, 33.9995169 ], [ -6.825609, 33.999511 ], [ -6.8256684, 33.9994964 ] ], [ [ -6.8256684, 33.9994964 ], [ -6.8268549, 33.9994898 ] ], [ [ -6.8268549, 33.9994898 ], [ -6.8269421, 33.9995027 ], [ -6.8269884, 33.9995068 ], [ -6.8270303, 33.9995088 ], [ -6.8271573, 33.9995106 ] ], [ [ -6.8271573, 33.9995106 ], [ -6.8272043, 33.999524 ], [ -6.8272487, 33.9995424 ], [ -6.82729, 33.9995657 ], [ -6.8273272, 33.9995934 ], [ -6.8273595, 33.9996249 ], [ -6.8273864, 33.9996598 ], [ -6.8274074, 33.9996974 ] ], [ [ -6.8274074, 33.9996974 ], [ -6.8274112, 33.9999505 ], [ -6.8274155, 34.0002837 ] ], [ [ -6.8274155, 34.0002837 ], [ -6.8274215, 34.0005388 ] ], [ [ -6.8274215, 34.0005388 ], [ -6.827424, 34.000853 ], [ -6.8274205, 34.0009939 ], [ -6.8274111, 34.0011347 ], [ -6.8273958, 34.0012751 ], [ -6.8273746, 34.001415 ], [ -6.8273333, 34.0017016 ], [ -6.8273111, 34.001862 ], [ -6.8272481, 34.0023171 ], [ -6.8271558, 34.0029832 ], [ -6.8271179, 34.0032563 ], [ -6.8270759, 34.0035116 ], [ -6.8270326, 34.0037262 ], [ -6.8269827, 34.0039398 ], [ -6.826926, 34.0041522 ], [ -6.8266985, 34.0049871 ], [ -6.8266746, 34.0050567 ], [ -6.8266465, 34.0051252 ], [ -6.8266142, 34.0051925 ], [ -6.826578, 34.0052583 ], [ -6.8265294, 34.0053286 ], [ -6.8264817, 34.0053967 ] ], [ [ -6.8264817, 34.0053967 ], [ -6.8264038, 34.005509 ] ], [ [ -6.8264038, 34.005509 ], [ -6.8263486, 34.0055425 ], [ -6.8263178, 34.0055644 ], [ -6.8262736, 34.0056041 ], [ -6.8262355, 34.005648 ], [ -6.8262042, 34.0056953 ], [ -6.826176, 34.0057563 ], [ -6.8261589, 34.0058201 ], [ -6.8261533, 34.0058853 ], [ -6.8261554, 34.005923 ], [ -6.8261613, 34.0059604 ] ], [ [ -6.8261613, 34.0059604 ], [ -6.8261662, 34.0059964 ], [ -6.8261741, 34.0060332 ], [ -6.8261869, 34.006069 ], [ -6.8262044, 34.0061035 ], [ -6.8262264, 34.0061361 ], [ -6.8262526, 34.0061665 ], [ -6.8262827, 34.0061943 ] ], [ [ -6.8262827, 34.0061943 ], [ -6.826319, 34.0062261 ] ], [ [ -6.826319, 34.0062261 ], [ -6.8264188, 34.0063081 ], [ -6.8265408, 34.0064132 ] ], [ [ -6.8265408, 34.0064132 ], [ -6.8265567, 34.0064281 ] ], [ [ -6.8265567, 34.0064281 ], [ -6.8266035, 34.0064669 ], [ -6.8266511, 34.0065014 ], [ -6.8268355, 34.0066362 ], [ -6.8268487, 34.0066474 ], [ -6.8268618, 34.006661 ], [ -6.8268848, 34.0066894 ] ], [ [ -6.8268848, 34.0066894 ], [ -6.8269936, 34.0067833 ], [ -6.8271938, 34.0069561 ], [ -6.8275628, 34.0072742 ], [ -6.8278008, 34.0074793 ] ], [ [ -6.8278008, 34.0074793 ], [ -6.8278742, 34.0075421 ] ], [ [ -6.8278742, 34.0075421 ], [ -6.8282612, 34.0078731 ], [ -6.8285689, 34.0081367 ], [ -6.8288086, 34.0083422 ] ], [ [ -6.8288086, 34.0083422 ], [ -6.8289896, 34.0084928 ], [ -6.8290571, 34.0085489 ] ], [ [ -6.8290571, 34.0085489 ], [ -6.8291872, 34.0086473 ], [ -6.8292176, 34.0086642 ], [ -6.8292485, 34.0086775 ], [ -6.8292839, 34.0086867 ] ], [ [ -6.8292839, 34.0086867 ], [ -6.8293014, 34.0086999 ], [ -6.8295975, 34.008961 ], [ -6.8298322, 34.0091929 ], [ -6.8300614, 34.009451 ], [ -6.8302653, 34.0097147 ], [ -6.8307175, 34.0103715 ], [ -6.8320858, 34.0123509 ] ], [ [ -6.8320858, 34.0123509 ], [ -6.8320955, 34.0123954 ], [ -6.8321047, 34.0124222 ], [ -6.8321176, 34.0124509 ], [ -6.8321759, 34.012545 ], [ -6.8321909, 34.0125903 ], [ -6.8321995, 34.0126367 ], [ -6.8322018, 34.0126836 ], [ -6.8321976, 34.0127301 ] ], [ [ -6.8321976, 34.0127301 ], [ -6.8321617, 34.0130372 ], [ -6.8321607, 34.0131142 ], [ -6.8321694, 34.0131786 ], [ -6.8321794, 34.0132192 ], [ -6.8322628, 34.013408 ], [ -6.8323276, 34.0135124 ], [ -6.8324036, 34.0136115 ], [ -6.8324902, 34.0137044 ], [ -6.8325867, 34.0137904 ], [ -6.8326826, 34.0138708 ], [ -6.8328469, 34.0139661 ] ], [ [ -6.8328469, 34.0139661 ], [ -6.83296, 34.0139881 ], [ -6.8330721, 34.0140136 ], [ -6.833183, 34.0140425 ] ], [ [ -6.833183, 34.0140425 ], [ -6.8336039, 34.0141364 ], [ -6.8336539, 34.0141476 ] ], [ [ -6.8336539, 34.0141476 ], [ -6.8339118, 34.0142006 ] ], [ [ -6.8339118, 34.0142006 ], [ -6.8339389, 34.0141863 ], [ -6.833971, 34.0141696 ], [ -6.8340742, 34.0141171 ] ], [ [ -6.8340742, 34.0141171 ], [ -6.8342251, 34.0140449 ] ], [ [ -6.8342251, 34.0140449 ], [ -6.8343026, 34.0140111 ], [ -6.8344517, 34.0139461 ], [ -6.8346972, 34.0138446 ], [ -6.8349029, 34.0137715 ], [ -6.8351467, 34.0136882 ], [ -6.8352032, 34.0136716 ], [ -6.8352875, 34.0136468 ] ], [ [ -6.8352875, 34.0136468 ], [ -6.8354279, 34.0136054 ] ], [ [ -6.8354279, 34.0136054 ], [ -6.8358058, 34.0135081 ], [ -6.8360599, 34.0134467 ] ], [ [ -6.8360599, 34.0134467 ], [ -6.8364811, 34.01335 ], [ -6.8368512, 34.0132685 ] ], [ [ -6.8368512, 34.0132685 ], [ -6.8369216, 34.0132711 ], [ -6.8369454, 34.013272 ], [ -6.8369836, 34.013273 ], [ -6.8370416, 34.0132725 ], [ -6.8371226, 34.0132713 ], [ -6.837171, 34.0132703 ] ], [ [ -6.837171, 34.0132703 ], [ -6.8373, 34.013266 ], [ -6.8374306, 34.0132595 ] ], [ [ -6.8374306, 34.0132595 ], [ -6.837515, 34.0132512 ], [ -6.8375973, 34.0132336 ], [ -6.837676, 34.0132071 ], [ -6.8377384, 34.013167 ], [ -6.837786, 34.0131403 ], [ -6.8378527, 34.0131014 ] ], [ [ -6.8378527, 34.0131014 ], [ -6.8379245, 34.0130941 ], [ -6.838014, 34.0131029 ], [ -6.8381222, 34.0131239 ] ], [ [ -6.8381222, 34.0131239 ], [ -6.8381875, 34.0131435 ], [ -6.8382694, 34.0131747 ], [ -6.838347, 34.0132129 ], [ -6.8384193, 34.0132576 ], [ -6.8384857, 34.0133083 ], [ -6.8385453, 34.0133644 ], [ -6.8386136, 34.0134232 ] ], [ [ -6.8386136, 34.0134232 ], [ -6.8386218, 34.0135189 ], [ -6.8386171, 34.0136423 ], [ -6.838603, 34.0137312 ], [ -6.8385649, 34.0138469 ], [ -6.8384895, 34.0140492 ], [ -6.8384645, 34.0141231 ], [ -6.8384471, 34.0142041 ], [ -6.8384272, 34.0143096 ], [ -6.8384231, 34.0143772 ], [ -6.8384217, 34.0144417 ], [ -6.8384301, 34.0145594 ], [ -6.8384412, 34.0147018 ], [ -6.8384533, 34.0148602 ], [ -6.8384582, 34.0148773 ], [ -6.8384664, 34.0148936 ], [ -6.8384777, 34.0149085 ], [ -6.8385046, 34.0149391 ], [ -6.8385087, 34.0149442 ], [ -6.8385148, 34.0149524 ], [ -6.8385291, 34.0149728 ], [ -6.8385374, 34.0149867 ] ], [ [ -6.8385374, 34.0149867 ], [ -6.8385527, 34.0150152 ], [ -6.838586, 34.0150884 ], [ -6.8386151, 34.0151658 ], [ -6.8386402, 34.0152373 ], [ -6.838652, 34.0152738 ], [ -6.8386778, 34.015354 ], [ -6.8387139, 34.015466 ] ], [ [ -6.8387139, 34.015466 ], [ -6.8387776, 34.0156642 ] ], [ [ -6.8387776, 34.0156642 ], [ -6.8388066, 34.0157504 ], [ -6.8388456, 34.0159041 ], [ -6.8388733, 34.0160231 ], [ -6.8388954, 34.0161574 ], [ -6.8389094, 34.0162852 ], [ -6.8389289, 34.0164203 ], [ -6.8389584, 34.0165209 ], [ -6.8389893, 34.0166015 ], [ -6.8390181, 34.0166699 ], [ -6.8390993, 34.016831 ], [ -6.8391744, 34.0169784 ], [ -6.8392367, 34.0171223 ], [ -6.8392708, 34.0172268 ], [ -6.839297, 34.0173601 ], [ -6.8393138, 34.0175247 ], [ -6.8393379, 34.0178293 ], [ -6.8393567, 34.0179615 ], [ -6.8393862, 34.018086 ], [ -6.8394091, 34.0181633 ], [ -6.8394479, 34.0182628 ], [ -6.8395123, 34.0183895 ], [ -6.8395293, 34.0184197 ] ], [ [ -6.8395293, 34.0184197 ], [ -6.8396, 34.0185456 ], [ -6.8396561, 34.0186494 ] ], [ [ -6.8396561, 34.0186494 ], [ -6.8397066, 34.0187617 ], [ -6.8397839, 34.0189314 ], [ -6.8397966, 34.0189859 ], [ -6.8398134, 34.0190742 ], [ -6.8398244, 34.0191932 ], [ -6.8398373, 34.0195143 ], [ -6.8398457, 34.0196305 ], [ -6.8398636, 34.0197279 ], [ -6.8398837, 34.0198157 ], [ -6.8399203, 34.0199181 ], [ -6.8399467, 34.0199858 ], [ -6.8399828, 34.0200619 ], [ -6.8401324, 34.020334 ] ], [ [ -6.8401324, 34.020334 ], [ -6.8401999, 34.020441 ], [ -6.8402149, 34.0204669 ] ], [ [ -6.8402149, 34.0204669 ], [ -6.8402835, 34.0205921 ], [ -6.8405041, 34.0210063 ], [ -6.8405143, 34.0210275 ], [ -6.8405231, 34.021049 ], [ -6.8405306, 34.0210708 ], [ -6.8405368, 34.021093 ] ], [ [ -6.8405368, 34.021093 ], [ -6.8405302, 34.0211067 ], [ -6.8405253, 34.021121 ] ], [ [ -6.8405253, 34.021121 ], [ -6.8405251, 34.021142 ], [ -6.8405302, 34.0211626 ], [ -6.8405406, 34.0211818 ], [ -6.8405556, 34.0211987 ], [ -6.8405747, 34.0212125 ], [ -6.8405969, 34.0212226 ], [ -6.8406212, 34.0212286 ], [ -6.8406353, 34.0212298 ] ], [ [ -6.8406353, 34.0212298 ], [ -6.84066, 34.0212547 ], [ -6.8406882, 34.0212762 ], [ -6.8407194, 34.0212947 ], [ -6.8407674, 34.0213151 ], [ -6.8408647, 34.0213413 ], [ -6.8409412, 34.0213621 ], [ -6.8410114, 34.0213844 ], [ -6.84108, 34.0214099 ], [ -6.8411468, 34.0214384 ], [ -6.8412077, 34.0214698 ], [ -6.8412627, 34.021508 ], [ -6.8413107, 34.0215522 ], [ -6.8413508, 34.0216016 ], [ -6.841382, 34.0216551 ], [ -6.8413994, 34.0217123 ], [ -6.8414108, 34.0217705 ], [ -6.8414161, 34.0218293 ], [ -6.8414126, 34.0218883 ], [ -6.8414042, 34.0219376 ], [ -6.8413936, 34.0219866 ], [ -6.8413807, 34.0220352 ], [ -6.8413656, 34.0220834 ], [ -6.8411994, 34.0224774 ] ], [ [ -6.8411994, 34.0224774 ], [ -6.8411587, 34.0225667 ], [ -6.8409486, 34.023024 ], [ -6.8409216, 34.0230971 ], [ -6.8409029, 34.0231693 ], [ -6.840899, 34.0232359 ], [ -6.8409074, 34.0233057 ], [ -6.8409307, 34.0233731 ], [ -6.8410101, 34.0235372 ] ], [ [ -6.8410101, 34.0235372 ], [ -6.8410347, 34.0236155 ], [ -6.8410704, 34.0237286 ], [ -6.8410813, 34.0237633 ] ], [ [ -6.8410813, 34.0237633 ], [ -6.8412571, 34.0243184 ], [ -6.8412734, 34.0243714 ], [ -6.8415111, 34.0251149 ], [ -6.8418645, 34.0262234 ], [ -6.8418788, 34.0262673 ], [ -6.8418974, 34.0263101 ], [ -6.8419204, 34.0263515 ], [ -6.8419425, 34.0263889 ] ], [ [ -6.8419425, 34.0263889 ], [ -6.8419556, 34.0264257 ], [ -6.8419751, 34.0264606 ], [ -6.842017, 34.026512 ], [ -6.8420398, 34.0265358 ], [ -6.8422032, 34.026695 ] ], [ [ -6.8422032, 34.026695 ], [ -6.8421971, 34.0267067 ], [ -6.8421896, 34.0267387 ], [ -6.8421942, 34.0267711 ], [ -6.8422106, 34.0268007 ], [ -6.8422371, 34.0268248 ], [ -6.8422712, 34.026841 ], [ -6.8423097, 34.0268479 ], [ -6.8423466, 34.0268451 ] ], [ [ -6.8423466, 34.0268451 ], [ -6.8423718, 34.0268414 ], [ -6.8423952, 34.0268329 ], [ -6.8424156, 34.0268201 ], [ -6.8424319, 34.0268037 ], [ -6.8424431, 34.0267846 ], [ -6.8424483, 34.0267662 ] ], [ [ -6.8424483, 34.0267662 ], [ -6.8424832, 34.0267658 ], [ -6.8425173, 34.0267599 ], [ -6.8425495, 34.0267485 ], [ -6.842744, 34.0266385 ], [ -6.8428132, 34.0266004 ], [ -6.8428852, 34.026566 ], [ -6.8429419, 34.0265418 ], [ -6.8430368, 34.0265095 ], [ -6.8436017, 34.0263394 ], [ -6.8442052, 34.0261517 ], [ -6.844284, 34.0261271 ], [ -6.84433, 34.0261127 ], [ -6.8450291, 34.0258654 ], [ -6.8450423, 34.0258588 ], [ -6.8455772, 34.0255741 ], [ -6.8461729, 34.025257 ], [ -6.8467314, 34.0248725 ], [ -6.8469413, 34.0247094 ], [ -6.8473014, 34.0244296 ], [ -6.8474717, 34.0242885 ], [ -6.8476916, 34.0241103 ], [ -6.8477909, 34.0240339 ], [ -6.8486091, 34.0233428 ] ], [ [ -6.8486091, 34.0233428 ], [ -6.8493951, 34.0226739 ] ], [ [ -6.823081, 33.9971728 ], [ -6.8230906, 33.9971772 ], [ -6.8231007, 33.9971807 ], [ -6.8231112, 33.9971831 ], [ -6.8231219, 33.9971845 ], [ -6.8231328, 33.9971848 ], [ -6.8231437, 33.9971841 ], [ -6.8231544, 33.9971823 ], [ -6.8231648, 33.9971795 ] ] ] } },
{ "type": "Feature", "properties": { "from_ar": "L6", "name": "L6:Hizb AL Istiklal→Marché de gros Témara", "network": "Bus Stades" }, "geometry": { "type": "MultiLineString", "coordinates": [ [ [ -6.8402504, 34.0203798 ], [ -6.8401316, 34.0201691 ], [ -6.8400627, 34.0200363 ], [ -6.8400308, 34.0199628 ], [ -6.8400059, 34.0199059 ], [ -6.8399804, 34.0198306 ], [ -6.8399538, 34.0197167 ], [ -6.8399419, 34.0196313 ], [ -6.839932, 34.0195189 ], [ -6.8399059, 34.0191315 ], [ -6.8399019, 34.019085 ], [ -6.83989, 34.0190139 ], [ -6.8398653, 34.0189143 ], [ -6.8398441, 34.0188448 ], [ -6.8397953, 34.0187296 ], [ -6.8397398, 34.0186182 ] ], [ [ -6.8397398, 34.0186182 ], [ -6.839701, 34.0185414 ], [ -6.8396254, 34.0183913 ], [ -6.8396063, 34.0183534 ], [ -6.8395416, 34.0182258 ], [ -6.8395257, 34.0181944 ], [ -6.8394908, 34.018106 ], [ -6.8394808, 34.0180632 ], [ -6.8394553, 34.0179499 ], [ -6.8394392, 34.0177926 ], [ -6.8394251, 34.0176364 ], [ -6.839411, 34.017528 ], [ -6.8393943, 34.0173713 ], [ -6.8393628, 34.017244 ], [ -6.8393306, 34.0171362 ], [ -6.8392987, 34.0170384 ], [ -6.8392454, 34.01692 ], [ -6.8391093, 34.0166265 ], [ -6.8390717, 34.0165481 ], [ -6.8390335, 34.0164492 ], [ -6.8390094, 34.0163419 ], [ -6.8389989, 34.0162495 ], [ -6.8389851, 34.0161348 ], [ -6.838972, 34.0160548 ], [ -6.8389568, 34.0159736 ], [ -6.8389179, 34.015825 ] ], [ [ -6.8389179, 34.015825 ], [ -6.8389053, 34.0157751 ], [ -6.8388699, 34.0156482 ], [ -6.8388438, 34.0155544 ], [ -6.8387907, 34.0153849 ] ], [ [ -6.8387907, 34.0153849 ], [ -6.8387454, 34.0152542 ], [ -6.8387268, 34.0152007 ] ], [ [ -6.8387268, 34.0152007 ], [ -6.8386759, 34.0150197 ], [ -6.8386548, 34.0149329 ], [ -6.8386473, 34.0149018 ], [ -6.8386117, 34.0147629 ], [ -6.838599, 34.0146584 ], [ -6.8385816, 34.0144694 ], [ -6.8385862, 34.0143421 ], [ -6.8385937, 34.0142243 ], [ -6.838603, 34.0141476 ], [ -6.8386359, 34.0140214 ], [ -6.8386828, 34.0138841 ], [ -6.838711, 34.0137724 ], [ -6.8387311, 34.0136829 ], [ -6.8387458, 34.0135912 ], [ -6.8387532, 34.0135223 ], [ -6.8387499, 34.0134445 ], [ -6.8387331, 34.0133233 ], [ -6.838694, 34.0130489 ], [ -6.8386804, 34.0129501 ], [ -6.8386791, 34.0128721 ], [ -6.8386786, 34.0128423 ], [ -6.8386772, 34.012755 ], [ -6.8386841, 34.0126996 ] ], [ [ -6.8386841, 34.0126996 ], [ -6.8386908, 34.0126345 ], [ -6.8387291, 34.0124974 ] ], [ [ -6.8387291, 34.0124974 ], [ -6.8387643, 34.012445 ], [ -6.8388441, 34.0123493 ], [ -6.8389231, 34.0122544 ], [ -6.8390731, 34.012121 ], [ -6.8396904, 34.0116293 ], [ -6.839926, 34.011449 ], [ -6.8401386, 34.0112967 ], [ -6.8403082, 34.0111767 ], [ -6.8405369, 34.0110249 ], [ -6.8406992, 34.0109265 ], [ -6.8407804, 34.0108769 ], [ -6.8408731, 34.0108202 ] ], [ [ -6.8408731, 34.0108202 ], [ -6.8409887, 34.0107549 ] ], [ [ -6.8409887, 34.0107549 ], [ -6.8411444, 34.0106592 ], [ -6.8413349, 34.0105442 ], [ -6.8414018, 34.0105033 ], [ -6.8415361, 34.0104246 ], [ -6.8416578, 34.0103475 ], [ -6.8417648, 34.0102795 ], [ -6.8418683, 34.0102099 ], [ -6.8419989, 34.0101163 ], [ -6.8420541, 34.010074 ], [ -6.8420888, 34.0100475 ], [ -6.8421596, 34.0099917 ], [ -6.8422158, 34.0099469 ], [ -6.8422753, 34.0098999 ], [ -6.842324, 34.0098579 ], [ -6.8424164, 34.0097798 ], [ -6.8424628, 34.009737 ], [ -6.8425271, 34.0096786 ], [ -6.842586, 34.0096238 ], [ -6.8426787, 34.0095347 ], [ -6.842857, 34.00935 ], [ -6.8430119, 34.0091639 ], [ -6.843327, 34.0087654 ], [ -6.8434216, 34.0086248 ], [ -6.8435168, 34.008478 ], [ -6.8435946, 34.0083413 ], [ -6.8436764, 34.0081845 ], [ -6.843771, 34.0079683 ], [ -6.8438199, 34.0078188 ], [ -6.8438878, 34.007575 ], [ -6.8438977, 34.0075281 ], [ -6.8439245, 34.0073835 ], [ -6.8439386, 34.0072429 ], [ -6.8439487, 34.0070889 ], [ -6.8439487, 34.0069227 ], [ -6.843946, 34.0067971 ], [ -6.8439326, 34.006677 ], [ -6.8439087, 34.0065262 ], [ -6.8438898, 34.0064326 ], [ -6.8438661, 34.0063325 ], [ -6.8438406, 34.006239 ], [ -6.8437873, 34.0060881 ], [ -6.8436824, 34.0057943 ], [ -6.8435852, 34.0055202 ], [ -6.8435014, 34.0052812 ], [ -6.8434008, 34.0049827 ], [ -6.8433217, 34.0047742 ], [ -6.8432503, 34.0045835 ], [ -6.8431977, 34.0044402 ], [ -6.8431542, 34.0043147 ], [ -6.8431326, 34.0042523 ], [ -6.8430991, 34.0041468 ] ], [ [ -6.8430991, 34.0041468 ], [ -6.8431289, 34.0041161 ], [ -6.8431392, 34.0041009 ], [ -6.8431503, 34.004081 ], [ -6.8431624, 34.0040429 ], [ -6.8431646, 34.0040036 ], [ -6.8431569, 34.0039647 ], [ -6.8431401, 34.0039272 ], [ -6.8431134, 34.0038952 ], [ -6.8430796, 34.0038676 ], [ -6.8430566, 34.0038557 ], [ -6.8430395, 34.0038463 ] ], [ [ -6.8430395, 34.0038463 ], [ -6.8430331, 34.0038279 ], [ -6.8430188, 34.0037788 ], [ -6.8430081, 34.003724 ], [ -6.8430035, 34.0036808 ], [ -6.8430022, 34.0036325 ], [ -6.8430046, 34.0035839 ], [ -6.843013, 34.0035096 ], [ -6.8430296, 34.0034359 ], [ -6.8430486, 34.0033626 ], [ -6.8431355, 34.0030536 ], [ -6.8431637, 34.0029531 ], [ -6.8432262, 34.0027353 ], [ -6.843256, 34.0026161 ], [ -6.8432736, 34.0025435 ], [ -6.843494, 34.0017178 ], [ -6.8435206, 34.0016184 ], [ -6.8435589, 34.0014778 ], [ -6.8435898, 34.001364 ], [ -6.8436925, 34.0009631 ], [ -6.8439422, 34.0001305 ], [ -6.8441283, 33.999492 ], [ -6.8441394, 33.9994538 ], [ -6.8441449, 33.9994207 ], [ -6.8441515, 33.9993671 ], [ -6.8441537, 33.9993133 ] ], [ [ -6.8441537, 33.9993133 ], [ -6.8441826, 33.9992991 ], [ -6.8442107, 33.9992827 ], [ -6.8442325, 33.9992676 ], [ -6.8442536, 33.9992509 ], [ -6.8442812, 33.9992264 ], [ -6.8443107, 33.99919 ], [ -6.8443397, 33.9991427 ], [ -6.8443595, 33.9990922 ], [ -6.8443698, 33.9990398 ], [ -6.8443711, 33.99899 ] ], [ [ -6.8443711, 33.99899 ], [ -6.8443698, 33.9989578 ], [ -6.8443653, 33.998941 ], [ -6.8443583, 33.9989249 ], [ -6.8443353, 33.9988934 ], [ -6.8443076, 33.9988711 ], [ -6.8442743, 33.9988548 ], [ -6.8442374, 33.9988455 ] ], [ [ -6.8442374, 33.9988455 ], [ -6.8442387, 33.9987942 ], [ -6.8442434, 33.998743 ], [ -6.8442513, 33.998692 ], [ -6.8442631, 33.9986393 ], [ -6.8443375, 33.9983189 ], [ -6.844498, 33.9976936 ], [ -6.8445481, 33.9975116 ], [ -6.8445917, 33.9973508 ] ], [ [ -6.8445917, 33.9973508 ], [ -6.8447147, 33.9973122 ], [ -6.8448429, 33.9972719 ], [ -6.8454145, 33.9970774 ], [ -6.8460086, 33.9968752 ], [ -6.8465593, 33.9966878 ], [ -6.8466083, 33.9966711 ], [ -6.846701, 33.9966396 ], [ -6.8467824, 33.9966119 ], [ -6.8470794, 33.9965108 ], [ -6.84727, 33.9964459 ], [ -6.8478333, 33.9962542 ], [ -6.8479743, 33.9962063 ], [ -6.8480983, 33.996164 ], [ -6.8486705, 33.9959693 ], [ -6.849211, 33.9957854 ], [ -6.8492626, 33.9957678 ], [ -6.8493081, 33.9957523 ], [ -6.8498341, 33.9955733 ], [ -6.8501597, 33.9954665 ], [ -6.8502542, 33.9954328 ], [ -6.8503944, 33.9953827 ], [ -6.8506973, 33.9952796 ] ], [ [ -6.8506973, 33.9952796 ], [ -6.850763, 33.9952698 ], [ -6.8508274, 33.9952555 ], [ -6.8508901, 33.9952366 ], [ -6.8509508, 33.9952131 ] ], [ [ -6.8509508, 33.9952131 ], [ -6.850986, 33.9952345 ], [ -6.8510277, 33.995245 ], [ -6.8510602, 33.9952451 ], [ -6.8510917, 33.9952384 ], [ -6.8511201, 33.9952255 ] ], [ [ -6.8511201, 33.9952255 ], [ -6.8512039, 33.995257 ], [ -6.851284, 33.9952941 ], [ -6.8513599, 33.9953368 ] ], [ [ -6.8513876, 33.9948862 ], [ -6.8513599, 33.9953368 ] ], [ [ -6.8513985, 33.9942391 ], [ -6.8513954, 33.9946171 ], [ -6.8513928, 33.9947066 ], [ -6.8513876, 33.9948862 ] ], [ [ -6.8513985, 33.9942391 ], [ -6.8514008, 33.9935804 ] ], [ [ -6.8514008, 33.9935804 ], [ -6.8514015, 33.9935075 ], [ -6.8514026, 33.9933788 ], [ -6.8514046, 33.9929616 ] ], [ [ -6.8514046, 33.9929616 ], [ -6.851405, 33.9928936 ], [ -6.8514067, 33.9925323 ], [ -6.8514087, 33.9922102 ], [ -6.8514121, 33.9916611 ] ], [ [ -6.8514121, 33.9916611 ], [ -6.8514131, 33.9915003 ], [ -6.8514148, 33.9912239 ], [ -6.851418, 33.9907352 ], [ -6.8514206, 33.9903413 ], [ -6.8514221, 33.9902734 ], [ -6.8514286, 33.9899807 ], [ -6.8514561, 33.9891209 ], [ -6.8514594, 33.9890329 ] ], [ [ -6.8514594, 33.9890329 ], [ -6.8514688, 33.9887995 ], [ -6.8514747, 33.9886538 ], [ -6.8514813, 33.9884924 ], [ -6.8515103, 33.9877757 ] ], [ [ -6.8515103, 33.9877757 ], [ -6.8515302, 33.9877243 ], [ -6.8515455, 33.9876719 ], [ -6.8515563, 33.9876188 ], [ -6.8515625, 33.9875651 ], [ -6.851564, 33.9875112 ] ], [ [ -6.851564, 33.9875112 ], [ -6.8517003, 33.9873665 ], [ -6.851752, 33.987322 ], [ -6.8518096, 33.9872827 ], [ -6.8518723, 33.9872494 ], [ -6.8519393, 33.9872224 ], [ -6.8520097, 33.9872021 ], [ -6.8520825, 33.9871888 ], [ -6.8521566, 33.9871827 ], [ -6.8522311, 33.9871838 ], [ -6.8522923, 33.9871888 ], [ -6.8524771, 33.9872235 ] ], [ [ -6.8524771, 33.9872235 ], [ -6.8534145, 33.9878303 ], [ -6.8536851, 33.9879944 ], [ -6.8541512, 33.9883029 ], [ -6.8549565, 33.9888268 ], [ -6.8551601, 33.9889569 ], [ -6.8552751, 33.9890305 ], [ -6.8563626, 33.9897242 ], [ -6.8565665, 33.9898604 ], [ -6.8566054, 33.9898905 ], [ -6.8566487, 33.9899282 ], [ -6.8566887, 33.9899667 ], [ -6.8567498, 33.990032 ], [ -6.8568088, 33.9900995 ] ], [ [ -6.8568088, 33.9900995 ], [ -6.8567906, 33.9901496 ], [ -6.8567824, 33.9902015 ], [ -6.8567847, 33.9902539 ], [ -6.856794, 33.9902955 ], [ -6.8568031, 33.9903207 ], [ -6.8568147, 33.9903451 ], [ -6.8568314, 33.9903728 ] ], [ [ -6.8568314, 33.9903728 ], [ -6.8568629, 33.9904121 ], [ -6.8569011, 33.9904472 ], [ -6.8569452, 33.9904772 ], [ -6.8569941, 33.9905015 ], [ -6.8570468, 33.9905195 ] ], [ [ -6.8570468, 33.9905195 ], [ -6.8570922, 33.9905293 ], [ -6.8571386, 33.9905345 ], [ -6.8571855, 33.9905349 ], [ -6.8572322, 33.9905307 ], [ -6.8572778, 33.9905217 ], [ -6.8573218, 33.9905082 ] ], [ [ -6.8573218, 33.9905082 ], [ -6.8573759, 33.990484 ], [ -6.8574246, 33.9904529 ], [ -6.8574667, 33.9904158 ], [ -6.8575012, 33.9903736 ] ], [ [ -6.8575012, 33.9903736 ], [ -6.8575272, 33.9903273 ], [ -6.8575439, 33.9902782 ], [ -6.8575509, 33.9902275 ], [ -6.8575481, 33.9901765 ] ], [ [ -6.8575481, 33.9901765 ], [ -6.857539, 33.990137 ], [ -6.857524, 33.9900988 ], [ -6.8575033, 33.9900624 ] ], [ [ -6.8575033, 33.9900624 ], [ -6.8574936, 33.9900126 ], [ -6.8574904, 33.9899625 ], [ -6.8574953, 33.9899124 ], [ -6.8575081, 33.9898679 ], [ -6.8575303, 33.9898167 ], [ -6.8575574, 33.9897719 ] ], [ [ -6.8575574, 33.9897719 ], [ -6.8576178, 33.9897 ], [ -6.8576525, 33.9896661 ], [ -6.8577053, 33.9896178 ], [ -6.8577761, 33.9895561 ], [ -6.857974, 33.9893611 ], [ -6.8582194, 33.9890992 ], [ -6.8583073, 33.989011 ], [ -6.8585419, 33.9887756 ], [ -6.8589208, 33.9883553 ], [ -6.859121, 33.9881471 ], [ -6.8595203, 33.987732 ], [ -6.8595741, 33.9876784 ], [ -6.8596783, 33.9875745 ], [ -6.8597826, 33.9874678 ], [ -6.8598941, 33.9873496 ], [ -6.8602289, 33.9869955 ], [ -6.8602896, 33.9869313 ], [ -6.860504, 33.9867045 ], [ -6.8608692, 33.9863312 ], [ -6.8612493, 33.9859457 ], [ -6.8613961, 33.9857806 ], [ -6.8614975, 33.9856701 ], [ -6.8617954, 33.9853456 ], [ -6.8618309, 33.9853052 ], [ -6.8619173, 33.9852157 ], [ -6.8622151, 33.984898 ], [ -6.8626454, 33.984439 ], [ -6.8627421, 33.9843376 ], [ -6.8630822, 33.9839812 ], [ -6.8640795, 33.9829626 ], [ -6.8646125, 33.9824181 ], [ -6.8646662, 33.9823587 ], [ -6.8647046, 33.9822963 ], [ -6.8647246, 33.9822484 ], [ -6.8647378, 33.9821989 ], [ -6.8647439, 33.982151 ], [ -6.8647436, 33.9821029 ] ], [ [ -6.8647436, 33.9821029 ], [ -6.8651307, 33.9817348 ], [ -6.8651623, 33.981681 ], [ -6.8651562, 33.9816286 ], [ -6.8651401, 33.9815758 ], [ -6.8651086, 33.9815108 ], [ -6.8649715, 33.9813164 ] ], [ [ -6.8649715, 33.9813164 ], [ -6.8649304, 33.981217 ], [ -6.8649042, 33.9811142 ], [ -6.8648931, 33.9810095 ], [ -6.8648974, 33.9809044 ], [ -6.8649103, 33.9808281 ], [ -6.8649312, 33.980753 ] ], [ [ -6.8649312, 33.980753 ], [ -6.8654543, 33.9802128 ], [ -6.8655154, 33.9801472 ], [ -6.8659561, 33.9796819 ], [ -6.8662432, 33.9793928 ], [ -6.8667179, 33.9788534 ], [ -6.8669992, 33.9785505 ], [ -6.8674568, 33.9781052 ] ], [ [ -6.8674568, 33.9781052 ], [ -6.8675085, 33.9780805 ], [ -6.8675434, 33.9780583 ], [ -6.8675917, 33.9780216 ], [ -6.8677378, 33.9778698 ], [ -6.8679237, 33.9776798 ] ], [ [ -6.8679237, 33.9776798 ], [ -6.8679355, 33.9776759 ], [ -6.8679769, 33.9776535 ], [ -6.8680127, 33.9776253 ], [ -6.8680419, 33.9775923 ], [ -6.8680634, 33.9775554 ], [ -6.8680767, 33.977516 ] ], [ [ -6.8680767, 33.977516 ], [ -6.8683647, 33.9772168 ], [ -6.8683889, 33.977183 ], [ -6.8684051, 33.9771461 ], [ -6.8684127, 33.9771079 ] ], [ [ -6.8684127, 33.9771079 ], [ -6.8684309, 33.9770888 ], [ -6.8684788, 33.9770385 ], [ -6.8685356, 33.9769778 ], [ -6.8692104, 33.9762563 ], [ -6.8697703, 33.9756761 ], [ -6.86995, 33.9754859 ], [ -6.8705111, 33.9749361 ], [ -6.8705738, 33.9748362 ], [ -6.8706648, 33.9746713 ], [ -6.8707131, 33.9745617 ], [ -6.8707701, 33.9743771 ], [ -6.8707942, 33.9742792 ], [ -6.8708177, 33.9741235 ], [ -6.8708311, 33.9739689 ], [ -6.8708217, 33.9737754 ], [ -6.8708059, 33.9734346 ] ], [ [ -6.8708059, 33.9734346 ], [ -6.8708508, 33.9733331 ], [ -6.8708694, 33.9733043 ], [ -6.870911, 33.97324 ], [ -6.8709954, 33.9731618 ] ], [ [ -6.8709954, 33.9731618 ], [ -6.8710578, 33.9731272 ], [ -6.8711107, 33.973066 ], [ -6.8711312, 33.9729927 ], [ -6.871124, 33.9729392 ], [ -6.8710993, 33.9728894 ] ], [ [ -6.8710993, 33.9728894 ], [ -6.871098, 33.9728154 ], [ -6.8711028, 33.9727414 ], [ -6.8711138, 33.9726679 ] ], [ [ -6.8711138, 33.9726679 ], [ -6.8719356, 33.971771 ], [ -6.8720169, 33.9716872 ], [ -6.8722479, 33.9714241 ], [ -6.8724029, 33.9712474 ], [ -6.8729412, 33.9706699 ], [ -6.8730286, 33.9705761 ], [ -6.8732065, 33.9703852 ], [ -6.8732679, 33.9703149 ], [ -6.8733556, 33.9702166 ], [ -6.8736093, 33.9699323 ], [ -6.8740277, 33.9694478 ] ], [ [ -6.8740277, 33.9694478 ], [ -6.8743055, 33.9693034 ] ], [ [ -6.8743055, 33.9693034 ], [ -6.8743574, 33.9693046 ], [ -6.8744083, 33.969296 ], [ -6.8744555, 33.9692781 ], [ -6.8745227, 33.9692265 ], [ -6.8745598, 33.9691571 ], [ -6.8745648, 33.96911 ], [ -6.8745556, 33.9690633 ], [ -6.8745325, 33.96902 ] ], [ [ -6.8745325, 33.96902 ], [ -6.8746854, 33.968855 ], [ -6.8752099, 33.9682 ], [ -6.875242, 33.9681599 ], [ -6.8754995, 33.9678618 ], [ -6.8756859, 33.9676538 ], [ -6.8757783, 33.9675471 ], [ -6.875833, 33.9674871 ], [ -6.8758811, 33.9674403 ] ], [ [ -6.8758811, 33.9674403 ], [ -6.8759322, 33.9674295 ], [ -6.8759767, 33.9674061 ], [ -6.8760104, 33.9673724 ], [ -6.8760298, 33.9673318 ], [ -6.8760332, 33.9672882 ] ], [ [ -6.8760332, 33.9672882 ], [ -6.8760202, 33.9672458 ], [ -6.8759919, 33.9672088 ] ], [ [ -6.8759919, 33.9672088 ], [ -6.8760286, 33.9671505 ], [ -6.8760534, 33.9670577 ], [ -6.8760748, 33.966962 ], [ -6.8760879, 33.9667589 ] ], [ [ -6.8760879, 33.9667589 ], [ -6.8761633, 33.966556 ], [ -6.8761928, 33.9663925 ], [ -6.8762016, 33.9663324 ], [ -6.876222, 33.9661926 ], [ -6.8762425, 33.9659977 ], [ -6.8762474, 33.96587 ], [ -6.8762532, 33.9657163 ], [ -6.8762518, 33.9654994 ], [ -6.8762385, 33.9653069 ], [ -6.8762247, 33.9651979 ] ], [ [ -6.8762247, 33.9651979 ], [ -6.8763725, 33.9651957 ], [ -6.876508, 33.965189 ], [ -6.8766589, 33.9651751 ], [ -6.8768795, 33.9651479 ], [ -6.8769559, 33.9651373 ], [ -6.8770136, 33.9651256 ], [ -6.8771801, 33.9650921 ], [ -6.877283, 33.9650714 ], [ -6.8773549, 33.9650495 ], [ -6.8775085, 33.9650061 ], [ -6.8775779, 33.9649828 ], [ -6.8776111, 33.9649716 ], [ -6.8776826, 33.9649443 ], [ -6.8778297, 33.9648904 ], [ -6.8778478, 33.9648828 ], [ -6.8780637, 33.964792 ], [ -6.8782581, 33.964698 ], [ -6.8783869, 33.964629 ], [ -6.8785793, 33.9645078 ], [ -6.8786873, 33.9644327 ], [ -6.8787993, 33.9643498 ], [ -6.8788838, 33.964277 ], [ -6.8789173, 33.9642492 ], [ -6.8790574, 33.9641257 ], [ -6.8791869, 33.9639894 ], [ -6.8792935, 33.9638721 ], [ -6.8794081, 33.9637297 ], [ -6.8796934, 33.9633547 ], [ -6.879846, 33.9631646 ], [ -6.8799627, 33.9630192 ], [ -6.8800968, 33.9628521 ], [ -6.8803315, 33.9625618 ], [ -6.8804066, 33.9624261 ], [ -6.8804683, 33.9623015 ], [ -6.8805541, 33.9621146 ], [ -6.8805969, 33.9619987 ], [ -6.8806359, 33.9618933 ], [ -6.8806674, 33.9617878 ], [ -6.8806963, 33.9616908 ], [ -6.8807378, 33.9614895 ], [ -6.8807606, 33.9612948 ], [ -6.880762, 33.9610468 ], [ -6.8807459, 33.9608366 ], [ -6.8807083, 33.9606019 ], [ -6.8806627, 33.9603961 ], [ -6.8805903, 33.960158 ], [ -6.8805447, 33.9600246 ], [ -6.8804079, 33.9597253 ], [ -6.8802591, 33.9594283 ], [ -6.8800887, 33.9591558 ], [ -6.8798635, 33.958811 ], [ -6.8796113, 33.9584561 ], [ -6.87939, 33.9582003 ], [ -6.8792573, 33.9580612 ], [ -6.8791285, 33.9579252 ] ], [ [ -6.8791285, 33.9579252 ], [ -6.8791005, 33.9578758 ], [ -6.8790652, 33.9578295 ], [ -6.8790228, 33.9577874 ], [ -6.8789742, 33.9577469 ], [ -6.8785639, 33.9574057 ], [ -6.8785188, 33.9573701 ], [ -6.8784775, 33.9573314 ], [ -6.8784403, 33.95729 ], [ -6.8784079, 33.9572453 ] ], [ [ -6.8784079, 33.9572453 ], [ -6.8784082, 33.9572237 ] ], [ [ -6.8784082, 33.9572237 ], [ -6.8784018, 33.9571985 ], [ -6.8783888, 33.9571751 ], [ -6.8783698, 33.9571547 ], [ -6.8783457, 33.9571383 ], [ -6.8782126, 33.9570495 ], [ -6.8781839, 33.9570323 ], [ -6.8781528, 33.9570183 ], [ -6.8781197, 33.9570079 ], [ -6.8780885, 33.9570035 ] ], [ [ -6.8780885, 33.9570035 ], [ -6.8780623, 33.9570039 ], [ -6.8780376, 33.9570109 ], [ -6.8780166, 33.9570238 ], [ -6.8779773, 33.9570554 ] ], [ [ -6.8779773, 33.9570554 ], [ -6.8777909, 33.9569212 ], [ -6.8777151, 33.9568685 ], [ -6.8773818, 33.9566371 ] ], [ [ -6.8773818, 33.9566371 ], [ -6.8772268, 33.9565284 ], [ -6.8765469, 33.9560389 ], [ -6.8761108, 33.9557488 ], [ -6.8759367, 33.9556218 ], [ -6.8757524, 33.9554958 ], [ -6.8750932, 33.955038 ], [ -6.8750106, 33.9549768 ] ], [ [ -6.8750106, 33.9549768 ], [ -6.8749384, 33.9549234 ], [ -6.8744018, 33.9545294 ], [ -6.8740245, 33.954259 ], [ -6.8737771, 33.9540841 ], [ -6.8736417, 33.9539884 ], [ -6.8730319, 33.9535582 ], [ -6.8724373, 33.9531369 ], [ -6.872312, 33.9530438 ], [ -6.8722065, 33.9529737 ], [ -6.8720302, 33.9528491 ], [ -6.8719399, 33.9527852 ], [ -6.8718423, 33.9527217 ], [ -6.8716782, 33.9526019 ], [ -6.8715687, 33.952522 ], [ -6.8706943, 33.9519241 ], [ -6.8701943, 33.9515398 ], [ -6.8692224, 33.9508683 ], [ -6.8690917, 33.9507671 ], [ -6.8685825, 33.950407 ], [ -6.8683783, 33.9502626 ], [ -6.8682467, 33.9501732 ] ], [ [ -6.8682467, 33.9501732 ], [ -6.8682794, 33.950137 ], [ -6.8683005, 33.9500953 ], [ -6.8683088, 33.9500506 ], [ -6.8683038, 33.9500055 ] ], [ [ -6.8683038, 33.9500055 ], [ -6.8685125, 33.94982 ] ], [ [ -6.8685125, 33.94982 ], [ -6.8687949, 33.9495688 ], [ -6.869409, 33.9490276 ], [ -6.8697614, 33.9487157 ], [ -6.8701162, 33.9484016 ], [ -6.8703241, 33.9482217 ], [ -6.8708163, 33.9478575 ] ], [ [ -6.8708163, 33.9478575 ], [ -6.8709107, 33.9477873 ], [ -6.8710053, 33.9477217 ], [ -6.871103, 33.9476585 ], [ -6.8712031, 33.9475981 ], [ -6.8713057, 33.9475406 ], [ -6.8714106, 33.947486 ] ], [ [ -6.8714106, 33.947486 ], [ -6.8714743, 33.9474672 ], [ -6.8715383, 33.9474434 ], [ -6.8715986, 33.9474135 ], [ -6.8716542, 33.9473779 ] ], [ [ -6.8716542, 33.9473779 ], [ -6.8717342, 33.94735 ], [ -6.8718144, 33.9473234 ], [ -6.8718964, 33.9473006 ], [ -6.8719798, 33.9472818 ], [ -6.8720644, 33.947267 ], [ -6.8721466, 33.9472519 ], [ -6.8726129, 33.9471663 ], [ -6.874086, 33.9468956 ], [ -6.8750947, 33.9466799 ], [ -6.8752469, 33.9466487 ], [ -6.87539, 33.9466175 ], [ -6.8755238, 33.9465865 ], [ -6.8756658, 33.9465372 ], [ -6.8757796, 33.9464833 ] ], [ [ -6.8757796, 33.9464833 ], [ -6.87644, 33.9463533 ], [ -6.8774167, 33.9461484 ], [ -6.8783119, 33.9459512 ], [ -6.8788938, 33.9458102 ] ], [ [ -6.8788938, 33.9458102 ], [ -6.8790287, 33.9457951 ], [ -6.8791503, 33.9457793 ], [ -6.8792776, 33.9457629 ], [ -6.8794041, 33.9457422 ], [ -6.8795294, 33.9457174 ], [ -6.8796481, 33.9456912 ], [ -6.8801325, 33.9455875 ], [ -6.8815335, 33.9452558 ] ], [ [ -6.8815335, 33.9452558 ], [ -6.8828986, 33.9449022 ], [ -6.8832082, 33.9448297 ], [ -6.8832877, 33.9448116 ], [ -6.8833678, 33.9447952 ], [ -6.8834487, 33.9447836 ], [ -6.8835275, 33.944775 ] ], [ [ -6.8835275, 33.944775 ], [ -6.8835569, 33.9447884 ], [ -6.8835928, 33.9447996 ] ], [ [ -6.8835928, 33.9447996 ], [ -6.8836527, 33.9448043 ], [ -6.8837123, 33.9447978 ], [ -6.8837686, 33.9447802 ], [ -6.8838186, 33.9447525 ] ], [ [ -6.8838186, 33.9447525 ], [ -6.8838442, 33.9447326 ], [ -6.883866, 33.9447098 ], [ -6.8838941, 33.9446649 ], [ -6.883908, 33.9446156 ], [ -6.883907, 33.9445651 ], [ -6.8838911, 33.9445162 ], [ -6.8838613, 33.9444721 ], [ -6.8838194, 33.9444354 ], [ -6.8837679, 33.9444083 ], [ -6.8837437, 33.9444001 ], [ -6.8837186, 33.944394 ] ], [ [ -6.8837186, 33.944394 ], [ -6.8836677, 33.9443362 ], [ -6.8836231, 33.9442861 ], [ -6.883603, 33.9442589 ], [ -6.8835838, 33.9442329 ], [ -6.88355, 33.9441772 ], [ -6.8835221, 33.9441193 ], [ -6.8835002, 33.9440596 ], [ -6.8834621, 33.9439488 ] ], [ [ -6.8824021, 33.9417759 ], [ -6.8825175, 33.9419269 ], [ -6.8826234, 33.9420482 ], [ -6.8827227, 33.9421951 ], [ -6.8828179, 33.9423475 ], [ -6.8829024, 33.9425033 ], [ -6.8830707, 33.9428181 ], [ -6.8831827, 33.9430662 ], [ -6.8832833, 33.9433344 ], [ -6.8833664, 33.9436192 ], [ -6.8834621, 33.9439488 ] ], [ [ -6.8824021, 33.9417759 ], [ -6.8823971, 33.941742 ], [ -6.8823847, 33.9416978 ], [ -6.8823686, 33.9416688 ], [ -6.8823143, 33.941596 ], [ -6.8822822, 33.9415642 ] ], [ [ -6.8822822, 33.9415642 ], [ -6.8822879, 33.9415495 ], [ -6.8822905, 33.9415343 ], [ -6.8822899, 33.9415189 ] ], [ [ -6.8822899, 33.9415189 ], [ -6.8823505, 33.9414819 ], [ -6.8823956, 33.941452 ], [ -6.8824826, 33.9413974 ], [ -6.8825872, 33.941344 ], [ -6.882716, 33.9412811 ], [ -6.882893, 33.9412104 ], [ -6.8830808, 33.9411581 ], [ -6.8835287, 33.9410274 ], [ -6.8835639, 33.9410177 ], [ -6.8838275, 33.9409451 ], [ -6.8840707, 33.9408782 ], [ -6.8842462, 33.9408299 ], [ -6.8847048, 33.9406964 ], [ -6.8850005, 33.9406091 ], [ -6.885136, 33.9405701 ], [ -6.8853097, 33.940524 ], [ -6.8854921, 33.9404728 ], [ -6.8856557, 33.940435 ], [ -6.8858106, 33.9403952 ], [ -6.885881, 33.9403771 ], [ -6.8861269, 33.9403322 ], [ -6.8865227, 33.9402592 ] ], [ [ -6.8865227, 33.9402592 ], [ -6.8866186, 33.9402191 ], [ -6.8866722, 33.9401824 ], [ -6.8867326, 33.9401301 ], [ -6.8867782, 33.9400834 ], [ -6.8868146, 33.9400324 ], [ -6.8868291, 33.9400122 ], [ -6.8868721, 33.9399209 ], [ -6.8869002, 33.9398308 ], [ -6.8869163, 33.939724 ] ], [ [ -6.8869163, 33.939724 ], [ -6.8868814, 33.9396483 ], [ -6.8867131, 33.9392584 ], [ -6.8866213, 33.9390364 ], [ -6.8865039, 33.9387577 ], [ -6.8864617, 33.9386403 ], [ -6.8864429, 33.9385736 ], [ -6.8864268, 33.9384923 ], [ -6.8864214, 33.9384178 ], [ -6.8864268, 33.9383588 ], [ -6.886467, 33.9382409 ], [ -6.886518, 33.9381318 ], [ -6.8865891, 33.938005 ], [ -6.8868157, 33.9376067 ], [ -6.8869726, 33.9373241 ], [ -6.8871295, 33.9370359 ], [ -6.8872307, 33.9368576 ], [ -6.887325, 33.9366914 ], [ -6.8873703, 33.9366125 ], [ -6.887419, 33.9365207 ], [ -6.8879356, 33.9356028 ], [ -6.8880301, 33.9354364 ], [ -6.8880643, 33.9353802 ], [ -6.8881018, 33.9353291 ], [ -6.8881444, 33.935282 ] ], [ [ -6.8881444, 33.935282 ], [ -6.8881798, 33.9352659 ] ], [ [ -6.8881798, 33.9352659 ], [ -6.8882014, 33.9352483 ], [ -6.8882174, 33.9352271 ], [ -6.888227, 33.9352033 ], [ -6.8882296, 33.9351783 ] ], [ [ -6.8882296, 33.9351783 ], [ -6.8882258, 33.9351554 ] ], [ [ -6.8882258, 33.9351554 ], [ -6.8882547, 33.9350993 ], [ -6.8882809, 33.9350476 ], [ -6.8883151, 33.9349908 ], [ -6.8883701, 33.9349135 ], [ -6.8884398, 33.9348228 ], [ -6.8884948, 33.9347566 ], [ -6.8885578, 33.9346937 ], [ -6.8886108, 33.9346464 ], [ -6.8886658, 33.9346042 ], [ -6.8887268, 33.9345591 ], [ -6.8888086, 33.9345079 ], [ -6.8889293, 33.9344389 ], [ -6.8892203, 33.9342887 ], [ -6.8893839, 33.934203 ], [ -6.8895637, 33.934114 ], [ -6.8897635, 33.9340094 ], [ -6.8900236, 33.9338748 ], [ -6.8905681, 33.9335966 ], [ -6.8910653, 33.9333338 ], [ -6.8916504, 33.9330403 ], [ -6.8921734, 33.9327721 ], [ -6.8923102, 33.9327029 ], [ -6.892447, 33.9326336 ], [ -6.8926542, 33.9325223 ], [ -6.8927769, 33.9324583 ], [ -6.8928353, 33.9324344 ], [ -6.8928903, 33.9324166 ], [ -6.8929518, 33.9323984 ] ], [ [ -6.8929518, 33.9323984 ], [ -6.8930125, 33.9324195 ], [ -6.8930903, 33.932424 ], [ -6.8931652, 33.9324057 ], [ -6.8932277, 33.932367 ], [ -6.8932648, 33.9323224 ], [ -6.8932846, 33.9322708 ], [ -6.8932853, 33.9322166 ] ], [ [ -6.8932853, 33.9322166 ], [ -6.8935105, 33.9320494 ] ], [ [ -6.8935105, 33.9320494 ], [ -6.8937729, 33.9319482 ], [ -6.894287, 33.931754 ], [ -6.8948035, 33.9315606 ], [ -6.8953384, 33.9313567 ], [ -6.895663, 33.9312354 ], [ -6.896355, 33.9309706 ], [ -6.8967426, 33.9308237 ], [ -6.8970899, 33.9306924 ], [ -6.8973911, 33.9305781 ], [ -6.8975301, 33.9305253 ], [ -6.8978959, 33.9303864 ], [ -6.8982768, 33.9302395 ], [ -6.8987207, 33.9300693 ], [ -6.8990989, 33.9299258 ], [ -6.8995093, 33.9297744 ], [ -6.9000819, 33.9295496 ], [ -6.9003943, 33.9294385 ], [ -6.90067, 33.9293405 ] ], [ [ -6.90067, 33.9293405 ], [ -6.9007994, 33.9293121 ], [ -6.900951, 33.9292798 ], [ -6.901134, 33.9292403 ], [ -6.9012914, 33.9292089 ] ], [ [ -6.9012914, 33.9292089 ], [ -6.901329, 33.9292242 ], [ -6.9014068, 33.9292363 ], [ -6.9014705, 33.9292292 ] ], [ [ -6.9014705, 33.9292292 ], [ -6.9014961, 33.9292217 ], [ -6.901562, 33.9291864 ], [ -6.9015929, 33.9291571 ], [ -6.9016226, 33.9291081 ], [ -6.901633, 33.9290667 ] ], [ [ -6.901633, 33.9290667 ], [ -6.9016332, 33.9290242 ] ], [ [ -6.9016332, 33.9290242 ], [ -6.9016931, 33.9290023 ], [ -6.9017507, 33.9289807 ], [ -6.9018144, 33.9289505 ], [ -6.9018913, 33.9289142 ], [ -6.9019832, 33.9288705 ], [ -6.9021107, 33.9288189 ], [ -6.902763, 33.9285672 ], [ -6.9032474, 33.9283862 ], [ -6.9038826, 33.9281438 ], [ -6.9047262, 33.9278212 ], [ -6.9053623, 33.9275802 ], [ -6.9060768, 33.9273115 ], [ -6.9062478, 33.9272455 ], [ -6.9064258, 33.9271709 ] ], [ [ -6.9064258, 33.9271709 ], [ -6.9064546, 33.9271676 ], [ -6.9064818, 33.9271589 ] ], [ [ -6.9064818, 33.9271589 ], [ -6.9065053, 33.9271453 ], [ -6.9065243, 33.9271275 ], [ -6.9065379, 33.9271066 ], [ -6.9065452, 33.9270836 ] ], [ [ -6.9065452, 33.9270836 ], [ -6.9065463, 33.9270663 ], [ -6.9065439, 33.9270491 ], [ -6.906538, 33.9270325 ] ], [ [ -6.906538, 33.9270325 ], [ -6.9066204, 33.9268901 ] ], [ [ -6.9094844, 33.9210951 ], [ -6.9094536, 33.9211669 ], [ -6.909239, 33.9217244 ], [ -6.9090874, 33.9221251 ], [ -6.9090002, 33.9224177 ], [ -6.908912, 33.9226764 ], [ -6.9088762, 33.922824 ], [ -6.908823, 33.9230431 ], [ -6.9087862, 33.9231947 ], [ -6.9087066, 33.9234805 ], [ -6.9086489, 33.9236875 ], [ -6.9085738, 33.9238889 ], [ -6.9085014, 33.9240436 ], [ -6.9084048, 33.9242216 ], [ -6.908266, 33.9244687 ], [ -6.9081879, 33.9245914 ], [ -6.9081349, 33.9246662 ], [ -6.9080856, 33.9247358 ], [ -6.9080431, 33.9247979 ], [ -6.9079737, 33.9248995 ], [ -6.9076726, 33.92534 ], [ -6.9074506, 33.9256867 ], [ -6.9071875, 33.9260621 ], [ -6.9070463, 33.9262636 ], [ -6.9069625, 33.926388 ], [ -6.9067975, 33.9266331 ], [ -6.9066896, 33.9267917 ], [ -6.9066275, 33.9268797 ], [ -6.9066204, 33.9268901 ] ], [ [ -6.9094844, 33.9210951 ], [ -6.9095267, 33.9210515 ], [ -6.9095495, 33.921025 ], [ -6.9095696, 33.9209922 ], [ -6.9095998, 33.9209232 ], [ -6.9096144, 33.9208827 ] ], [ [ -6.9096144, 33.9208827 ], [ -6.9096304, 33.9208781 ], [ -6.9096508, 33.9208676 ], [ -6.9096673, 33.9208532 ], [ -6.909679, 33.9208358 ], [ -6.9096849, 33.9208165 ], [ -6.9096832, 33.9207894 ], [ -6.9096704, 33.9207645 ] ], [ [ -6.9096704, 33.9207645 ], [ -6.9096909, 33.9207145 ], [ -6.9097023, 33.9206734 ], [ -6.9097164, 33.9206177 ], [ -6.9097285, 33.9205409 ] ], [ [ -6.9212265, 33.9061938 ], [ -6.9210347, 33.9063179 ], [ -6.9209592, 33.9063755 ], [ -6.9208932, 33.9064258 ], [ -6.9207296, 33.9065449 ], [ -6.9206129, 33.9066373 ], [ -6.9204962, 33.906733 ], [ -6.9203816, 33.9068288 ], [ -6.9201878, 33.9070263 ], [ -6.9200235, 33.9071883 ], [ -6.9198485, 33.9073558 ], [ -6.9196426, 33.9075578 ], [ -6.9195253, 33.907678 ], [ -6.9192349, 33.9079702 ], [ -6.9188708, 33.9083319 ], [ -6.9186349, 33.9085767 ], [ -6.918596, 33.9086151 ], [ -6.9184682, 33.9087397 ], [ -6.918316, 33.9088881 ], [ -6.9182325, 33.9089695 ], [ -6.9182041, 33.9089969 ], [ -6.917869, 33.9093197 ], [ -6.9177859, 33.909401 ], [ -6.9174928, 33.9096848 ], [ -6.917067, 33.9100755 ], [ -6.9168129, 33.9103042 ], [ -6.916523, 33.9105697 ], [ -6.9161202, 33.9109386 ], [ -6.9160451, 33.9110054 ], [ -6.915944, 33.9111046 ], [ -6.9158243, 33.911222 ], [ -6.9157556, 33.9112894 ], [ -6.9155569, 33.9114845 ], [ -6.915451, 33.9116019 ], [ -6.9151532, 33.9119321 ], [ -6.9150316, 33.9120671 ], [ -6.9149982, 33.9121028 ], [ -6.9148608, 33.9122471 ], [ -6.9146732, 33.9124661 ], [ -6.9144152, 33.9127355 ], [ -6.9143481, 33.9128136 ], [ -6.9139114, 33.9133153 ], [ -6.9136807, 33.9136213 ], [ -6.9135924, 33.913749 ], [ -6.9135327, 33.9138334 ], [ -6.9131648, 33.9143535 ], [ -6.9129776, 33.9146261 ], [ -6.9128453, 33.9148126 ], [ -6.9127138, 33.9149981 ], [ -6.9123977, 33.9155085 ], [ -6.912242, 33.9157528 ], [ -6.9120861, 33.9160359 ], [ -6.9120276, 33.9161452 ], [ -6.9119512, 33.9162881 ], [ -6.9119185, 33.9163492 ], [ -6.9118649, 33.9164366 ], [ -6.9116597, 33.9167877 ], [ -6.9113016, 33.917441 ], [ -6.9112459, 33.9175386 ], [ -6.9110857, 33.9178194 ], [ -6.9109997, 33.9179765 ], [ -6.9108765, 33.9182311 ], [ -6.9106941, 33.9185828 ], [ -6.9105034, 33.9189535 ], [ -6.9103923, 33.9191693 ], [ -6.910281, 33.9193707 ], [ -6.9102334, 33.9194651 ], [ -6.9101758, 33.9195794 ], [ -6.9100886, 33.9197558 ], [ -6.910067, 33.9198023 ], [ -6.9099505, 33.9200529 ], [ -6.9098302, 33.9203174 ], [ -6.9097285, 33.9205409 ] ], [ [ -6.926501, 33.9012873 ], [ -6.9262776, 33.9014571 ], [ -6.9261866, 33.9015213 ], [ -6.9259686, 33.9016797 ], [ -6.9257205, 33.9018973 ], [ -6.9254556, 33.9021071 ], [ -6.9253296, 33.9022307 ], [ -6.9251069, 33.9024522 ], [ -6.9245772, 33.9029931 ], [ -6.9245192, 33.9030546 ], [ -6.9244001, 33.9031811 ], [ -6.9243412, 33.9032436 ], [ -6.9238906, 33.9036777 ], [ -6.9235432, 33.9040127 ], [ -6.923452, 33.9041029 ], [ -6.9232271, 33.904318 ], [ -6.9230028, 33.9045325 ], [ -6.9227904, 33.9047415 ], [ -6.9226905, 33.9048504 ], [ -6.9226302, 33.9049118 ], [ -6.9225763, 33.9049666 ], [ -6.9224288, 33.9051072 ], [ -6.9223604, 33.9051725 ], [ -6.9218561, 33.9056712 ], [ -6.9215611, 33.9059478 ], [ -6.9214591, 33.9060352 ], [ -6.921317, 33.906137 ], [ -6.9212265, 33.9061938 ] ], [ [ -6.9266076, 33.9012083 ], [ -6.926501, 33.9012873 ] ], [ [ -6.9266076, 33.9012083 ], [ -6.9261502, 33.9007846 ], [ -6.9254462, 33.9001338 ], [ -6.9253239, 33.9000373 ], [ -6.9252497, 33.8999864 ] ], [ [ -6.9252497, 33.8999864 ], [ -6.9252552, 33.8999662 ] ], [ [ -6.9252552, 33.8999662 ], [ -6.9253479, 33.8999037 ], [ -6.925429, 33.8998389 ], [ -6.9256717, 33.8996451 ], [ -6.9259116, 33.8994534 ], [ -6.926784, 33.8987471 ], [ -6.9272494, 33.8983614 ], [ -6.9274519, 33.8982034 ], [ -6.9276315, 33.898052 ], [ -6.9283398, 33.8974267 ] ], [ [ -6.9283398, 33.8974267 ], [ -6.9283519, 33.8974247 ], [ -6.9283633, 33.8974208 ], [ -6.9283736, 33.8974152 ], [ -6.9283825, 33.8974082 ], [ -6.9283897, 33.8973999 ], [ -6.9283949, 33.8973907 ], [ -6.9283981, 33.8973808 ] ], [ [ -6.9283981, 33.8973808 ], [ -6.9292979, 33.8966093 ], [ -6.929892, 33.8961073 ], [ -6.9304074, 33.8956558 ], [ -6.9305491, 33.8955317 ], [ -6.9311191, 33.8950163 ], [ -6.9316892, 33.8945133 ], [ -6.9317146, 33.8944909 ], [ -6.9321923, 33.8940677 ] ], [ [ -6.9322634, 33.8941198 ], [ -6.9321923, 33.8940677 ] ], [ [ -6.9322634, 33.8941198 ], [ -6.9323722, 33.8940768 ], [ -6.9324448, 33.8940393 ], [ -6.9325003, 33.8940149 ], [ -6.9325492, 33.8939856 ], [ -6.9326727, 33.8938755 ], [ -6.9329115, 33.893676 ] ], [ [ -6.9329115, 33.893676 ], [ -6.9332562, 33.893388 ] ] ] } },
{ "type": "Feature", "properties": { "from_ar": "L6", "name": "L6:Marché de gros temara→Hizb AL Istiklal", "network": "Bus Stades" }, "geometry": { "type": "MultiLineString", "coordinates": [ [ [ -6.9332054, 33.8933268 ], [ -6.9332562, 33.893388 ] ], [ [ -6.9331734, 33.8932541 ], [ -6.9332054, 33.8933268 ] ], [ [ -6.9331734, 33.8932541 ], [ -6.9331929, 33.8932338 ], [ -6.9332035, 33.8932093 ], [ -6.9332041, 33.8931833 ], [ -6.9331962, 33.8931612 ], [ -6.9331811, 33.8931419 ], [ -6.9331599, 33.8931269 ], [ -6.9331346, 33.8931175 ], [ -6.9331163, 33.8931148 ], [ -6.9330978, 33.8931151 ], [ -6.9330797, 33.8931182 ], [ -6.9330548, 33.8931281 ], [ -6.9330343, 33.8931434 ] ], [ [ -6.9330343, 33.8931434 ], [ -6.9330198, 33.8931629 ], [ -6.9330126, 33.893185 ], [ -6.9330132, 33.8932079 ] ], [ [ -6.9330132, 33.8932079 ], [ -6.9328994, 33.8933137 ], [ -6.9328049, 33.8933922 ], [ -6.9327425, 33.8934461 ], [ -6.9326822, 33.8935051 ], [ -6.9325829, 33.8935864 ], [ -6.9325098, 33.8936471 ], [ -6.9322751, 33.8938603 ], [ -6.9321062, 33.8940122 ], [ -6.9316314, 33.8944197 ], [ -6.9311017, 33.8949016 ], [ -6.9306828, 33.8952512 ], [ -6.9305411, 33.8953703 ], [ -6.9300014, 33.8958596 ], [ -6.9299161, 33.8959369 ], [ -6.9292885, 33.8964835 ], [ -6.9283371, 33.8973166 ] ], [ [ -6.9283371, 33.8973166 ], [ -6.9283248, 33.8973168 ], [ -6.9283128, 33.8973189 ], [ -6.9283014, 33.8973228 ], [ -6.9282911, 33.8973284 ], [ -6.9282822, 33.8973354 ], [ -6.928275, 33.8973437 ], [ -6.9282697, 33.8973529 ], [ -6.9282666, 33.8973628 ], [ -6.9282657, 33.8973729 ] ], [ [ -6.9282657, 33.8973729 ], [ -6.928229, 33.897398 ], [ -6.9277234, 33.8978249 ], [ -6.9274633, 33.8980519 ], [ -6.9272876, 33.8982067 ], [ -6.9263743, 33.8989636 ], [ -6.9258472, 33.8993816 ], [ -6.9252799, 33.8998104 ], [ -6.9251874, 33.8998903 ] ], [ [ -6.9251874, 33.8998903 ], [ -6.9251484, 33.8998899 ], [ -6.9251129, 33.8999034 ], [ -6.925088, 33.8999283 ], [ -6.9250783, 33.8999597 ] ], [ [ -6.9250783, 33.8999597 ], [ -6.9250837, 33.8999871 ], [ -6.925101, 33.9000109 ], [ -6.9251277, 33.9000277 ], [ -6.92516, 33.900035 ] ], [ [ -6.92516, 33.900035 ], [ -6.9251812, 33.9000354 ] ], [ [ -6.9251812, 33.9000354 ], [ -6.9252351, 33.9000963 ], [ -6.9253539, 33.9002039 ], [ -6.9260705, 33.9008684 ], [ -6.926501, 33.9012873 ] ], [ [ -6.926501, 33.9012873 ], [ -6.9262776, 33.9014571 ], [ -6.9261866, 33.9015213 ], [ -6.9259686, 33.9016797 ], [ -6.9257205, 33.9018973 ], [ -6.9254556, 33.9021071 ], [ -6.9253296, 33.9022307 ], [ -6.9251069, 33.9024522 ], [ -6.9245772, 33.9029931 ], [ -6.9245192, 33.9030546 ], [ -6.9244001, 33.9031811 ], [ -6.9243412, 33.9032436 ], [ -6.9238906, 33.9036777 ], [ -6.9235432, 33.9040127 ], [ -6.923452, 33.9041029 ], [ -6.9232271, 33.904318 ], [ -6.9230028, 33.9045325 ], [ -6.9227904, 33.9047415 ], [ -6.9226905, 33.9048504 ], [ -6.9226302, 33.9049118 ], [ -6.9225763, 33.9049666 ], [ -6.9224288, 33.9051072 ], [ -6.9223604, 33.9051725 ], [ -6.9218561, 33.9056712 ], [ -6.9215611, 33.9059478 ], [ -6.9214591, 33.9060352 ], [ -6.921317, 33.906137 ], [ -6.9212265, 33.9061938 ] ], [ [ -6.9212265, 33.9061938 ], [ -6.9210347, 33.9063179 ], [ -6.9209592, 33.9063755 ], [ -6.9208932, 33.9064258 ], [ -6.9207296, 33.9065449 ], [ -6.9206129, 33.9066373 ], [ -6.9204962, 33.906733 ], [ -6.9203816, 33.9068288 ], [ -6.9201878, 33.9070263 ], [ -6.9200235, 33.9071883 ], [ -6.9198485, 33.9073558 ], [ -6.9196426, 33.9075578 ], [ -6.9195253, 33.907678 ], [ -6.9192349, 33.9079702 ], [ -6.9188708, 33.9083319 ], [ -6.9186349, 33.9085767 ], [ -6.918596, 33.9086151 ], [ -6.9184682, 33.9087397 ], [ -6.918316, 33.9088881 ], [ -6.9182325, 33.9089695 ], [ -6.9182041, 33.9089969 ], [ -6.917869, 33.9093197 ], [ -6.9177859, 33.909401 ], [ -6.9174928, 33.9096848 ], [ -6.917067, 33.9100755 ], [ -6.9168129, 33.9103042 ], [ -6.916523, 33.9105697 ], [ -6.9161202, 33.9109386 ], [ -6.9160451, 33.9110054 ], [ -6.915944, 33.9111046 ], [ -6.9158243, 33.911222 ], [ -6.9157556, 33.9112894 ], [ -6.9155569, 33.9114845 ], [ -6.915451, 33.9116019 ], [ -6.9151532, 33.9119321 ], [ -6.9150316, 33.9120671 ], [ -6.9149982, 33.9121028 ], [ -6.9148608, 33.9122471 ], [ -6.9146732, 33.9124661 ], [ -6.9144152, 33.9127355 ], [ -6.9143481, 33.9128136 ], [ -6.9139114, 33.9133153 ], [ -6.9136807, 33.9136213 ], [ -6.9135924, 33.913749 ], [ -6.9135327, 33.9138334 ], [ -6.9131648, 33.9143535 ], [ -6.9129776, 33.9146261 ], [ -6.9128453, 33.9148126 ], [ -6.9127138, 33.9149981 ], [ -6.9123977, 33.9155085 ], [ -6.912242, 33.9157528 ], [ -6.9120861, 33.9160359 ], [ -6.9120276, 33.9161452 ], [ -6.9119512, 33.9162881 ], [ -6.9119185, 33.9163492 ], [ -6.9118649, 33.9164366 ], [ -6.9116597, 33.9167877 ], [ -6.9113016, 33.917441 ], [ -6.9112459, 33.9175386 ], [ -6.9110857, 33.9178194 ], [ -6.9109997, 33.9179765 ], [ -6.9108765, 33.9182311 ], [ -6.9106941, 33.9185828 ], [ -6.9105034, 33.9189535 ], [ -6.9103923, 33.9191693 ], [ -6.910281, 33.9193707 ], [ -6.9102334, 33.9194651 ], [ -6.9101758, 33.9195794 ], [ -6.9100886, 33.9197558 ], [ -6.910067, 33.9198023 ], [ -6.9099505, 33.9200529 ], [ -6.9098302, 33.9203174 ], [ -6.9097285, 33.9205409 ] ], [ [ -6.9097285, 33.9205409 ], [ -6.9096997, 33.9205701 ], [ -6.9096789, 33.9205955 ], [ -6.9096413, 33.9206455 ], [ -6.909617, 33.9206845 ], [ -6.9095951, 33.9207299 ] ], [ [ -6.9095951, 33.9207299 ], [ -6.909568, 33.9207332 ], [ -6.9095407, 33.9207445 ], [ -6.9095191, 33.9207624 ], [ -6.9095056, 33.9207851 ], [ -6.9095016, 33.9208102 ], [ -6.9095064, 33.9208325 ], [ -6.9095187, 33.9208527 ], [ -6.9095376, 33.9208691 ] ], [ [ -6.9095376, 33.9208691 ], [ -6.9095166, 33.920916 ], [ -6.9095005, 33.9209585 ], [ -6.9094884, 33.920998 ], [ -6.9094848, 33.9210197 ], [ -6.9094848, 33.9210478 ], [ -6.9094844, 33.9210951 ] ], [ [ -6.9094844, 33.9210951 ], [ -6.9094536, 33.9211669 ], [ -6.909239, 33.9217244 ], [ -6.9090874, 33.9221251 ], [ -6.9090002, 33.9224177 ], [ -6.908912, 33.9226764 ], [ -6.9088762, 33.922824 ], [ -6.908823, 33.9230431 ], [ -6.9087862, 33.9231947 ], [ -6.9087066, 33.9234805 ], [ -6.9086489, 33.9236875 ], [ -6.9085738, 33.9238889 ], [ -6.9085014, 33.9240436 ], [ -6.9084048, 33.9242216 ], [ -6.908266, 33.9244687 ], [ -6.9081879, 33.9245914 ], [ -6.9081349, 33.9246662 ], [ -6.9080856, 33.9247358 ], [ -6.9080431, 33.9247979 ], [ -6.9079737, 33.9248995 ], [ -6.9076726, 33.92534 ], [ -6.9074506, 33.9256867 ], [ -6.9071875, 33.9260621 ], [ -6.9070463, 33.9262636 ], [ -6.9069625, 33.926388 ], [ -6.9067975, 33.9266331 ], [ -6.9066896, 33.9267917 ], [ -6.9066275, 33.9268797 ], [ -6.9066204, 33.9268901 ] ], [ [ -6.9066204, 33.9268901 ], [ -6.9064394, 33.9269687 ] ], [ [ -6.9064394, 33.9269687 ], [ -6.9064076, 33.9269683 ], [ -6.9063797, 33.9269748 ], [ -6.906341, 33.9269949 ], [ -6.9063139, 33.9270253 ], [ -6.9063021, 33.9270618 ], [ -6.906305, 33.9270925 ] ], [ [ -6.906305, 33.9270925 ], [ -6.9062046, 33.9271633 ], [ -6.9061211, 33.9272125 ], [ -6.9060365, 33.92725 ] ], [ [ -6.9060365, 33.92725 ], [ -6.9059433, 33.9272854 ], [ -6.9057963, 33.9273413 ], [ -6.9053696, 33.9275024 ], [ -6.9049841, 33.927647 ], [ -6.9046843, 33.9277597 ], [ -6.9039918, 33.9280237 ], [ -6.9037806, 33.9281046 ], [ -6.9031451, 33.9283518 ], [ -6.9028337, 33.9284692 ], [ -6.9024493, 33.9286172 ], [ -6.9022631, 33.9286826 ], [ -6.9021343, 33.9287306 ], [ -6.9020338, 33.9287636 ], [ -6.9018585, 33.9288234 ], [ -6.9017161, 33.9288561 ], [ -6.901611, 33.9288708 ], [ -6.9015028, 33.9288799 ] ], [ [ -6.9015028, 33.9288799 ], [ -6.9014538, 33.9288666 ], [ -6.9014259, 33.9288634 ], [ -6.901379, 33.9288645 ], [ -6.9012841, 33.9288941 ] ], [ [ -6.9012841, 33.9288941 ], [ -6.9012538, 33.9289142 ], [ -6.9012197, 33.9289484 ], [ -6.9011972, 33.9289861 ], [ -6.9011842, 33.9290348 ] ], [ [ -6.9011842, 33.9290348 ], [ -6.9011844, 33.9290639 ] ], [ [ -6.9011844, 33.9290639 ], [ -6.9010757, 33.9291018 ], [ -6.9009775, 33.9291457 ], [ -6.9008886, 33.9291916 ], [ -6.9008256, 33.9292303 ] ], [ [ -6.9008256, 33.9292303 ], [ -6.90067, 33.9293405 ] ], [ [ -6.8935105, 33.9320494 ], [ -6.8937729, 33.9319482 ], [ -6.894287, 33.931754 ], [ -6.8948035, 33.9315606 ], [ -6.8953384, 33.9313567 ], [ -6.895663, 33.9312354 ], [ -6.896355, 33.9309706 ], [ -6.8967426, 33.9308237 ], [ -6.8970899, 33.9306924 ], [ -6.8973911, 33.9305781 ], [ -6.8975301, 33.9305253 ], [ -6.8978959, 33.9303864 ], [ -6.8982768, 33.9302395 ], [ -6.8987207, 33.9300693 ], [ -6.8990989, 33.9299258 ], [ -6.8995093, 33.9297744 ], [ -6.9000819, 33.9295496 ], [ -6.9003943, 33.9294385 ], [ -6.90067, 33.9293405 ] ], [ [ -6.8935105, 33.9320494 ], [ -6.8931915, 33.9320907 ] ], [ [ -6.8931915, 33.9320907 ], [ -6.8931273, 33.9320656 ], [ -6.8930568, 33.9320587 ], [ -6.8929872, 33.9320707 ], [ -6.8929261, 33.9321002 ], [ -6.8928794, 33.9321444 ], [ -6.8928507, 33.9322025 ], [ -6.8928474, 33.9322652 ] ], [ [ -6.8928474, 33.9322652 ], [ -6.8928199, 33.932302 ], [ -6.8927977, 33.9323315 ], [ -6.8927675, 33.9323643 ], [ -6.8927374, 33.9323871 ], [ -6.8926864, 33.9324177 ], [ -6.8923172, 33.9326135 ], [ -6.8921775, 33.9326875 ], [ -6.8913889, 33.9330887 ], [ -6.8903267, 33.9336333 ], [ -6.8895878, 33.9340116 ], [ -6.8890688, 33.9342765 ], [ -6.8889306, 33.9343455 ], [ -6.8888287, 33.9344 ], [ -6.8887483, 33.9344489 ], [ -6.8886846, 33.9344912 ], [ -6.8886108, 33.934548 ], [ -6.888537, 33.9346058 ], [ -6.8884686, 33.9346731 ], [ -6.8883955, 33.9347527 ], [ -6.8882346, 33.9349413 ], [ -6.8881883, 33.9349897 ], [ -6.8881461, 33.9350275 ], [ -6.888087, 33.9350756 ] ], [ [ -6.888087, 33.9350756 ], [ -6.8880411, 33.9350873 ], [ -6.8880036, 33.9351122 ] ], [ [ -6.8880036, 33.9351122 ], [ -6.8879845, 33.9351368 ], [ -6.8879742, 33.9351647 ], [ -6.8879735, 33.935194 ] ], [ [ -6.8879735, 33.935194 ], [ -6.8879882, 33.9352324 ] ], [ [ -6.8879882, 33.9352324 ], [ -6.8879677, 33.9353024 ], [ -6.8879463, 33.9353658 ], [ -6.8879248, 33.9354147 ], [ -6.8878779, 33.9355082 ], [ -6.8877304, 33.9357797 ], [ -6.8873317, 33.9364853 ], [ -6.8872623, 33.9366153 ], [ -6.8871839, 33.9367633 ], [ -6.887095, 33.9369209 ], [ -6.8867648, 33.9375065 ], [ -6.8865663, 33.9378737 ], [ -6.8863758, 33.9382097 ], [ -6.8862873, 33.9383766 ], [ -6.8861546, 33.9386192 ], [ -6.8860969, 33.9387288 ], [ -6.8859936, 33.9389151 ], [ -6.885822, 33.9392178 ], [ -6.8857361, 33.9393669 ], [ -6.8855323, 33.9397285 ], [ -6.8854565, 33.9398625 ], [ -6.8853828, 33.9399866 ], [ -6.8853472, 33.9400506 ], [ -6.8852875, 33.9401524 ], [ -6.8852468, 33.9402203 ], [ -6.8852319, 33.9402453 ], [ -6.8851816, 33.9403204 ], [ -6.8851333, 33.9403788 ], [ -6.8850797, 33.9404322 ], [ -6.8850186, 33.9404861 ], [ -6.8849617, 33.9405284 ], [ -6.8849013, 33.9405596 ], [ -6.8848383, 33.9405857 ], [ -6.8846177, 33.9406508 ], [ -6.884037, 33.940806 ], [ -6.8830553, 33.9410803 ] ], [ [ -6.8830553, 33.9410803 ], [ -6.8829091, 33.9411253 ], [ -6.88271, 33.941196 ], [ -6.882488, 33.9412911 ], [ -6.8823537, 33.9413586 ], [ -6.8822089, 33.9414424 ] ], [ [ -6.8822089, 33.9414424 ], [ -6.8821952, 33.9414403 ], [ -6.8821814, 33.9414396 ], [ -6.8821676, 33.9414405 ] ], [ [ -6.8821676, 33.9414405 ], [ -6.8821415, 33.9414463 ], [ -6.882118, 33.9414573 ], [ -6.8820985, 33.9414727 ], [ -6.8820841, 33.9414917 ], [ -6.8820759, 33.941513 ], [ -6.8820748, 33.9415397 ], [ -6.8820831, 33.9415655 ], [ -6.8821003, 33.9415881 ], [ -6.8821247, 33.9416055 ], [ -6.8821542, 33.9416162 ], [ -6.8821862, 33.9416193 ] ], [ [ -6.8821862, 33.9416193 ], [ -6.8822141, 33.9416555 ], [ -6.8822583, 33.9416956 ], [ -6.8822902, 33.9417161 ], [ -6.8823338, 33.9417417 ], [ -6.8823737, 33.9417628 ], [ -6.8824021, 33.9417759 ] ], [ [ -6.8824021, 33.9417759 ], [ -6.8825175, 33.9419269 ], [ -6.8826234, 33.9420482 ], [ -6.8827227, 33.9421951 ], [ -6.8828179, 33.9423475 ], [ -6.8829024, 33.9425033 ], [ -6.8830707, 33.9428181 ], [ -6.8831827, 33.9430662 ], [ -6.8832833, 33.9433344 ], [ -6.8833664, 33.9436192 ], [ -6.8834621, 33.9439488 ] ], [ [ -6.8834621, 33.9439488 ], [ -6.883442, 33.9439868 ], [ -6.8834258, 33.9440162 ], [ -6.8834168, 33.9440604 ], [ -6.8834073, 33.9441032 ], [ -6.8833977, 33.9441565 ], [ -6.8833855, 33.9442165 ], [ -6.883365, 33.9442749 ], [ -6.8833363, 33.9443308 ], [ -6.8832998, 33.9443837 ], [ -6.8832562, 33.9444326 ], [ -6.8832059, 33.9444769 ], [ -6.8831549, 33.9445082 ], [ -6.8830981, 33.9445321 ], [ -6.8830379, 33.9445493 ], [ -6.8829972, 33.9445619 ], [ -6.8829637, 33.9445755 ], [ -6.8829361, 33.9446003 ], [ -6.8829178, 33.9446304 ] ], [ [ -6.8829178, 33.9446304 ], [ -6.8824025, 33.9447606 ], [ -6.8814556, 33.9450032 ], [ -6.8800786, 33.9453579 ], [ -6.8796443, 33.9454674 ], [ -6.8795345, 33.9454927 ], [ -6.8794131, 33.9455207 ], [ -6.8793008, 33.9455505 ], [ -6.8791904, 33.9455847 ], [ -6.8790873, 33.9456187 ], [ -6.8789853, 33.9456527 ], [ -6.878863, 33.9456957 ] ], [ [ -6.878863, 33.9456957 ], [ -6.8782876, 33.9458305 ], [ -6.8773727, 33.9460296 ], [ -6.8764195, 33.9462267 ], [ -6.8757691, 33.9463546 ] ], [ [ -6.8757691, 33.9463546 ], [ -6.8756123, 33.9463622 ], [ -6.8754671, 33.9463786 ], [ -6.8753282, 33.9464031 ], [ -6.8751853, 33.9464304 ], [ -6.8750387, 33.9464603 ], [ -6.87466, 33.9465271 ], [ -6.8740329, 33.9466403 ], [ -6.8731171, 33.9468044 ] ], [ [ -6.8731171, 33.9468044 ], [ -6.8722892, 33.9469495 ], [ -6.8721703, 33.9469717 ], [ -6.8720509, 33.9469922 ], [ -6.8719312, 33.947011 ], [ -6.8718111, 33.9470282 ], [ -6.8717, 33.9470496 ] ], [ [ -6.8717, 33.9470496 ], [ -6.871667, 33.9470363 ] ], [ [ -6.871667, 33.9470363 ], [ -6.8715961, 33.9470112 ], [ -6.8715106, 33.946994 ], [ -6.8714232, 33.9469859 ], [ -6.8713353, 33.9469872 ] ], [ [ -6.8713353, 33.9469872 ], [ -6.8712838, 33.9469955 ], [ -6.8712065, 33.9470123 ], [ -6.8711182, 33.9470419 ], [ -6.8710123, 33.9470869 ], [ -6.8709258, 33.9471504 ], [ -6.8708808, 33.9472028 ], [ -6.8708518, 33.9472375 ], [ -6.8708345, 33.9472738 ], [ -6.8708461, 33.947336 ], [ -6.8708811, 33.9473918 ], [ -6.870938, 33.9474296 ], [ -6.8709417, 33.9474318 ] ], [ [ -6.8709417, 33.9474318 ], [ -6.8707118, 33.9476285 ], [ -6.8704186, 33.947897 ] ], [ [ -6.8704186, 33.947897 ], [ -6.8701406, 33.948142 ], [ -6.8699744, 33.9482885 ], [ -6.8695567, 33.9486544 ], [ -6.8692596, 33.9489147 ], [ -6.8691145, 33.9490422 ], [ -6.8686101, 33.9494689 ], [ -6.8683541, 33.949691 ], [ -6.8681499, 33.9498675 ] ], [ [ -6.8681499, 33.9498675 ], [ -6.8680786, 33.9498598 ], [ -6.8680079, 33.9498712 ], [ -6.8679454, 33.9499008 ], [ -6.8678974, 33.9499453 ], [ -6.8678695, 33.9499986 ], [ -6.8678628, 33.9500565 ], [ -6.8678781, 33.9501132 ] ], [ [ -6.8678781, 33.9501132 ], [ -6.8679016, 33.9501498 ], [ -6.8679344, 33.9501811 ], [ -6.8679746, 33.9502056 ], [ -6.8680205, 33.950222 ] ], [ [ -6.8680205, 33.950222 ], [ -6.868081, 33.95023 ], [ -6.8681419, 33.9502241 ], [ -6.8681985, 33.9502047 ], [ -6.8682467, 33.9501732 ] ], [ [ -6.8750106, 33.9549768 ], [ -6.8749384, 33.9549234 ], [ -6.8744018, 33.9545294 ], [ -6.8740245, 33.954259 ], [ -6.8737771, 33.9540841 ], [ -6.8736417, 33.9539884 ], [ -6.8730319, 33.9535582 ], [ -6.8724373, 33.9531369 ], [ -6.872312, 33.9530438 ], [ -6.8722065, 33.9529737 ], [ -6.8720302, 33.9528491 ], [ -6.8719399, 33.9527852 ], [ -6.8718423, 33.9527217 ], [ -6.8716782, 33.9526019 ], [ -6.8715687, 33.952522 ], [ -6.8706943, 33.9519241 ], [ -6.8701943, 33.9515398 ], [ -6.8692224, 33.9508683 ], [ -6.8690917, 33.9507671 ], [ -6.8685825, 33.950407 ], [ -6.8683783, 33.9502626 ], [ -6.8682467, 33.9501732 ] ], [ [ -6.8773818, 33.9566371 ], [ -6.8772268, 33.9565284 ], [ -6.8765469, 33.9560389 ], [ -6.8761108, 33.9557488 ], [ -6.8759367, 33.9556218 ], [ -6.8757524, 33.9554958 ], [ -6.8750932, 33.955038 ], [ -6.8750106, 33.9549768 ] ], [ [ -6.8779773, 33.9570554 ], [ -6.8777909, 33.9569212 ], [ -6.8777151, 33.9568685 ], [ -6.8773818, 33.9566371 ] ], [ [ -6.8779773, 33.9570554 ], [ -6.8779466, 33.9570881 ], [ -6.8779304, 33.9571091 ], [ -6.8779209, 33.9571327 ], [ -6.8779188, 33.9571576 ] ], [ [ -6.8779188, 33.9571576 ], [ -6.8779257, 33.9571749 ], [ -6.8779405, 33.9571976 ], [ -6.877962, 33.9572162 ], [ -6.8779887, 33.9572371 ], [ -6.8781432, 33.9573424 ], [ -6.8781683, 33.9573549 ], [ -6.8781939, 33.9573682 ], [ -6.8782224, 33.9573767 ], [ -6.8782718, 33.9573769 ] ], [ [ -6.8782718, 33.9573769 ], [ -6.8782781, 33.9573755 ] ], [ [ -6.8782781, 33.9573755 ], [ -6.87833, 33.957399 ], [ -6.8783874, 33.9574224 ], [ -6.8784406, 33.9574468 ], [ -6.8784903, 33.9574759 ], [ -6.8789261, 33.9577909 ], [ -6.8789754, 33.9578278 ], [ -6.879024, 33.9578629 ], [ -6.8790751, 33.9578954 ], [ -6.8791285, 33.9579252 ] ], [ [ -6.8762247, 33.9651979 ], [ -6.8763725, 33.9651957 ], [ -6.876508, 33.965189 ], [ -6.8766589, 33.9651751 ], [ -6.8768795, 33.9651479 ], [ -6.8769559, 33.9651373 ], [ -6.8770136, 33.9651256 ], [ -6.8771801, 33.9650921 ], [ -6.877283, 33.9650714 ], [ -6.8773549, 33.9650495 ], [ -6.8775085, 33.9650061 ], [ -6.8775779, 33.9649828 ], [ -6.8776111, 33.9649716 ], [ -6.8776826, 33.9649443 ], [ -6.8778297, 33.9648904 ], [ -6.8778478, 33.9648828 ], [ -6.8780637, 33.964792 ], [ -6.8782581, 33.964698 ], [ -6.8783869, 33.964629 ], [ -6.8785793, 33.9645078 ], [ -6.8786873, 33.9644327 ], [ -6.8787993, 33.9643498 ], [ -6.8788838, 33.964277 ], [ -6.8789173, 33.9642492 ], [ -6.8790574, 33.9641257 ], [ -6.8791869, 33.9639894 ], [ -6.8792935, 33.9638721 ], [ -6.8794081, 33.9637297 ], [ -6.8796934, 33.9633547 ], [ -6.879846, 33.9631646 ], [ -6.8799627, 33.9630192 ], [ -6.8800968, 33.9628521 ], [ -6.8803315, 33.9625618 ], [ -6.8804066, 33.9624261 ], [ -6.8804683, 33.9623015 ], [ -6.8805541, 33.9621146 ], [ -6.8805969, 33.9619987 ], [ -6.8806359, 33.9618933 ], [ -6.8806674, 33.9617878 ], [ -6.8806963, 33.9616908 ], [ -6.8807378, 33.9614895 ], [ -6.8807606, 33.9612948 ], [ -6.880762, 33.9610468 ], [ -6.8807459, 33.9608366 ], [ -6.8807083, 33.9606019 ], [ -6.8806627, 33.9603961 ], [ -6.8805903, 33.960158 ], [ -6.8805447, 33.9600246 ], [ -6.8804079, 33.9597253 ], [ -6.8802591, 33.9594283 ], [ -6.8800887, 33.9591558 ], [ -6.8798635, 33.958811 ], [ -6.8796113, 33.9584561 ], [ -6.87939, 33.9582003 ], [ -6.8792573, 33.9580612 ], [ -6.8791285, 33.9579252 ] ], [ [ -6.8760879, 33.9667589 ], [ -6.8761633, 33.966556 ], [ -6.8761928, 33.9663925 ], [ -6.8762016, 33.9663324 ], [ -6.876222, 33.9661926 ], [ -6.8762425, 33.9659977 ], [ -6.8762474, 33.96587 ], [ -6.8762532, 33.9657163 ], [ -6.8762518, 33.9654994 ], [ -6.8762385, 33.9653069 ], [ -6.8762247, 33.9651979 ] ], [ [ -6.8760879, 33.9667589 ], [ -6.875989, 33.966944 ], [ -6.8759344, 33.9670277 ], [ -6.8758575, 33.9671176 ], [ -6.8757986, 33.9671728 ] ], [ [ -6.8757986, 33.9671728 ], [ -6.8757541, 33.9671962 ], [ -6.8757204, 33.9672298 ], [ -6.875701, 33.9672705 ], [ -6.8756976, 33.9673141 ] ], [ [ -6.8756976, 33.9673141 ], [ -6.8756637, 33.9674227 ], [ -6.875647, 33.9674531 ], [ -6.8756094, 33.9675214 ], [ -6.8754271, 33.9677573 ], [ -6.8751776, 33.9680698 ], [ -6.8750019, 33.9682834 ], [ -6.874958, 33.9683332 ], [ -6.8747216, 33.9686015 ], [ -6.87455, 33.9687727 ], [ -6.8743551, 33.9689293 ] ], [ [ -6.8743551, 33.9689293 ], [ -6.8742767, 33.9689358 ], [ -6.8742058, 33.968964 ], [ -6.8741637, 33.9689965 ], [ -6.8741327, 33.9690367 ], [ -6.874115, 33.9690821 ], [ -6.8741119, 33.9691338 ], [ -6.874126, 33.9691843 ], [ -6.8741562, 33.9692297 ] ], [ [ -6.8741562, 33.9692297 ], [ -6.8740277, 33.9694478 ] ], [ [ -6.8711138, 33.9726679 ], [ -6.8719356, 33.971771 ], [ -6.8720169, 33.9716872 ], [ -6.8722479, 33.9714241 ], [ -6.8724029, 33.9712474 ], [ -6.8729412, 33.9706699 ], [ -6.8730286, 33.9705761 ], [ -6.8732065, 33.9703852 ], [ -6.8732679, 33.9703149 ], [ -6.8733556, 33.9702166 ], [ -6.8736093, 33.9699323 ], [ -6.8740277, 33.9694478 ] ], [ [ -6.8711138, 33.9726679 ], [ -6.8710341, 33.9727197 ], [ -6.8709515, 33.9727673 ], [ -6.8708654, 33.9728103 ] ], [ [ -6.8708654, 33.9728103 ], [ -6.8708075, 33.9728263 ] ], [ [ -6.8708075, 33.9728263 ], [ -6.8707507, 33.9728597 ], [ -6.8707091, 33.972906 ], [ -6.8706867, 33.9729607 ] ], [ [ -6.8706867, 33.9729607 ], [ -6.8706854, 33.9730166 ], [ -6.8707043, 33.9730702 ], [ -6.8707416, 33.9731167 ] ], [ [ -6.8707416, 33.9731167 ], [ -6.8707794, 33.9732206 ], [ -6.8707943, 33.9732924 ], [ -6.8708015, 33.9733268 ], [ -6.8708059, 33.9734346 ] ], [ [ -6.8684127, 33.9771079 ], [ -6.8684309, 33.9770888 ], [ -6.8684788, 33.9770385 ], [ -6.8685356, 33.9769778 ], [ -6.8692104, 33.9762563 ], [ -6.8697703, 33.9756761 ], [ -6.86995, 33.9754859 ], [ -6.8705111, 33.9749361 ], [ -6.8705738, 33.9748362 ], [ -6.8706648, 33.9746713 ], [ -6.8707131, 33.9745617 ], [ -6.8707701, 33.9743771 ], [ -6.8707942, 33.9742792 ], [ -6.8708177, 33.9741235 ], [ -6.8708311, 33.9739689 ], [ -6.8708217, 33.9737754 ], [ -6.8708059, 33.9734346 ] ], [ [ -6.8684127, 33.9771079 ], [ -6.8683617, 33.9771176 ], [ -6.8683156, 33.977138 ], [ -6.8682777, 33.9771679 ], [ -6.8679776, 33.9774567 ] ], [ [ -6.8679776, 33.9774567 ], [ -6.8679308, 33.9774747 ], [ -6.8678899, 33.9775008 ], [ -6.8678571, 33.9775338 ], [ -6.8678338, 33.977572 ], [ -6.8678213, 33.9776135 ] ], [ [ -6.8678213, 33.9776135 ], [ -6.8676353, 33.9778192 ], [ -6.8675333, 33.9779482 ], [ -6.8674804, 33.9780166 ], [ -6.8674663, 33.9780561 ], [ -6.8674568, 33.9781052 ] ], [ [ -6.8649312, 33.980753 ], [ -6.8654543, 33.9802128 ], [ -6.8655154, 33.9801472 ], [ -6.8659561, 33.9796819 ], [ -6.8662432, 33.9793928 ], [ -6.8667179, 33.9788534 ], [ -6.8669992, 33.9785505 ], [ -6.8674568, 33.9781052 ] ], [ [ -6.8649312, 33.980753 ], [ -6.864531, 33.9811865 ] ], [ [ -6.864531, 33.9811865 ], [ -6.8642509, 33.9814729 ], [ -6.8639923, 33.9817328 ] ], [ [ -6.8639923, 33.9817328 ], [ -6.8645662, 33.9821352 ] ], [ [ -6.8645662, 33.9821352 ], [ -6.8645085, 33.982211 ], [ -6.8644595, 33.9822753 ], [ -6.8644362, 33.9823017 ], [ -6.8642047, 33.9825633 ], [ -6.8639293, 33.9828606 ], [ -6.8636763, 33.9831338 ], [ -6.8631801, 33.9836665 ], [ -6.8626166, 33.9842501 ], [ -6.862343, 33.9845335 ], [ -6.862086, 33.9847997 ], [ -6.8617773, 33.9851242 ], [ -6.8616904, 33.9852181 ], [ -6.861648, 33.9852596 ], [ -6.8612385, 33.9856797 ], [ -6.8607073, 33.9862247 ], [ -6.8605985, 33.9863364 ], [ -6.8601105, 33.9868613 ], [ -6.8600687, 33.9869058 ], [ -6.8597405, 33.9872499 ], [ -6.859635, 33.9873583 ], [ -6.8595299, 33.9874704 ], [ -6.8594283, 33.9875752 ], [ -6.8592621, 33.9877437 ], [ -6.8588864, 33.9881262 ], [ -6.8586036, 33.9884142 ], [ -6.8585094, 33.9885103 ], [ -6.8581338, 33.9888971 ], [ -6.8577345, 33.9893049 ], [ -6.8576028, 33.98944 ], [ -6.8574127, 33.9896351 ] ], [ [ -6.8574127, 33.9896351 ], [ -6.8573322, 33.9897174 ], [ -6.8573061, 33.9897441 ], [ -6.8572062, 33.9898448 ], [ -6.8571457, 33.9898981 ] ], [ [ -6.8571457, 33.9898981 ], [ -6.8570959, 33.9899031 ], [ -6.8570474, 33.9899133 ], [ -6.8570008, 33.9899288 ] ], [ [ -6.8570008, 33.9899288 ], [ -6.8568896, 33.9898886 ], [ -6.8567818, 33.989844 ], [ -6.8566813, 33.9897967 ], [ -6.8565683, 33.9897347 ], [ -6.8564641, 33.9896694 ], [ -6.8552027, 33.9888645 ], [ -6.8541996, 33.9882104 ], [ -6.8534536, 33.9877297 ], [ -6.8533536, 33.987667 ], [ -6.8524694, 33.9870952 ], [ -6.8523494, 33.9870167 ], [ -6.8522454, 33.9869442 ], [ -6.8521321, 33.9868601 ], [ -6.8519814, 33.9867384 ], [ -6.8519234, 33.9866898 ], [ -6.8518036, 33.9865817 ] ], [ [ -6.8518036, 33.9865817 ], [ -6.851804, 33.986566 ] ], [ [ -6.851804, 33.986566 ], [ -6.8517939, 33.9865151 ], [ -6.8517697, 33.9864677 ], [ -6.8517327, 33.9864262 ], [ -6.851685, 33.9863932 ], [ -6.8516253, 33.986372 ] ], [ [ -6.8516253, 33.986372 ], [ -6.8515649, 33.9863645 ] ], [ [ -6.8515649, 33.9863645 ], [ -6.8515347, 33.9863648 ], [ -6.8515025, 33.9863682 ], [ -6.851471, 33.9863748 ] ], [ [ -6.851471, 33.9863748 ], [ -6.8514681, 33.9863759 ], [ -6.8514255, 33.9863892 ], [ -6.8513818, 33.9864111 ], [ -6.8513477, 33.9864405 ], [ -6.8513211, 33.9864748 ], [ -6.8513029, 33.9865127 ], [ -6.8512942, 33.9865528 ] ], [ [ -6.8512942, 33.9865528 ], [ -6.8512931, 33.9865763 ], [ -6.8512952, 33.9865996 ] ], [ [ -6.8512952, 33.9865996 ], [ -6.8513037, 33.9866328 ], [ -6.8513186, 33.9866643 ], [ -6.8513393, 33.9866934 ], [ -6.8513654, 33.9867195 ], [ -6.8513963, 33.9867417 ], [ -6.851431, 33.9867595 ], [ -6.8514687, 33.9867724 ] ], [ [ -6.8514687, 33.9867724 ], [ -6.8515117, 33.9867807 ] ], [ [ -6.8515117, 33.9867807 ], [ -6.8515044, 33.9869322 ], [ -6.851492, 33.9871861 ], [ -6.8514815, 33.9875663 ] ], [ [ -6.8514815, 33.9875663 ], [ -6.8514813, 33.9876192 ], [ -6.8514861, 33.9876719 ], [ -6.8514958, 33.9877242 ], [ -6.8515103, 33.9877757 ] ], [ [ -6.8514594, 33.9890329 ], [ -6.8514688, 33.9887995 ], [ -6.8514747, 33.9886538 ], [ -6.8514813, 33.9884924 ], [ -6.8515103, 33.9877757 ] ], [ [ -6.8514121, 33.9916611 ], [ -6.8514131, 33.9915003 ], [ -6.8514148, 33.9912239 ], [ -6.851418, 33.9907352 ], [ -6.8514206, 33.9903413 ], [ -6.8514221, 33.9902734 ], [ -6.8514286, 33.9899807 ], [ -6.8514561, 33.9891209 ], [ -6.8514594, 33.9890329 ] ], [ [ -6.8514046, 33.9929616 ], [ -6.851405, 33.9928936 ], [ -6.8514067, 33.9925323 ], [ -6.8514087, 33.9922102 ], [ -6.8514121, 33.9916611 ] ], [ [ -6.8514008, 33.9935804 ], [ -6.8514015, 33.9935075 ], [ -6.8514026, 33.9933788 ], [ -6.8514046, 33.9929616 ] ], [ [ -6.8513985, 33.9942391 ], [ -6.8514008, 33.9935804 ] ], [ [ -6.8513985, 33.9942391 ], [ -6.8513954, 33.9946171 ], [ -6.8513928, 33.9947066 ], [ -6.8513876, 33.9948862 ] ], [ [ -6.8513876, 33.9948862 ], [ -6.8513117, 33.9949016 ], [ -6.8512395, 33.9949262 ], [ -6.8511724, 33.9949594 ], [ -6.8511203, 33.994994 ], [ -6.8510741, 33.9950334 ] ], [ [ -6.8510741, 33.9950334 ], [ -6.8510433, 33.9950305 ], [ -6.8510125, 33.9950337 ], [ -6.8509836, 33.9950429 ], [ -6.8509581, 33.9950575 ], [ -6.8509375, 33.9950767 ], [ -6.8509243, 33.9950966 ], [ -6.8509165, 33.9951184 ], [ -6.8509143, 33.995141 ] ], [ [ -6.8509143, 33.995141 ], [ -6.8508356, 33.9951801 ], [ -6.850763, 33.9952265 ], [ -6.8506973, 33.9952796 ] ], [ [ -6.8445917, 33.9973508 ], [ -6.8447147, 33.9973122 ], [ -6.8448429, 33.9972719 ], [ -6.8454145, 33.9970774 ], [ -6.8460086, 33.9968752 ], [ -6.8465593, 33.9966878 ], [ -6.8466083, 33.9966711 ], [ -6.846701, 33.9966396 ], [ -6.8467824, 33.9966119 ], [ -6.8470794, 33.9965108 ], [ -6.84727, 33.9964459 ], [ -6.8478333, 33.9962542 ], [ -6.8479743, 33.9962063 ], [ -6.8480983, 33.996164 ], [ -6.8486705, 33.9959693 ], [ -6.849211, 33.9957854 ], [ -6.8492626, 33.9957678 ], [ -6.8493081, 33.9957523 ], [ -6.8498341, 33.9955733 ], [ -6.8501597, 33.9954665 ], [ -6.8502542, 33.9954328 ], [ -6.8503944, 33.9953827 ], [ -6.8506973, 33.9952796 ] ], [ [ -6.8445917, 33.9973508 ], [ -6.8444984, 33.9973774 ] ], [ [ -6.8444984, 33.9973774 ], [ -6.8441805, 33.9985838 ], [ -6.8441694, 33.9986258 ], [ -6.8441461, 33.9987159 ], [ -6.844119, 33.9987993 ], [ -6.8440868, 33.9988814 ] ], [ [ -6.8440868, 33.9988814 ], [ -6.8440591, 33.9989057 ] ], [ [ -6.8440591, 33.9989057 ], [ -6.844032, 33.9989382 ], [ -6.8440021, 33.9989831 ] ], [ [ -6.8440021, 33.9989831 ], [ -6.8439792, 33.9990288 ], [ -6.8439629, 33.999075 ], [ -6.8439525, 33.9991223 ], [ -6.8439483, 33.9991701 ], [ -6.8439501, 33.9992173 ] ], [ [ -6.8439501, 33.9992173 ], [ -6.8439152, 33.9993112 ], [ -6.8438864, 33.9993999 ], [ -6.8438577, 33.9995018 ], [ -6.8437118, 34.000089 ], [ -6.8435605, 34.0006598 ], [ -6.843384, 34.0013256 ], [ -6.8433539, 34.0014383 ], [ -6.8433148, 34.0015846 ], [ -6.8430669, 34.00252 ], [ -6.8430507, 34.002581 ], [ -6.8429999, 34.0028078 ], [ -6.8429772, 34.00292 ], [ -6.8428313, 34.0035314 ], [ -6.8428108, 34.0036322 ], [ -6.8427987, 34.003701 ], [ -6.8427941, 34.0037269 ], [ -6.8427843, 34.0038086 ], [ -6.8427774, 34.0038845 ] ], [ [ -6.8427774, 34.0038845 ], [ -6.8427471, 34.0039149 ], [ -6.8427263, 34.0039503 ], [ -6.8427148, 34.0039885 ], [ -6.8427132, 34.0040278 ], [ -6.8427216, 34.0040666 ], [ -6.8427395, 34.0041031 ], [ -6.8427662, 34.0041356 ] ], [ [ -6.8427662, 34.0041356 ], [ -6.8427153, 34.0042291 ], [ -6.8426793, 34.0043156 ], [ -6.8426498, 34.0044158 ], [ -6.8425665, 34.0047901 ], [ -6.8425452, 34.0048857 ], [ -6.8422465, 34.0060264 ], [ -6.8422087, 34.0061706 ], [ -6.8421086, 34.0065525 ], [ -6.842055, 34.0067037 ], [ -6.8419974, 34.0068305 ], [ -6.8419196, 34.0069594 ], [ -6.8418311, 34.0070929 ], [ -6.8417586, 34.007184 ], [ -6.8416755, 34.0072807 ], [ -6.8415452, 34.0074203 ], [ -6.8412292, 34.0077189 ], [ -6.8408071, 34.0081218 ], [ -6.8406682, 34.0082539 ], [ -6.8404489, 34.0084624 ], [ -6.8401072, 34.0087825 ], [ -6.8397416, 34.0091428 ], [ -6.8396746, 34.0092173 ], [ -6.8396323, 34.0092679 ], [ -6.8394667, 34.0095063 ], [ -6.8393715, 34.009682 ], [ -6.8392928, 34.0098555 ] ], [ [ -6.8392928, 34.0098555 ], [ -6.8392481, 34.0099844 ], [ -6.8392226, 34.0100817 ], [ -6.8392019, 34.0101569 ], [ -6.8391598, 34.0103155 ], [ -6.8390874, 34.0107351 ], [ -6.8390094, 34.0110475 ] ], [ [ -6.8390094, 34.0110475 ], [ -6.8389779, 34.0111634 ], [ -6.8389269, 34.011364 ], [ -6.8388866, 34.0115274 ], [ -6.8388483, 34.0116583 ], [ -6.8388206, 34.0117741 ] ], [ [ -6.8388206, 34.0117741 ], [ -6.8387867, 34.0119332 ], [ -6.8387425, 34.0120604 ], [ -6.8387063, 34.0121349 ], [ -6.8386566, 34.0122055 ], [ -6.8386133, 34.0122695 ], [ -6.8385186, 34.0124154 ], [ -6.8384917, 34.0124762 ], [ -6.8384796, 34.0125185 ], [ -6.8384716, 34.0125835 ] ], [ [ -6.8384716, 34.0125835 ], [ -6.8384743, 34.0127297 ], [ -6.8384954, 34.0128609 ] ], [ [ -6.8384954, 34.0128609 ], [ -6.8385172, 34.0129681 ], [ -6.8385473, 34.0130982 ], [ -6.8386136, 34.0134232 ] ], [ [ -6.8386136, 34.0134232 ], [ -6.8386218, 34.0135189 ], [ -6.8386171, 34.0136423 ], [ -6.838603, 34.0137312 ], [ -6.8385649, 34.0138469 ], [ -6.8384895, 34.0140492 ], [ -6.8384645, 34.0141231 ], [ -6.8384471, 34.0142041 ], [ -6.8384272, 34.0143096 ], [ -6.8384231, 34.0143772 ], [ -6.8384217, 34.0144417 ], [ -6.8384301, 34.0145594 ], [ -6.8384412, 34.0147018 ], [ -6.8384533, 34.0148602 ], [ -6.8384582, 34.0148773 ], [ -6.8384664, 34.0148936 ], [ -6.8384777, 34.0149085 ], [ -6.8385046, 34.0149391 ], [ -6.8385087, 34.0149442 ], [ -6.8385148, 34.0149524 ], [ -6.8385291, 34.0149728 ], [ -6.8385374, 34.0149867 ] ], [ [ -6.8385374, 34.0149867 ], [ -6.8385527, 34.0150152 ], [ -6.838586, 34.0150884 ], [ -6.8386151, 34.0151658 ], [ -6.8386402, 34.0152373 ], [ -6.838652, 34.0152738 ], [ -6.8386778, 34.015354 ], [ -6.8387139, 34.015466 ] ], [ [ -6.8387139, 34.015466 ], [ -6.8387776, 34.0156642 ] ], [ [ -6.8387776, 34.0156642 ], [ -6.8388066, 34.0157504 ], [ -6.8388456, 34.0159041 ], [ -6.8388733, 34.0160231 ], [ -6.8388954, 34.0161574 ], [ -6.8389094, 34.0162852 ], [ -6.8389289, 34.0164203 ], [ -6.8389584, 34.0165209 ], [ -6.8389893, 34.0166015 ], [ -6.8390181, 34.0166699 ], [ -6.8390993, 34.016831 ], [ -6.8391744, 34.0169784 ], [ -6.8392367, 34.0171223 ], [ -6.8392708, 34.0172268 ], [ -6.839297, 34.0173601 ], [ -6.8393138, 34.0175247 ], [ -6.8393379, 34.0178293 ], [ -6.8393567, 34.0179615 ], [ -6.8393862, 34.018086 ], [ -6.8394091, 34.0181633 ], [ -6.8394479, 34.0182628 ], [ -6.8395123, 34.0183895 ], [ -6.8395293, 34.0184197 ] ], [ [ -6.8395293, 34.0184197 ], [ -6.8396, 34.0185456 ], [ -6.8396561, 34.0186494 ] ], [ [ -6.8396561, 34.0186494 ], [ -6.8397066, 34.0187617 ], [ -6.8397839, 34.0189314 ], [ -6.8397966, 34.0189859 ], [ -6.8398134, 34.0190742 ], [ -6.8398244, 34.0191932 ], [ -6.8398373, 34.0195143 ], [ -6.8398457, 34.0196305 ], [ -6.8398636, 34.0197279 ], [ -6.8398837, 34.0198157 ], [ -6.8399203, 34.0199181 ], [ -6.8399467, 34.0199858 ], [ -6.8399828, 34.0200619 ], [ -6.8401324, 34.020334 ] ] ] } },
{ "type": "Feature", "properties": { "from_ar": "L101", "name": "L101:Hay Fath→Hay Ennahda", "network": "Bus Stades" }, "geometry": { "type": "MultiLineString", "coordinates": [ [ [ -6.9056381, 33.9647755 ], [ -6.9052726, 33.9647892 ], [ -6.9052013, 33.9648235 ], [ -6.9051634, 33.9649243 ] ], [ [ -6.9039468, 33.9649445 ], [ -6.9041347, 33.9649183 ], [ -6.9042783, 33.9649166 ], [ -6.9051634, 33.9649243 ] ], [ [ -6.9023619, 33.9663075 ], [ -6.9024711, 33.9662001 ], [ -6.9025341, 33.9661361 ], [ -6.902554, 33.9661261 ], [ -6.9027065, 33.9659877 ], [ -6.9028212, 33.965888 ], [ -6.9034008, 33.9653846 ], [ -6.903602, 33.9652099 ], [ -6.9039468, 33.9649445 ] ], [ [ -6.8994737, 33.9686917 ], [ -6.8995214, 33.9686504 ], [ -6.8996601, 33.9685325 ], [ -6.8999411, 33.9682945 ], [ -6.9001114, 33.9681628 ], [ -6.9003274, 33.9679831 ], [ -6.9005645, 33.9677893 ], [ -6.9007231, 33.9676597 ], [ -6.9007505, 33.9676373 ], [ -6.900843, 33.9675665 ], [ -6.9009098, 33.9675072 ], [ -6.9016073, 33.9669372 ], [ -6.9016529, 33.9669 ], [ -6.9018817, 33.9667129 ], [ -6.901896, 33.9667009 ], [ -6.9020279, 33.9665905 ], [ -6.9023619, 33.9663075 ] ], [ [ -6.8994737, 33.9686917 ], [ -6.8993754, 33.9687508 ], [ -6.8992836, 33.9688166 ], [ -6.8991989, 33.9688888 ], [ -6.8991277, 33.9689457 ], [ -6.8990681, 33.9689924 ], [ -6.8989489, 33.9690959 ] ], [ [ -6.8989489, 33.9690959 ], [ -6.8986199, 33.9693634 ], [ -6.8985142, 33.969454 ], [ -6.8982446, 33.9696714 ], [ -6.8981709, 33.9697181 ], [ -6.8981085, 33.969742 ], [ -6.898026, 33.9697637 ], [ -6.8978584, 33.9697804 ], [ -6.8974346, 33.9698171 ], [ -6.8970638, 33.9698522 ], [ -6.8966353, 33.969905 ], [ -6.8963054, 33.9699589 ], [ -6.8957844, 33.970103 ], [ -6.8954102, 33.9702181 ], [ -6.8951813, 33.9703034 ], [ -6.8951094, 33.9703317 ], [ -6.8949789, 33.9703934 ] ], [ [ -6.8948136, 33.9704788 ], [ -6.8946995, 33.9705455 ], [ -6.8944088, 33.9707006 ], [ -6.8940894, 33.9708688 ], [ -6.8939075, 33.9709805 ], [ -6.8936098, 33.9712074 ], [ -6.8934569, 33.9713292 ], [ -6.8932651, 33.9715127 ], [ -6.8931303, 33.9716506 ], [ -6.8930807, 33.9717023 ], [ -6.8929023, 33.9718797 ], [ -6.8926904, 33.9720871 ], [ -6.8925852, 33.9721872 ], [ -6.8924202, 33.9723457 ], [ -6.8923096, 33.9724458 ], [ -6.8920353, 33.9727211 ], [ -6.8918201, 33.9729246 ], [ -6.8916189, 33.9731265 ], [ -6.8914117, 33.9733311 ], [ -6.8912897, 33.9734512 ], [ -6.891185, 33.9735485 ], [ -6.8909993, 33.9737248 ], [ -6.8908592, 33.9738655 ], [ -6.8905266, 33.9742031 ], [ -6.8903143, 33.9744079 ], [ -6.890211, 33.9745031 ], [ -6.8900739, 33.9746424 ], [ -6.8900022, 33.9747058 ], [ -6.8899043, 33.9747853 ], [ -6.8897863, 33.974872 ], [ -6.8896743, 33.9749538 ], [ -6.8895476, 33.9750383 ], [ -6.8894168, 33.9751261 ], [ -6.8892833, 33.9752117 ], [ -6.8892234, 33.9752469 ], [ -6.8885954, 33.9756683 ], [ -6.8884921, 33.9757362 ], [ -6.8878739, 33.9761465 ], [ -6.887489, 33.9763856 ], [ -6.8873807, 33.9764567 ], [ -6.8873466, 33.9764766 ], [ -6.8873153, 33.9764872 ], [ -6.8872808, 33.9764915 ], [ -6.8871655, 33.976512 ] ], [ [ -6.8871655, 33.976512 ], [ -6.8870874, 33.9764898 ], [ -6.8870049, 33.9764876 ], [ -6.8869252, 33.9765055 ] ], [ [ -6.8869252, 33.9765055 ], [ -6.8868419, 33.9764768 ], [ -6.8867728, 33.9764579 ], [ -6.8866991, 33.9764307 ], [ -6.8866058, 33.9763856 ], [ -6.8864308, 33.9762861 ], [ -6.8858743, 33.9759475 ], [ -6.8856295, 33.975789 ], [ -6.8852701, 33.9755627 ], [ -6.8850274, 33.9754142 ], [ -6.8849489, 33.9753625 ], [ -6.8848228, 33.9752835 ], [ -6.8840162, 33.9748008 ], [ -6.8837667, 33.974644 ], [ -6.8833946, 33.9744049 ], [ -6.8833369, 33.9743693 ], [ -6.8832335, 33.9743065 ] ], [ [ -6.8832335, 33.9743065 ], [ -6.8832382, 33.9742872 ], [ -6.8832404, 33.9742658 ], [ -6.8832362, 33.9742432 ], [ -6.8832168, 33.9741966 ], [ -6.8831805, 33.9741576 ], [ -6.8831312, 33.9741301 ] ], [ [ -6.8831312, 33.9741301 ], [ -6.8830861, 33.9741185 ], [ -6.8830389, 33.9741167 ], [ -6.8829927, 33.9741249 ] ], [ [ -6.8829927, 33.9741249 ], [ -6.8829408, 33.9741498 ], [ -6.8829056, 33.9741782 ], [ -6.8828799, 33.9742183 ], [ -6.8828695, 33.9742628 ], [ -6.8828707, 33.9742885 ], [ -6.8828772, 33.9743136 ], [ -6.8828885, 33.9743375 ], [ -6.8829046, 33.9743595 ] ], [ [ -6.8829046, 33.9743595 ], [ -6.8827608, 33.9745482 ] ], [ [ -6.8827608, 33.9745482 ], [ -6.8827105, 33.9746143 ] ], [ [ -6.8827105, 33.9746143 ], [ -6.882316, 33.9750895 ], [ -6.8822023, 33.9752268 ], [ -6.8819207, 33.975556 ], [ -6.8815035, 33.9760396 ], [ -6.8813165, 33.9762583 ], [ -6.8811429, 33.976459 ], [ -6.8810048, 33.9766376 ], [ -6.880642, 33.9771069 ], [ -6.8802129, 33.9777483 ] ], [ [ -6.8802129, 33.9777483 ], [ -6.8801821, 33.9777484 ], [ -6.8801522, 33.9777546 ], [ -6.8801249, 33.9777665 ] ], [ [ -6.8801249, 33.9777665 ], [ -6.8801008, 33.9777842 ], [ -6.8800828, 33.9778063 ], [ -6.8800718, 33.9778313 ], [ -6.8800687, 33.9778579 ] ], [ [ -6.8800687, 33.9778579 ], [ -6.8800774, 33.977894 ], [ -6.8801002, 33.9779255 ], [ -6.8801346, 33.9779488 ] ], [ [ -6.8801346, 33.9779488 ], [ -6.8800011, 33.9781353 ], [ -6.8796474, 33.9785966 ], [ -6.8782046, 33.9804202 ], [ -6.8780291, 33.9806451 ], [ -6.8779975, 33.9807027 ], [ -6.8779753, 33.9807948 ] ], [ [ -6.8770426, 33.9819543 ], [ -6.8776801, 33.981162 ], [ -6.8779753, 33.9807948 ] ], [ [ -6.8770426, 33.9819543 ], [ -6.8769322, 33.9820447 ], [ -6.8768841, 33.9821055 ], [ -6.8767806, 33.9822561 ] ], [ [ -6.8767806, 33.9822561 ], [ -6.8767322, 33.9822527 ], [ -6.8766741, 33.9822656 ], [ -6.8766262, 33.9822956 ], [ -6.8765953, 33.9823384 ], [ -6.8765859, 33.9823876 ], [ -6.8765994, 33.9824361 ], [ -6.8766339, 33.9824769 ] ], [ [ -6.8766339, 33.9824769 ], [ -6.8762123, 33.9830359 ], [ -6.8756376, 33.9837643 ], [ -6.8749063, 33.9846912 ], [ -6.8747649, 33.9848704 ], [ -6.8744299, 33.9852949 ], [ -6.8740822, 33.9857356 ], [ -6.8728062, 33.9873512 ], [ -6.8714478, 33.9891066 ], [ -6.8714239, 33.9891375 ], [ -6.8712298, 33.9893614 ], [ -6.8711311, 33.9894885 ], [ -6.8710783, 33.9895492 ], [ -6.8710232, 33.9896084 ] ], [ [ -6.8710232, 33.9896084 ], [ -6.8709712, 33.989631 ], [ -6.8709321, 33.9896672 ] ], [ [ -6.8709321, 33.9896672 ], [ -6.8709109, 33.9897125 ], [ -6.8709082, 33.989747 ], [ -6.8709161, 33.9897808 ], [ -6.8709364, 33.9898149 ], [ -6.8709672, 33.9898431 ], [ -6.8710063, 33.989863 ], [ -6.8710504, 33.9898732 ], [ -6.8710963, 33.9898729 ], [ -6.8711403, 33.9898621 ], [ -6.8711789, 33.9898416 ], [ -6.8712092, 33.9898131 ] ], [ [ -6.8713845, 33.990925 ], [ -6.8713488, 33.9907343 ], [ -6.8713287, 33.9905786 ], [ -6.871224, 33.9899078 ], [ -6.8712092, 33.9898131 ] ], [ [ -6.8713845, 33.990925 ], [ -6.8713213, 33.9909388 ], [ -6.8712796, 33.9909647 ], [ -6.8712538, 33.9909871 ], [ -6.8712352, 33.9910178 ] ], [ [ -6.8712352, 33.9910178 ], [ -6.8712253, 33.9910562 ], [ -6.8712285, 33.9910953 ], [ -6.8712385, 33.9911173 ] ], [ [ -6.8712385, 33.9911173 ], [ -6.8712741, 33.9911657 ], [ -6.8713137, 33.9911907 ] ], [ [ -6.8713137, 33.9911907 ], [ -6.8713425, 33.9912483 ], [ -6.8713648, 33.9913079 ], [ -6.8713807, 33.9913688 ], [ -6.871393, 33.9914741 ], [ -6.871418, 33.9916712 ], [ -6.8714306, 33.9917925 ] ], [ [ -6.8714306, 33.9917925 ], [ -6.871462, 33.9919752 ], [ -6.8714867, 33.9921186 ], [ -6.8716005, 33.9926642 ], [ -6.87163, 33.9928963 ], [ -6.8716484, 33.9930095 ], [ -6.8717261, 33.9935685 ], [ -6.8717708, 33.9938905 ], [ -6.8718042, 33.9940636 ], [ -6.8718457, 33.9942791 ], [ -6.8718643, 33.9944206 ], [ -6.8718761, 33.9945131 ], [ -6.8718778, 33.9945845 ], [ -6.8718777, 33.9946169 ], [ -6.8718769, 33.994679 ], [ -6.8718725, 33.994741 ], [ -6.8718644, 33.9948028 ] ], [ [ -6.8718644, 33.9948028 ], [ -6.8718424, 33.9949713 ], [ -6.8718303, 33.9950306 ], [ -6.8717849, 33.9951954 ], [ -6.8717264, 33.9953567 ], [ -6.8715378, 33.9959276 ], [ -6.8715055, 33.9960674 ], [ -6.8714812, 33.9961758 ], [ -6.8714557, 33.99625 ], [ -6.8714237, 33.9963117 ], [ -6.8712754, 33.9964861 ], [ -6.8712137, 33.9965733 ], [ -6.8710271, 33.9968144 ], [ -6.8705954, 33.9973331 ], [ -6.8704351, 33.9975361 ], [ -6.8701923, 33.9978486 ] ], [ [ -6.8701923, 33.9978486 ], [ -6.8697478, 33.9983943 ], [ -6.8696596, 33.9985026 ] ], [ [ -6.8696596, 33.9985026 ], [ -6.8695594, 33.9986474 ], [ -6.8694694, 33.9987636 ], [ -6.8692983, 33.9989844 ], [ -6.8690642, 33.9992709 ], [ -6.8688608, 33.9995138 ], [ -6.8684614, 33.9999907 ], [ -6.8683389, 34.0001434 ], [ -6.8678539, 34.0007237 ], [ -6.8677946, 34.0007926 ], [ -6.8673123, 34.0014038 ], [ -6.8671202, 34.0016622 ], [ -6.8669606, 34.0018532 ], [ -6.866869, 34.0019628 ], [ -6.8668226, 34.0020245 ], [ -6.8667551, 34.0021141 ], [ -6.8665033, 34.0024269 ], [ -6.8660013, 34.0030506 ], [ -6.865759, 34.0033573 ], [ -6.8656799, 34.0034652 ], [ -6.8655834, 34.0035908 ], [ -6.8655218, 34.0036828 ], [ -6.8654814, 34.0037411 ], [ -6.865442, 34.0038002 ], [ -6.8654026, 34.0038628 ], [ -6.8652955, 34.004014 ], [ -6.8651674, 34.0041946 ], [ -6.8651301, 34.0042467 ], [ -6.8650792, 34.0043045 ] ], [ [ -6.8650792, 34.0043045 ], [ -6.8650165, 34.0043767 ] ], [ [ -6.8650165, 34.0043767 ], [ -6.864888, 34.0045324 ], [ -6.8643706, 34.0051279 ], [ -6.8641249, 34.0054158 ], [ -6.8639116, 34.0056309 ], [ -6.8637116, 34.0058008 ] ], [ [ -6.8637116, 34.0058008 ], [ -6.8636199, 34.0057394 ], [ -6.8634627, 34.0056341 ], [ -6.8633159, 34.0055363 ], [ -6.8631996, 34.0054579 ], [ -6.8620705, 34.0046758 ], [ -6.861531, 34.0043117 ], [ -6.8594547, 34.0029087 ] ], [ [ -6.8594547, 34.0029087 ], [ -6.8593233, 34.0028337 ], [ -6.8592206, 34.002782 ] ], [ [ -6.8592206, 34.002782 ], [ -6.8591239, 34.0027332 ] ], [ [ -6.8591239, 34.0027332 ], [ -6.8590873, 34.002806 ], [ -6.8589102, 34.0031584 ], [ -6.8588677, 34.0032335 ] ], [ [ -6.8588677, 34.0032335 ], [ -6.8587558, 34.0034332 ], [ -6.8586911, 34.003525 ], [ -6.8586186, 34.003615 ], [ -6.8583762, 34.0039098 ] ], [ [ -6.8583762, 34.0039098 ], [ -6.8582019, 34.0041046 ] ], [ [ -6.8582019, 34.0041046 ], [ -6.857714, 34.0046419 ], [ -6.8574088, 34.0049717 ], [ -6.856631, 34.0058291 ], [ -6.8562472, 34.006256 ], [ -6.8559551, 34.006581 ], [ -6.854623, 34.0080398 ], [ -6.8545662, 34.0081058 ], [ -6.854508, 34.008165 ], [ -6.8544452, 34.0082209 ], [ -6.8543781, 34.0082733 ] ], [ [ -6.8543781, 34.0082733 ], [ -6.854327, 34.0082499 ], [ -6.8542725, 34.0082325 ], [ -6.8542304, 34.0082226 ], [ -6.8541193, 34.008218 ], [ -6.8540245, 34.0082328 ], [ -6.8539363, 34.0082651 ], [ -6.8538593, 34.0083132 ] ], [ [ -6.8538593, 34.0083132 ], [ -6.8538046, 34.0083006 ], [ -6.853751, 34.0082864 ], [ -6.8536982, 34.0082702 ], [ -6.8536446, 34.0082508 ], [ -6.8535953, 34.0082324 ] ], [ [ -6.8526518, 34.0076519 ], [ -6.8532738, 34.0080346 ], [ -6.8533214, 34.0080639 ], [ -6.8535953, 34.0082324 ] ], [ [ -6.852066, 34.0072915 ], [ -6.8522479, 34.0074034 ], [ -6.8524537, 34.00753 ], [ -6.8526518, 34.0076519 ] ], [ [ -6.852701, 34.0063914 ], [ -6.8521943, 34.007105 ], [ -6.852066, 34.0072915 ] ], [ [ -6.852701, 34.0063914 ], [ -6.8527314, 34.0063717 ], [ -6.8527594, 34.0063498 ], [ -6.8527847, 34.0063258 ], [ -6.8528073, 34.0062999 ], [ -6.8528434, 34.0062541 ], [ -6.8528701, 34.0062217 ], [ -6.8528996, 34.0061879 ], [ -6.8529301, 34.0061547 ], [ -6.8529617, 34.0061223 ] ], [ [ -6.8529617, 34.0061223 ], [ -6.8529894, 34.0061154 ], [ -6.8530151, 34.006104 ], [ -6.8530374, 34.0060884 ], [ -6.8530552, 34.0060692 ], [ -6.8530677, 34.0060473 ], [ -6.853075, 34.0060184 ], [ -6.8530731, 34.0059888 ] ], [ [ -6.8530731, 34.0059888 ], [ -6.8530641, 34.0059654 ], [ -6.8530491, 34.0059441 ], [ -6.8530305, 34.0059272 ], [ -6.853008, 34.0059138 ], [ -6.8529827, 34.0059045 ], [ -6.8529557, 34.0058997 ], [ -6.8529301, 34.0058984 ] ], [ [ -6.8529301, 34.0058984 ], [ -6.8528628, 34.0058109 ], [ -6.8528255, 34.0057562 ], [ -6.852791, 34.0057003 ], [ -6.8527594, 34.0056433 ], [ -6.8527293, 34.0055856 ], [ -6.8525518, 34.0052452 ] ], [ [ -6.8525518, 34.0052452 ], [ -6.852352, 34.0048515 ] ], [ [ -6.852352, 34.0048515 ], [ -6.8522743, 34.0047059 ], [ -6.8521999, 34.0045591 ], [ -6.852129, 34.0044111 ], [ -6.8520616, 34.004262 ], [ -6.8520121, 34.0041431 ] ], [ [ -6.8520121, 34.0041431 ], [ -6.8519945, 34.0041085 ], [ -6.8519794, 34.0040708 ], [ -6.8519678, 34.0040321 ], [ -6.85196, 34.0039929 ], [ -6.8519558, 34.0039532 ], [ -6.8519555, 34.0039134 ], [ -6.8519589, 34.0038738 ] ], [ [ -6.8519589, 34.0038738 ], [ -6.8519717, 34.0038666 ], [ -6.851983, 34.0038579 ], [ -6.8519927, 34.0038479 ], [ -6.8520006, 34.0038369 ], [ -6.8520078, 34.0038209 ], [ -6.8520112, 34.003804 ], [ -6.8520105, 34.0037869 ], [ -6.8520058, 34.0037702 ], [ -6.8519973, 34.0037546 ], [ -6.8519853, 34.0037407 ], [ -6.8519702, 34.0037291 ] ], [ [ -6.8519702, 34.0037291 ], [ -6.8519527, 34.00372 ], [ -6.8519333, 34.003714 ] ], [ [ -6.8519333, 34.003714 ], [ -6.8519162, 34.0037115 ], [ -6.8518989, 34.0037113 ] ], [ [ -6.8518989, 34.0037113 ], [ -6.8518229, 34.0036567 ], [ -6.8517615, 34.00361 ], [ -6.8517061, 34.0035585 ], [ -6.8516582, 34.0035045 ], [ -6.8516155, 34.0034428 ] ], [ [ -6.8516155, 34.0034428 ], [ -6.8515811, 34.0033799 ], [ -6.8515511, 34.0033156 ], [ -6.8513724, 34.0029508 ], [ -6.8512999, 34.0028063 ] ], [ [ -6.8512999, 34.0028063 ], [ -6.8512224, 34.0026507 ], [ -6.8511744, 34.002549 ], [ -6.8511429, 34.0024695 ], [ -6.8511198, 34.0024143 ], [ -6.8511071, 34.0023576 ], [ -6.8510932, 34.0022597 ], [ -6.85108, 34.0021207 ] ], [ [ -6.85108, 34.0021207 ], [ -6.8510956, 34.0021036 ], [ -6.8511067, 34.0020844 ], [ -6.851113, 34.0020638 ], [ -6.8511141, 34.0020426 ] ], [ [ -6.8511141, 34.0020426 ], [ -6.8511802, 34.002013 ], [ -6.8512325, 34.0019896 ], [ -6.8512816, 34.001962 ], [ -6.8513266, 34.0019299 ], [ -6.851367, 34.0018938 ], [ -6.8514022, 34.0018542 ], [ -6.8514318, 34.0018115 ], [ -6.8514553, 34.0017663 ], [ -6.851479, 34.0017147 ], [ -6.8514984, 34.0016618 ], [ -6.8515132, 34.0016038 ], [ -6.8515197, 34.0015789 ], [ -6.8515274, 34.0015196 ], [ -6.8515314, 34.0014784 ], [ -6.8515292, 34.0014371 ], [ -6.8515208, 34.0013963 ], [ -6.8515063, 34.0013567 ], [ -6.8514859, 34.0013189 ] ], [ [ -6.8513771, 34.0007985 ], [ -6.8514213, 34.0009892 ], [ -6.8514859, 34.0013189 ] ], [ [ -6.8512289, 33.9971299 ], [ -6.8511632, 33.9980652 ], [ -6.8511383, 33.9984064 ], [ -6.8510988, 33.9988606 ], [ -6.8510883, 33.9990164 ], [ -6.8510825, 33.9990763 ], [ -6.8510815, 33.9991309 ], [ -6.8510806, 33.9991847 ], [ -6.8510808, 33.999456 ], [ -6.8510874, 33.9995895 ], [ -6.8511025, 33.9997225 ], [ -6.851126, 33.9998547 ], [ -6.8511578, 33.9999857 ], [ -6.851198, 34.0001151 ], [ -6.8512241, 34.0002147 ], [ -6.851238, 34.0002678 ], [ -6.8513771, 34.0007985 ] ], [ [ -6.8512289, 33.9971299 ], [ -6.8512626, 33.9970374 ], [ -6.8512782, 33.9969839 ], [ -6.8512924, 33.9969214 ], [ -6.8513024, 33.9968598 ], [ -6.8513074, 33.9968151 ], [ -6.8513191, 33.9966784 ], [ -6.8513271, 33.9965858 ] ], [ [ -6.8513271, 33.9965858 ], [ -6.8513344, 33.9965171 ], [ -6.8513327, 33.9964856 ], [ -6.8513332, 33.996435 ], [ -6.8513327, 33.9964006 ], [ -6.8513353, 33.9963815 ] ], [ [ -6.8513353, 33.9963815 ], [ -6.8513414, 33.9963023 ], [ -6.8513518, 33.9961132 ], [ -6.8513549, 33.9959988 ], [ -6.8513565, 33.9958868 ], [ -6.8513554, 33.9958508 ], [ -6.8513528, 33.9958058 ], [ -6.851348, 33.9957534 ], [ -6.8513387, 33.9956817 ] ], [ [ -6.8513599, 33.9953368 ], [ -6.8513453, 33.9955735 ], [ -6.8513387, 33.9956817 ] ], [ [ -6.8513876, 33.9948862 ], [ -6.8513599, 33.9953368 ] ], [ [ -6.8513876, 33.9948862 ], [ -6.8513117, 33.9949016 ], [ -6.8512395, 33.9949262 ], [ -6.8511724, 33.9949594 ], [ -6.8511203, 33.994994 ], [ -6.8510741, 33.9950334 ] ], [ [ -6.8510741, 33.9950334 ], [ -6.8510433, 33.9950305 ], [ -6.8510125, 33.9950337 ], [ -6.8509836, 33.9950429 ], [ -6.8509581, 33.9950575 ], [ -6.8509375, 33.9950767 ], [ -6.8509243, 33.9950966 ], [ -6.8509165, 33.9951184 ], [ -6.8509143, 33.995141 ] ], [ [ -6.8509143, 33.995141 ], [ -6.8508356, 33.9951801 ], [ -6.850763, 33.9952265 ], [ -6.8506973, 33.9952796 ] ], [ [ -6.8445917, 33.9973508 ], [ -6.8447147, 33.9973122 ], [ -6.8448429, 33.9972719 ], [ -6.8454145, 33.9970774 ], [ -6.8460086, 33.9968752 ], [ -6.8465593, 33.9966878 ], [ -6.8466083, 33.9966711 ], [ -6.846701, 33.9966396 ], [ -6.8467824, 33.9966119 ], [ -6.8470794, 33.9965108 ], [ -6.84727, 33.9964459 ], [ -6.8478333, 33.9962542 ], [ -6.8479743, 33.9962063 ], [ -6.8480983, 33.996164 ], [ -6.8486705, 33.9959693 ], [ -6.849211, 33.9957854 ], [ -6.8492626, 33.9957678 ], [ -6.8493081, 33.9957523 ], [ -6.8498341, 33.9955733 ], [ -6.8501597, 33.9954665 ], [ -6.8502542, 33.9954328 ], [ -6.8503944, 33.9953827 ], [ -6.8506973, 33.9952796 ] ], [ [ -6.8445917, 33.9973508 ], [ -6.8444984, 33.9973774 ] ], [ [ -6.8444984, 33.9973774 ], [ -6.8441805, 33.9985838 ], [ -6.8441694, 33.9986258 ], [ -6.8441461, 33.9987159 ], [ -6.844119, 33.9987993 ], [ -6.8440868, 33.9988814 ] ], [ [ -6.8440868, 33.9988814 ], [ -6.8440591, 33.9989057 ] ], [ [ -6.8440591, 33.9989057 ], [ -6.8438974, 33.998702 ] ], [ [ -6.8410538, 33.9934168 ], [ -6.8415976, 33.9942348 ], [ -6.8416736, 33.9943583 ], [ -6.8417182, 33.9944441 ], [ -6.8417784, 33.9945618 ], [ -6.8420174, 33.9950474 ], [ -6.8424894, 33.9959765 ], [ -6.842638, 33.9962611 ], [ -6.8428777, 33.996727 ], [ -6.8431354, 33.9972278 ], [ -6.8433934, 33.9977293 ], [ -6.8434188, 33.9977781 ], [ -6.8438822, 33.9986726 ], [ -6.8438974, 33.998702 ] ], [ [ -6.8406186, 33.9930768 ], [ -6.8407194, 33.9931224 ], [ -6.8408183, 33.9931831 ], [ -6.8409078, 33.9932531 ], [ -6.8409867, 33.9933314 ], [ -6.8410538, 33.9934168 ] ], [ [ -6.8402076, 33.9929805 ], [ -6.8402673, 33.9929871 ], [ -6.8403795, 33.9930034 ], [ -6.8404985, 33.9930318 ], [ -6.8406186, 33.9930768 ] ], [ [ -6.8402076, 33.9929805 ], [ -6.8401009, 33.9929523 ], [ -6.8399927, 33.9929284 ], [ -6.8398844, 33.992905 ], [ -6.8394258, 33.9928062 ] ], [ [ -6.8394258, 33.9928062 ], [ -6.8393821, 33.992802 ], [ -6.8393381, 33.9928033 ], [ -6.8392949, 33.9928103 ], [ -6.8392535, 33.9928227 ] ], [ [ -6.8392535, 33.9928227 ], [ -6.839247, 33.9928061 ], [ -6.8392174, 33.9927486 ], [ -6.8391714, 33.9926975 ], [ -6.8391125, 33.9926564 ], [ -6.839044, 33.9926276 ], [ -6.8389692, 33.9926124 ], [ -6.8388926, 33.9926119 ], [ -6.83887, 33.992612 ], [ -6.8388029, 33.9926233 ], [ -6.8387391, 33.9926439 ], [ -6.8386804, 33.9926732 ], [ -6.8386286, 33.9927104 ], [ -6.8385853, 33.9927544 ], [ -6.8385476, 33.9928044 ], [ -6.838478, 33.9928946 ], [ -6.8383669, 33.993099 ] ], [ [ -6.8383669, 33.993099 ], [ -6.8383056, 33.9931499 ], [ -6.8382434, 33.9931919 ], [ -6.8381739, 33.9932251 ], [ -6.8380678, 33.9932573 ], [ -6.8380216, 33.9932615 ], [ -6.837943, 33.9932642 ], [ -6.8371601, 33.9932977 ], [ -6.8358696, 33.993353 ], [ -6.8344222, 33.9934012 ], [ -6.8343892, 33.9934007 ], [ -6.834343, 33.993398 ], [ -6.8342839, 33.9933885 ], [ -6.8342436, 33.9933746 ] ], [ [ -6.8342436, 33.9933746 ], [ -6.8342089, 33.9933461 ], [ -6.834167, 33.9933255 ], [ -6.8341202, 33.9933139 ], [ -6.8340814, 33.9933118 ], [ -6.8340428, 33.9933159 ], [ -6.834006, 33.9933262 ], [ -6.8339719, 33.9933424 ], [ -6.8339424, 33.9933638 ], [ -6.8339185, 33.9933896 ] ], [ [ -6.8339185, 33.9933896 ], [ -6.833879, 33.9934057 ], [ -6.8338371, 33.9934167 ], [ -6.8337942, 33.9934245 ], [ -6.8337506, 33.9934292 ], [ -6.8337066, 33.9934306 ], [ -6.8336189, 33.9934319 ], [ -6.8321263, 33.9934906 ], [ -6.8313383, 33.9935212 ] ], [ [ -6.8313383, 33.9935212 ], [ -6.8305148, 33.9935582 ] ], [ [ -6.8305148, 33.9935582 ], [ -6.8304447, 33.9935375 ], [ -6.8303731, 33.993521 ], [ -6.8303001, 33.9935088 ], [ -6.8302264, 33.9935009 ], [ -6.8301521, 33.9934975 ], [ -6.8300777, 33.9934985 ], [ -6.8294721, 33.9935203 ], [ -6.8287593, 33.9935469 ], [ -6.8277259, 33.9935842 ] ], [ [ -6.8277259, 33.9935842 ], [ -6.827504, 33.9935904 ], [ -6.8274856, 33.9935913 ], [ -6.8274049, 33.993595 ] ], [ [ -6.8274049, 33.993595 ], [ -6.8272867, 33.9936003 ] ], [ [ -6.8272867, 33.9936003 ], [ -6.8272035, 33.9936041 ], [ -6.8271151, 33.9936076 ], [ -6.8270253, 33.9936132 ] ], [ [ -6.8270253, 33.9936132 ], [ -6.8269092, 33.9936286 ], [ -6.826805, 33.9936427 ], [ -6.826686, 33.9936626 ], [ -6.8265452, 33.9937043 ], [ -6.826352, 33.993771 ], [ -6.8260275, 33.9939233 ], [ -6.8258028, 33.9940195 ], [ -6.8256312, 33.9941068 ], [ -6.8255906, 33.994139 ], [ -6.8255735, 33.9941588 ], [ -6.8255638, 33.9941796 ], [ -6.8255507, 33.9942102 ], [ -6.8254639, 33.9942477 ], [ -6.8254347, 33.9942662 ], [ -6.825381, 33.9943016 ] ], [ [ -6.8214332, 33.99559 ], [ -6.8214758, 33.99556 ], [ -6.8221154, 33.9951446 ], [ -6.8222684, 33.9950452 ], [ -6.8226197, 33.9948451 ], [ -6.822831, 33.9947011 ], [ -6.8229577, 33.9946327 ], [ -6.8231461, 33.9945404 ], [ -6.8233868, 33.9945145 ], [ -6.8236118, 33.9944902 ], [ -6.8241218, 33.9944442 ], [ -6.8248418, 33.9943758 ], [ -6.8251142, 33.9943497 ], [ -6.8252832, 33.9943242 ], [ -6.825381, 33.9943016 ] ], [ [ -6.8214332, 33.99559 ], [ -6.8211496, 33.9956923 ], [ -6.8210014, 33.9957318 ], [ -6.8208833, 33.9957603 ] ], [ [ -6.8208833, 33.9957603 ], [ -6.8208479, 33.995742 ], [ -6.8208075, 33.9957337 ], [ -6.8207659, 33.9957363 ], [ -6.8207274, 33.9957494 ] ], [ [ -6.8207274, 33.9957494 ], [ -6.8206134, 33.9956907 ], [ -6.8205065, 33.995637 ], [ -6.8203462, 33.9955395 ] ], [ [ -6.8191382, 33.9944762 ], [ -6.8191684, 33.9945043 ], [ -6.8193033, 33.9946269 ], [ -6.8196494, 33.9949426 ], [ -6.8198309, 33.9950908 ], [ -6.8199871, 33.9952257 ], [ -6.8200579, 33.9952868 ], [ -6.8202389, 33.9954508 ], [ -6.8202912, 33.9954945 ], [ -6.8203462, 33.9955395 ] ], [ [ -6.8191382, 33.9944762 ], [ -6.8191021, 33.9944187 ], [ -6.8190702, 33.9943782 ], [ -6.8190587, 33.9943636 ], [ -6.8190101, 33.9943141 ], [ -6.818946, 33.9942613 ], [ -6.8188749, 33.994215 ] ], [ [ -6.8188749, 33.994215 ], [ -6.8188548, 33.9941696 ], [ -6.8188164, 33.9941341 ], [ -6.8187654, 33.994112 ] ], [ [ -6.8187654, 33.994112 ], [ -6.8187124, 33.9940256 ], [ -6.8186311, 33.9938966 ], [ -6.8185487, 33.9937242 ], [ -6.8184816, 33.9935711 ] ], [ [ -6.8184816, 33.9935711 ], [ -6.8184221, 33.9934363 ], [ -6.8183497, 33.9933451 ], [ -6.8182449, 33.9932777 ], [ -6.8180789, 33.9931651 ], [ -6.8180023, 33.9931131 ], [ -6.8178612, 33.9930174 ] ], [ [ -6.8176885, 33.992801 ], [ -6.8178612, 33.9930174 ] ], [ [ -6.8176885, 33.992801 ], [ -6.8175908, 33.9926601 ], [ -6.8174989, 33.9925277 ] ], [ [ -6.8174989, 33.9925277 ], [ -6.8175056, 33.9925071 ], [ -6.8175059, 33.9924857 ] ], [ [ -6.8175059, 33.9924857 ], [ -6.8174958, 33.9924567 ], [ -6.8174744, 33.9924323 ], [ -6.8174442, 33.9924154 ], [ -6.817409, 33.992408 ] ], [ [ -6.817409, 33.992408 ], [ -6.8173889, 33.9924084 ] ], [ [ -6.8173889, 33.9924084 ], [ -6.817317, 33.9923319 ], [ -6.8172815, 33.9922985 ], [ -6.8171653, 33.9922065 ] ], [ [ -6.8093931, 33.9909979 ], [ -6.8094682, 33.9910101 ], [ -6.809601, 33.9910345 ], [ -6.8099637, 33.991089 ], [ -6.8101716, 33.9911057 ], [ -6.8102974, 33.991113 ], [ -6.8103929, 33.9911104 ], [ -6.8111622, 33.9911021 ], [ -6.811766, 33.991102 ], [ -6.8126927, 33.9910729 ], [ -6.8131595, 33.9910582 ], [ -6.813274, 33.9910546 ], [ -6.8136155, 33.9910645 ], [ -6.8138966, 33.9910807 ], [ -6.8145434, 33.9911944 ], [ -6.8145936, 33.9912021 ], [ -6.8148655, 33.9912563 ], [ -6.8151058, 33.9913055 ], [ -6.8152409, 33.9913403 ], [ -6.8159558, 33.9915583 ], [ -6.8160095, 33.9915767 ], [ -6.8162964, 33.991675 ], [ -6.8165432, 33.991764 ], [ -6.8167403, 33.9918463 ], [ -6.8167599, 33.991858 ], [ -6.8168423, 33.9919074 ], [ -6.816925, 33.9919997 ], [ -6.8170592, 33.9921148 ], [ -6.8171653, 33.9922065 ] ], [ [ -6.8093931, 33.9909979 ], [ -6.8092728, 33.9909283 ], [ -6.8089468, 33.9908328 ], [ -6.8087867, 33.9907726 ] ], [ [ -6.8087867, 33.9907726 ], [ -6.8087734, 33.9907365 ], [ -6.808748, 33.9907082 ], [ -6.8087128, 33.9906883 ], [ -6.8084854, 33.9906214 ], [ -6.8084269, 33.9906162 ], [ -6.8083683, 33.9906294 ], [ -6.8083397, 33.9906521 ], [ -6.8083235, 33.990678 ], [ -6.8083167, 33.9906924 ] ], [ [ -6.8083167, 33.9906924 ], [ -6.8081909, 33.9906709 ], [ -6.808086, 33.9906607 ], [ -6.8077345, 33.9906282 ], [ -6.8072667, 33.9906076 ], [ -6.8070359, 33.9905779 ] ], [ [ -6.8070359, 33.9905779 ], [ -6.8069854, 33.990559 ], [ -6.8069302, 33.9905543 ] ], [ [ -6.8069302, 33.9905543 ], [ -6.806742, 33.9904957 ], [ -6.8066364, 33.9904491 ], [ -6.8065532, 33.9904052 ], [ -6.8063749, 33.9903051 ] ], [ [ -6.8063749, 33.9903051 ], [ -6.8062677, 33.9901743 ], [ -6.8061925, 33.9900827 ], [ -6.8060973, 33.9899938 ], [ -6.806028, 33.9899424 ], [ -6.8059458, 33.9898814 ], [ -6.8057916, 33.9898147 ], [ -6.8056025, 33.9897602 ], [ -6.8054187, 33.9897369 ], [ -6.8051961, 33.9897336 ], [ -6.8049453, 33.9897791 ], [ -6.8047254, 33.9898692 ], [ -6.8045028, 33.9899826 ], [ -6.8041715, 33.9901739 ] ], [ [ -6.8041715, 33.9901739 ], [ -6.803737, 33.9897892 ], [ -6.8035345, 33.9896001 ], [ -6.8034686, 33.9895326 ], [ -6.8034095, 33.9894609 ], [ -6.8033575, 33.9893855 ], [ -6.8033193, 33.9893196 ], [ -6.8032867, 33.9892516 ], [ -6.8032596, 33.989182 ], [ -6.8032441, 33.9891063 ], [ -6.8032352, 33.9890298 ], [ -6.8032327, 33.988953 ], [ -6.8032369, 33.9888757 ], [ -6.8032476, 33.9887988 ], [ -6.8032649, 33.9887228 ], [ -6.8035012, 33.9879136 ], [ -6.8036786, 33.987382 ] ], [ [ -6.8036786, 33.987382 ], [ -6.8037223, 33.9873052 ], [ -6.8037384, 33.987253 ], [ -6.8037531, 33.9871905 ], [ -6.8037649, 33.9871276 ] ], [ [ -6.8037649, 33.9871276 ], [ -6.8037923, 33.9871197 ], [ -6.8038197, 33.9871062 ], [ -6.8038431, 33.9870882 ], [ -6.8038614, 33.9870665 ], [ -6.8038738, 33.9870421 ], [ -6.8038797, 33.987016 ], [ -6.8038783, 33.986987 ], [ -6.8038707, 33.9869657 ] ], [ [ -6.8038707, 33.9869657 ], [ -6.8039573, 33.9868947 ], [ -6.8039935, 33.986852 ], [ -6.8040466, 33.9867743 ], [ -6.8041457, 33.9865968 ], [ -6.8043338, 33.986253 ], [ -6.8046317, 33.9856975 ], [ -6.8048397, 33.9853222 ], [ -6.804906, 33.9852027 ], [ -6.8049574, 33.9851099 ], [ -6.8052028, 33.984654 ], [ -6.8053181, 33.9844646 ], [ -6.8054375, 33.984277 ], [ -6.8055512, 33.9841055 ], [ -6.8056682, 33.9839356 ], [ -6.805784, 33.983779 ], [ -6.8059056, 33.9836253 ], [ -6.8062261, 33.9832528 ], [ -6.8067384, 33.9826823 ], [ -6.8072037, 33.9821485 ], [ -6.8072477, 33.9820976 ], [ -6.8072869, 33.982044 ], [ -6.8073315, 33.9819679 ], [ -6.8073749, 33.9818796 ], [ -6.8074827, 33.9816759 ], [ -6.8075249, 33.9816012 ] ], [ [ -6.8075249, 33.9816012 ], [ -6.8076691, 33.9813456 ], [ -6.8077655, 33.9811936 ] ], [ [ -6.8077655, 33.9811936 ], [ -6.8078314, 33.9810898 ], [ -6.8079004, 33.9809885 ], [ -6.8079774, 33.9808913 ], [ -6.808062, 33.9807985 ], [ -6.8081616, 33.9807039 ], [ -6.808269, 33.9806155 ], [ -6.8083839, 33.9805338 ], [ -6.8084945, 33.9804623 ], [ -6.80861, 33.9803962 ], [ -6.8087299, 33.9803359 ], [ -6.8088746, 33.980273 ], [ -6.8090242, 33.9802184 ], [ -6.8091778, 33.9801724 ], [ -6.8092684, 33.980146 ], [ -6.8093606, 33.9801237 ], [ -6.8094541, 33.9801057 ], [ -6.8095863, 33.9800876 ], [ -6.8097198, 33.9800779 ], [ -6.8098538, 33.9800767 ], [ -6.8099304, 33.980077 ], [ -6.8101622, 33.9800812 ], [ -6.810291, 33.980087 ], [ -6.8104338, 33.9800933 ], [ -6.8116683, 33.9801524 ], [ -6.8118527, 33.9801521 ], [ -6.812021, 33.9801496 ], [ -6.8122723, 33.9801413 ] ], [ [ -6.8122723, 33.9801413 ], [ -6.8123023, 33.980162 ], [ -6.8123393, 33.9801723 ], [ -6.8123783, 33.9801711 ], [ -6.8124143, 33.9801583 ], [ -6.8124411, 33.9801371 ], [ -6.8124577, 33.9801096 ], [ -6.812462, 33.980079 ] ], [ [ -6.812462, 33.980079 ], [ -6.8125578, 33.9800144 ], [ -6.8127171, 33.9799172 ], [ -6.8130741, 33.9797096 ], [ -6.8141734, 33.9790608 ], [ -6.8152398, 33.9784523 ], [ -6.8153405, 33.9783954 ], [ -6.8163736, 33.977783 ], [ -6.816937, 33.9774761 ], [ -6.8182843, 33.9768655 ], [ -6.8183839, 33.9768203 ], [ -6.8191376, 33.9764969 ], [ -6.8193389, 33.9764245 ] ], [ [ -6.8193389, 33.9764245 ], [ -6.8193763, 33.9764435 ], [ -6.8194187, 33.9764534 ], [ -6.8194626, 33.9764532 ], [ -6.8195048, 33.9764431 ], [ -6.819542, 33.9764237 ], [ -6.8195641, 33.9764049 ], [ -6.8195813, 33.9763828 ], [ -6.8195928, 33.9763584 ], [ -6.8195983, 33.9763325 ], [ -6.8195992, 33.976319 ] ], [ [ -6.8195992, 33.976319 ], [ -6.8195907, 33.9762804 ], [ -6.819568, 33.976246 ], [ -6.8195335, 33.9762192 ] ], [ [ -6.8195335, 33.9762192 ], [ -6.8195036, 33.9762024 ], [ -6.8194592, 33.9761919 ] ], [ [ -6.8194592, 33.9761919 ], [ -6.8194014, 33.9761746 ], [ -6.8193495, 33.9761528 ], [ -6.819301, 33.9761262 ], [ -6.8192564, 33.9760952 ], [ -6.8192031, 33.9760546 ] ], [ [ -6.8192031, 33.9760546 ], [ -6.8191602, 33.9760129 ], [ -6.8188508, 33.975712 ], [ -6.8187592, 33.975623 ], [ -6.8186959, 33.9755614 ], [ -6.8185552, 33.9754257 ], [ -6.817952, 33.9748439 ], [ -6.8179045, 33.9747981 ], [ -6.81771, 33.9746105 ], [ -6.8176534, 33.9745523 ], [ -6.8176053, 33.9745028 ] ], [ [ -6.8176053, 33.9745028 ], [ -6.8177051, 33.9744296 ], [ -6.8182343, 33.9740291 ], [ -6.8184098, 33.973902 ] ], [ [ -6.8184098, 33.973902 ], [ -6.8190061, 33.9739567 ], [ -6.8192592, 33.9739807 ], [ -6.8198678, 33.9740357 ], [ -6.8199957, 33.9740499 ], [ -6.8201246, 33.9740551 ], [ -6.8201961, 33.9740532 ], [ -6.8202269, 33.974053 ], [ -6.8203287, 33.9740452 ], [ -6.8204297, 33.9740318 ], [ -6.8206644, 33.9739956 ], [ -6.8209771, 33.9739082 ], [ -6.8212216, 33.9738392 ], [ -6.8213316, 33.9738082 ] ] ] } },
{ "type": "Feature", "properties": { "from_ar": "L102", "name": "L102:Place D'Italie→Z.Industrielle", "network": "Bus Stades" }, "geometry": { "type": "MultiLineString", "coordinates": [ [ [ -6.8493951, 34.0226739 ], [ -6.8495509, 34.0225431 ], [ -6.8496494, 34.0224592 ], [ -6.8498223, 34.0223099 ] ], [ [ -6.8498223, 34.0223099 ], [ -6.8494384, 34.0220311 ], [ -6.849132, 34.0221634 ], [ -6.8490777, 34.0222216 ], [ -6.8490496, 34.0222644 ], [ -6.8490361, 34.0223105 ], [ -6.8490285, 34.0224203 ] ], [ [ -6.8490285, 34.0224203 ], [ -6.8486922, 34.0225201 ], [ -6.8482841, 34.0226367 ] ], [ [ -6.8482841, 34.0226367 ], [ -6.8477554, 34.022757 ], [ -6.8473456, 34.0228521 ], [ -6.8462553, 34.0231046 ] ], [ [ -6.8462553, 34.0231046 ], [ -6.8459778, 34.0229491 ] ], [ [ -6.8459778, 34.0229491 ], [ -6.8459444, 34.0229961 ], [ -6.8458927, 34.0230567 ] ], [ [ -6.8458927, 34.0230567 ], [ -6.8457582, 34.0232128 ], [ -6.8456528, 34.023335 ], [ -6.8455308, 34.0234765 ], [ -6.8454015, 34.02363 ], [ -6.8450536, 34.0240427 ], [ -6.8446678, 34.0244133 ], [ -6.8446089, 34.0244682 ], [ -6.844495, 34.0245666 ], [ -6.8443171, 34.0247325 ], [ -6.8440697, 34.0249647 ], [ -6.8436639, 34.025324 ], [ -6.8435141, 34.0254617 ], [ -6.843212, 34.0257397 ], [ -6.8429953, 34.0259297 ], [ -6.8424384, 34.0264218 ], [ -6.8424224, 34.0264382 ] ], [ [ -6.8424224, 34.0264382 ], [ -6.842273, 34.0264769 ], [ -6.8422394, 34.0264865 ], [ -6.8422044, 34.026492 ], [ -6.8421689, 34.0264933 ], [ -6.8421335, 34.0264904 ], [ -6.8420988, 34.0264834 ] ], [ [ -6.8420988, 34.0264834 ], [ -6.8420635, 34.0264556 ], [ -6.8420255, 34.0264304 ], [ -6.8419849, 34.0264081 ], [ -6.8419425, 34.0263889 ] ], [ [ -6.8410813, 34.0237633 ], [ -6.8412571, 34.0243184 ], [ -6.8412734, 34.0243714 ], [ -6.8415111, 34.0251149 ], [ -6.8418645, 34.0262234 ], [ -6.8418788, 34.0262673 ], [ -6.8418974, 34.0263101 ], [ -6.8419204, 34.0263515 ], [ -6.8419425, 34.0263889 ] ], [ [ -6.8410101, 34.0235372 ], [ -6.8410347, 34.0236155 ], [ -6.8410704, 34.0237286 ], [ -6.8410813, 34.0237633 ] ], [ [ -6.8410101, 34.0235372 ], [ -6.8410092, 34.0234076 ], [ -6.8410083, 34.0233629 ], [ -6.8410116, 34.0233182 ], [ -6.8410212, 34.0232626 ], [ -6.8410366, 34.023208 ], [ -6.8410578, 34.0231547 ], [ -6.8412964, 34.0226675 ] ], [ [ -6.8412964, 34.0226675 ], [ -6.8413185, 34.022621 ], [ -6.8415455, 34.0221318 ], [ -6.8415702, 34.0220733 ], [ -6.8415884, 34.0220133 ], [ -6.841604, 34.0219577 ], [ -6.8416128, 34.0218959 ], [ -6.841615, 34.0218351 ], [ -6.841609, 34.0217686 ] ], [ [ -6.841609, 34.0217686 ], [ -6.8415943, 34.0216642 ], [ -6.8415741, 34.021603 ], [ -6.8415538, 34.021549 ], [ -6.8415179, 34.0214806 ], [ -6.8414764, 34.0214167 ] ], [ [ -6.8414764, 34.0214167 ], [ -6.8414101, 34.0213504 ], [ -6.8413361, 34.0213041 ], [ -6.8412633, 34.0212635 ], [ -6.8411912, 34.0212287 ], [ -6.8411228, 34.0212105 ], [ -6.8410777, 34.0211974 ], [ -6.8409396, 34.0211702 ] ], [ [ -6.8409396, 34.0211702 ], [ -6.8408908, 34.0211551 ], [ -6.8408431, 34.0211377 ], [ -6.8407967, 34.0211179 ], [ -6.8407519, 34.0210959 ] ], [ [ -6.8407519, 34.0210959 ], [ -6.8407314, 34.021069 ] ], [ [ -6.8407314, 34.021069 ], [ -6.8407114, 34.0210542 ], [ -6.840688, 34.0210436 ] ], [ [ -6.840688, 34.0210436 ], [ -6.8406529, 34.0210133 ], [ -6.8406293, 34.0209901 ], [ -6.8406082, 34.020967 ], [ -6.8405788, 34.0209316 ], [ -6.840525, 34.0208587 ], [ -6.8404108, 34.0206656 ], [ -6.8402832, 34.0204414 ], [ -6.8402703, 34.0204183 ], [ -6.8402504, 34.0203798 ] ], [ [ -6.8402504, 34.0203798 ], [ -6.8401316, 34.0201691 ], [ -6.8400627, 34.0200363 ], [ -6.8400308, 34.0199628 ], [ -6.8400059, 34.0199059 ], [ -6.8399804, 34.0198306 ], [ -6.8399538, 34.0197167 ], [ -6.8399419, 34.0196313 ], [ -6.839932, 34.0195189 ], [ -6.8399059, 34.0191315 ], [ -6.8399019, 34.019085 ], [ -6.83989, 34.0190139 ], [ -6.8398653, 34.0189143 ], [ -6.8398441, 34.0188448 ], [ -6.8397953, 34.0187296 ], [ -6.8397398, 34.0186182 ] ], [ [ -6.8397398, 34.0186182 ], [ -6.839701, 34.0185414 ], [ -6.8396254, 34.0183913 ], [ -6.8396063, 34.0183534 ], [ -6.8395416, 34.0182258 ], [ -6.8395257, 34.0181944 ], [ -6.8394908, 34.018106 ], [ -6.8394808, 34.0180632 ], [ -6.8394553, 34.0179499 ], [ -6.8394392, 34.0177926 ], [ -6.8394251, 34.0176364 ], [ -6.839411, 34.017528 ], [ -6.8393943, 34.0173713 ], [ -6.8393628, 34.017244 ], [ -6.8393306, 34.0171362 ], [ -6.8392987, 34.0170384 ], [ -6.8392454, 34.01692 ], [ -6.8391093, 34.0166265 ], [ -6.8390717, 34.0165481 ], [ -6.8390335, 34.0164492 ], [ -6.8390094, 34.0163419 ], [ -6.8389989, 34.0162495 ], [ -6.8389851, 34.0161348 ], [ -6.838972, 34.0160548 ], [ -6.8389568, 34.0159736 ], [ -6.8389179, 34.015825 ] ], [ [ -6.8389179, 34.015825 ], [ -6.8389053, 34.0157751 ], [ -6.8388699, 34.0156482 ], [ -6.8388438, 34.0155544 ], [ -6.8387907, 34.0153849 ] ], [ [ -6.8387907, 34.0153849 ], [ -6.8387454, 34.0152542 ], [ -6.8387268, 34.0152007 ] ], [ [ -6.8387268, 34.0152007 ], [ -6.8386759, 34.0150197 ], [ -6.8386548, 34.0149329 ], [ -6.8386473, 34.0149018 ], [ -6.8386117, 34.0147629 ], [ -6.838599, 34.0146584 ], [ -6.8385816, 34.0144694 ], [ -6.8385862, 34.0143421 ], [ -6.8385937, 34.0142243 ], [ -6.838603, 34.0141476 ], [ -6.8386359, 34.0140214 ], [ -6.8386828, 34.0138841 ], [ -6.838711, 34.0137724 ], [ -6.8387311, 34.0136829 ], [ -6.8387458, 34.0135912 ], [ -6.8387532, 34.0135223 ], [ -6.8387499, 34.0134445 ], [ -6.8387331, 34.0133233 ], [ -6.838694, 34.0130489 ], [ -6.8386804, 34.0129501 ], [ -6.8386791, 34.0128721 ], [ -6.8386786, 34.0128423 ], [ -6.8386772, 34.012755 ], [ -6.8386841, 34.0126996 ] ], [ [ -6.8386841, 34.0126996 ], [ -6.8386908, 34.0126345 ], [ -6.8387291, 34.0124974 ] ], [ [ -6.8387291, 34.0124974 ], [ -6.838654, 34.012522 ], [ -6.838601, 34.0125368 ], [ -6.8385467, 34.0125524 ], [ -6.8384716, 34.0125835 ] ], [ [ -6.8384716, 34.0125835 ], [ -6.8382589, 34.0127073 ], [ -6.8381382, 34.0127736 ] ], [ [ -6.8381382, 34.0127736 ], [ -6.8379593, 34.0128747 ], [ -6.8379334, 34.0128889 ] ], [ [ -6.8379334, 34.0128889 ], [ -6.8377729, 34.0129692 ], [ -6.8376319, 34.0130299 ] ], [ [ -6.8376319, 34.0130299 ], [ -6.8373354, 34.013108 ], [ -6.8372713, 34.0131238 ], [ -6.8371446, 34.0131527 ], [ -6.8370152, 34.0131938 ], [ -6.8369608, 34.0132144 ], [ -6.836932, 34.0132286 ], [ -6.8368512, 34.0132685 ] ], [ [ -6.8360599, 34.0134467 ], [ -6.8364811, 34.01335 ], [ -6.8368512, 34.0132685 ] ], [ [ -6.8354279, 34.0136054 ], [ -6.8358058, 34.0135081 ], [ -6.8360599, 34.0134467 ] ], [ [ -6.8352875, 34.0136468 ], [ -6.8354279, 34.0136054 ] ], [ [ -6.8342251, 34.0140449 ], [ -6.8343026, 34.0140111 ], [ -6.8344517, 34.0139461 ], [ -6.8346972, 34.0138446 ], [ -6.8349029, 34.0137715 ], [ -6.8351467, 34.0136882 ], [ -6.8352032, 34.0136716 ], [ -6.8352875, 34.0136468 ] ], [ [ -6.8340742, 34.0141171 ], [ -6.8342251, 34.0140449 ] ], [ [ -6.8340742, 34.0141171 ], [ -6.8339332, 34.0138691 ], [ -6.8338464, 34.0137191 ], [ -6.8335801, 34.0132409 ], [ -6.8334979, 34.0131249 ], [ -6.8333919, 34.0130229 ], [ -6.8333075, 34.0129631 ], [ -6.833215, 34.0129124 ], [ -6.8331156, 34.0128714 ], [ -6.8330108, 34.0128409 ], [ -6.8329024, 34.0128213 ], [ -6.8327588, 34.012797 ], [ -6.8326081, 34.0127715 ], [ -6.8325057, 34.0127542 ] ], [ [ -6.8325057, 34.0127542 ], [ -6.832501, 34.0127406 ], [ -6.832491, 34.0127292 ], [ -6.8324769, 34.0127213 ], [ -6.8324223, 34.0126957 ], [ -6.832368, 34.0126657 ], [ -6.8323219, 34.0126276 ], [ -6.8322857, 34.0125827 ], [ -6.8321718, 34.012427 ], [ -6.8321506, 34.0124038 ], [ -6.83213, 34.0123851 ], [ -6.8320858, 34.0123509 ] ], [ [ -6.8292839, 34.0086867 ], [ -6.8293014, 34.0086999 ], [ -6.8295975, 34.008961 ], [ -6.8298322, 34.0091929 ], [ -6.8300614, 34.009451 ], [ -6.8302653, 34.0097147 ], [ -6.8307175, 34.0103715 ], [ -6.8320858, 34.0123509 ] ], [ [ -6.8292839, 34.0086867 ], [ -6.8292677, 34.0086619 ], [ -6.8292503, 34.0086385 ], [ -6.8292308, 34.0086186 ], [ -6.8291038, 34.0085085 ], [ -6.8290383, 34.0084517 ], [ -6.8288683, 34.0083051 ], [ -6.8280316, 34.0075811 ], [ -6.8279336, 34.0074962 ] ], [ [ -6.8279336, 34.0074962 ], [ -6.8278607, 34.0074337 ], [ -6.8270243, 34.0067159 ] ], [ [ -6.8270243, 34.0067159 ], [ -6.8268409, 34.0065817 ], [ -6.8267865, 34.0065414 ], [ -6.8265972, 34.0063949 ] ], [ [ -6.8265972, 34.0063949 ], [ -6.8265815, 34.0063799 ] ], [ [ -6.8265815, 34.0063799 ], [ -6.8265458, 34.0063429 ], [ -6.826517, 34.0063019 ], [ -6.8264959, 34.0062578 ], [ -6.8264854, 34.0062238 ], [ -6.8264795, 34.0061891 ], [ -6.8264782, 34.0061541 ], [ -6.8264814, 34.0061191 ], [ -6.8264955, 34.0060555 ] ], [ [ -6.8264955, 34.0060555 ], [ -6.8265924, 34.0058634 ] ], [ [ -6.8265924, 34.0058634 ], [ -6.8266207, 34.0058083 ], [ -6.8266436, 34.0057515 ], [ -6.8266608, 34.0056933 ], [ -6.8266723, 34.0056342 ] ], [ [ -6.8266723, 34.0056342 ], [ -6.8267053, 34.0054688 ], [ -6.8267173, 34.0054177 ] ], [ [ -6.8267173, 34.0054177 ], [ -6.826733, 34.0053508 ] ], [ [ -6.826733, 34.0053508 ], [ -6.8268611, 34.0048529 ], [ -6.8268841, 34.0047637 ] ], [ [ -6.8268841, 34.0047637 ], [ -6.8270378, 34.0041694 ], [ -6.8270936, 34.0039541 ], [ -6.8271437, 34.0037378 ], [ -6.8271881, 34.0035207 ], [ -6.8272863, 34.0028657 ], [ -6.8273628, 34.0023029 ], [ -6.8274213, 34.0018725 ], [ -6.8274485, 34.0016803 ], [ -6.8274867, 34.0014101 ], [ -6.8274998, 34.0013064 ], [ -6.8275138, 34.0011864 ], [ -6.827524, 34.001066 ], [ -6.8275305, 34.0009455 ], [ -6.8275331, 34.0008236 ], [ -6.8275319, 34.0007016 ], [ -6.8275341, 34.0005349 ] ], [ [ -6.8275341, 34.0005349 ], [ -6.8275288, 34.0002782 ] ], [ [ -6.8275288, 34.0002782 ], [ -6.8275215, 33.9999731 ], [ -6.8275202, 33.9996976 ] ], [ [ -6.8275202, 33.9996976 ], [ -6.8275123, 33.9994344 ] ], [ [ -6.8275123, 33.9994344 ], [ -6.8273988, 33.9994389 ], [ -6.8272614, 33.9994443 ], [ -6.8270202, 33.9994576 ], [ -6.82698, 33.9994621 ], [ -6.8269378, 33.9994693 ], [ -6.8268549, 33.9994898 ] ], [ [ -6.8256684, 33.9994964 ], [ -6.8268549, 33.9994898 ] ], [ [ -6.8256684, 33.9994964 ], [ -6.8256074, 33.9994833 ], [ -6.8255755, 33.9994791 ], [ -6.8255393, 33.9994763 ], [ -6.8253487, 33.9994622 ], [ -6.8252696, 33.9994556 ], [ -6.8251905, 33.9994507 ], [ -6.8251223, 33.9994479 ], [ -6.8250552, 33.9994456 ] ], [ [ -6.8250552, 33.9994456 ], [ -6.8250303, 33.999424 ], [ -6.8250005, 33.9994073 ], [ -6.8249671, 33.9993961 ], [ -6.8249316, 33.9993909 ] ], [ [ -6.8249316, 33.9993909 ], [ -6.8248864, 33.9993575 ], [ -6.8248439, 33.9993182 ], [ -6.8248058, 33.9992759 ], [ -6.8247726, 33.9992308 ], [ -6.8247445, 33.9991835 ], [ -6.8246996, 33.9990921 ], [ -6.8246642, 33.9989927 ], [ -6.8246381, 33.9988913 ], [ -6.8246213, 33.9987886 ], [ -6.8245808, 33.9982929 ], [ -6.8245653, 33.9981528 ], [ -6.8245289, 33.9980155 ], [ -6.8244719, 33.997883 ], [ -6.8243953, 33.9977575 ], [ -6.8243003, 33.9976409 ], [ -6.8241884, 33.9975352 ], [ -6.8240614, 33.9974419 ], [ -6.8239213, 33.9973626 ], [ -6.823718, 33.9972806 ], [ -6.8235633, 33.9972138 ], [ -6.8234292, 33.9971558 ], [ -6.8232034, 33.9970593 ] ], [ [ -6.8232034, 33.9970593 ], [ -6.8231961, 33.9970526 ], [ -6.8231879, 33.9970467 ], [ -6.8231789, 33.9970416 ], [ -6.8231692, 33.9970374 ], [ -6.823159, 33.9970342 ], [ -6.8231485, 33.9970319 ], [ -6.8231377, 33.9970307 ], [ -6.8231323, 33.9970305 ], [ -6.823127, 33.9970306 ], [ -6.8231236, 33.9970308 ], [ -6.8231202, 33.997031 ], [ -6.8231095, 33.9970326 ], [ -6.8230991, 33.9970352 ], [ -6.823089, 33.9970388 ], [ -6.8230796, 33.9970433 ], [ -6.8230709, 33.9970487 ], [ -6.823063, 33.9970549 ], [ -6.823056, 33.9970619 ], [ -6.8230501, 33.9970695 ], [ -6.8230452, 33.9970776 ], [ -6.8230416, 33.9970861 ], [ -6.8230367, 33.9971121 ] ], [ [ -6.8230367, 33.9971121 ], [ -6.8228407, 33.9971872 ], [ -6.8227785, 33.9972172 ], [ -6.8226454, 33.9972614 ], [ -6.8225088, 33.9972991 ], [ -6.8223761, 33.9973456 ], [ -6.8222389, 33.9974031 ], [ -6.8217847, 33.9975935 ], [ -6.8211588, 33.9978572 ], [ -6.8208379, 33.9979741 ], [ -6.820763, 33.9979975 ], [ -6.8206852, 33.9980168 ], [ -6.8205486, 33.9980393 ], [ -6.8204085, 33.9980483 ], [ -6.8202682, 33.9980433 ], [ -6.8201296, 33.9980245 ] ], [ [ -6.820114, 33.9980839 ], [ -6.8201296, 33.9980245 ] ], [ [ -6.817954, 33.9994541 ], [ -6.8179983, 33.9994093 ], [ -6.8180432, 33.9993765 ], [ -6.8181365, 33.9993204 ], [ -6.8184037, 33.9991791 ], [ -6.8184599, 33.9991496 ], [ -6.8186283, 33.9990566 ], [ -6.8186967, 33.9990221 ], [ -6.8189639, 33.9988639 ], [ -6.8192811, 33.9986877 ], [ -6.8195636, 33.9985393 ], [ -6.819727, 33.9984531 ], [ -6.8199282, 33.9983224 ], [ -6.8200301, 33.9982435 ], [ -6.8200703, 33.9981751 ], [ -6.8200831, 33.9981483 ], [ -6.820114, 33.9980839 ] ], [ [ -6.8152329, 33.997011 ], [ -6.8154197, 33.9971817 ], [ -6.8162329, 33.997925 ], [ -6.8163898, 33.9980721 ], [ -6.8166606, 33.9983259 ], [ -6.816766, 33.9984247 ], [ -6.8169412, 33.9985724 ], [ -6.8174722, 33.9990474 ], [ -6.817663, 33.9992271 ], [ -6.817954, 33.9994541 ] ], [ [ -6.8186305, 33.9948153 ], [ -6.818459, 33.9948345 ], [ -6.8183389, 33.9948529 ], [ -6.818231, 33.9948818 ], [ -6.8181056, 33.994934 ], [ -6.8179088, 33.9950388 ], [ -6.8178266, 33.9951014 ], [ -6.8175899, 33.9952788 ], [ -6.8175007, 33.9953477 ], [ -6.817258, 33.9955256 ], [ -6.8169871, 33.9957068 ], [ -6.8166398, 33.9959592 ], [ -6.8164566, 33.9960876 ], [ -6.8163179, 33.9961849 ], [ -6.816275, 33.9962266 ], [ -6.8160497, 33.9964006 ], [ -6.8160103, 33.9964257 ], [ -6.8159276, 33.9964784 ], [ -6.8157718, 33.9965961 ], [ -6.8156111, 33.9967175 ], [ -6.8153778, 33.9968921 ], [ -6.8153134, 33.9969399 ], [ -6.8152329, 33.997011 ] ], [ [ -6.8187245, 33.9948109 ], [ -6.8186305, 33.9948153 ] ], [ [ -6.8187245, 33.9948109 ], [ -6.818694, 33.9946024 ], [ -6.8186907, 33.9945762 ], [ -6.8186917, 33.9945436 ], [ -6.8186984, 33.9945111 ], [ -6.8187107, 33.9944798 ], [ -6.8187666, 33.9943669 ] ], [ [ -6.8187666, 33.9943669 ], [ -6.818803, 33.994353 ] ], [ [ -6.818803, 33.994353 ], [ -6.8188397, 33.9943268 ], [ -6.8188653, 33.9942928 ], [ -6.8188777, 33.9942541 ], [ -6.8188749, 33.994215 ] ], [ [ -6.8188749, 33.994215 ], [ -6.8188548, 33.9941696 ], [ -6.8188164, 33.9941341 ], [ -6.8187654, 33.994112 ] ], [ [ -6.8187654, 33.994112 ], [ -6.8187124, 33.9940256 ], [ -6.8186311, 33.9938966 ], [ -6.8185487, 33.9937242 ], [ -6.8184816, 33.9935711 ] ], [ [ -6.8184816, 33.9935711 ], [ -6.8184797, 33.9934085 ], [ -6.8184634, 33.9932005 ], [ -6.8184282, 33.9930079 ], [ -6.818315, 33.9924277 ], [ -6.8182336, 33.9920162 ] ], [ [ -6.8182336, 33.9920162 ], [ -6.8181925, 33.9917736 ] ], [ [ -6.8181925, 33.9917736 ], [ -6.8181538, 33.991585 ], [ -6.8181295, 33.9914521 ], [ -6.8181016, 33.9913036 ], [ -6.8179529, 33.990481 ], [ -6.8178054, 33.9896197 ], [ -6.8177958, 33.9895505 ], [ -6.817793, 33.9894746 ], [ -6.817796, 33.9893986 ], [ -6.8178047, 33.989323 ], [ -6.8178191, 33.989248 ], [ -6.8178392, 33.9891738 ], [ -6.8180208, 33.9885857 ], [ -6.818097, 33.9883391 ], [ -6.8181333, 33.9882214 ], [ -6.8181637, 33.9881249 ], [ -6.8182032, 33.9880305 ], [ -6.8182515, 33.9879391 ], [ -6.8183082, 33.987851 ], [ -6.8183731, 33.9877669 ], [ -6.8184457, 33.9876873 ], [ -6.8185377, 33.9876016 ] ], [ [ -6.8185377, 33.9876016 ], [ -6.8186124, 33.9875434 ], [ -6.8187054, 33.9874801 ], [ -6.818849, 33.9873995 ], [ -6.818904, 33.987369 ], [ -6.8189624, 33.9873397 ], [ -6.8199176, 33.986859 ], [ -6.8200889, 33.9867728 ], [ -6.8202216, 33.9867042 ], [ -6.8203359, 33.9866466 ], [ -6.8209079, 33.9863579 ], [ -6.8212215, 33.9861997 ], [ -6.8225313, 33.9855299 ], [ -6.8230863, 33.9852453 ], [ -6.8231843, 33.9851951 ], [ -6.823612, 33.9849732 ], [ -6.8238911, 33.9848224 ], [ -6.8244292, 33.9845318 ], [ -6.8246051, 33.9844368 ], [ -6.8251563, 33.9841391 ], [ -6.8257745, 33.9838052 ], [ -6.8258584, 33.9837635 ], [ -6.8261708, 33.9836084 ], [ -6.8267235, 33.9833533 ] ], [ [ -6.8267235, 33.9833533 ], [ -6.8268013, 33.9833187 ], [ -6.8269536, 33.983255 ] ], [ [ -6.8269536, 33.983255 ], [ -6.8270159, 33.9832292 ] ], [ [ -6.8270159, 33.9832292 ], [ -6.8270032, 33.9831673 ] ], [ [ -6.8270032, 33.9831673 ], [ -6.8269707, 33.9830257 ], [ -6.8267305, 33.9823186 ], [ -6.8266384, 33.9820623 ], [ -6.826423, 33.9814821 ], [ -6.8262131, 33.98093 ], [ -6.8260248, 33.9804448 ], [ -6.8260068, 33.9803943 ], [ -6.8259347, 33.9801915 ], [ -6.8258464, 33.9799433 ], [ -6.8258165, 33.979863 ], [ -6.8257649, 33.9797127 ], [ -6.8257466, 33.9796592 ], [ -6.8257046, 33.9795059 ], [ -6.8256654, 33.9793339 ], [ -6.8256144, 33.9790147 ], [ -6.8255863, 33.9786399 ], [ -6.8255827, 33.9785923 ], [ -6.8255746, 33.9784823 ], [ -6.8255404, 33.978029 ], [ -6.8255364, 33.9779762 ], [ -6.8255232, 33.9778052 ], [ -6.8254878, 33.9774349 ], [ -6.825479, 33.9773433 ], [ -6.825427, 33.9767997 ], [ -6.8253971, 33.9765789 ], [ -6.8253852, 33.9764906 ], [ -6.8252284, 33.9755326 ], [ -6.8250818, 33.9746845 ], [ -6.8250649, 33.9746016 ], [ -6.8250512, 33.9745339 ] ], [ [ -6.8250512, 33.9745339 ], [ -6.8249554, 33.9745555 ], [ -6.8247063, 33.9746118 ], [ -6.8239716, 33.9747842 ], [ -6.8235821, 33.9748803 ], [ -6.8229764, 33.97503 ] ], [ [ -6.8229764, 33.97503 ], [ -6.8224103, 33.9751787 ], [ -6.821561, 33.9754091 ], [ -6.8213097, 33.9754871 ], [ -6.8211083, 33.975566 ], [ -6.8209362, 33.9756365 ], [ -6.8204847, 33.9758295 ], [ -6.8197717, 33.9761337 ], [ -6.8196664, 33.9761805 ], [ -6.8196318, 33.9761949 ], [ -6.8195851, 33.9762099 ], [ -6.8195335, 33.9762192 ] ], [ [ -6.8195335, 33.9762192 ], [ -6.8195036, 33.9762024 ], [ -6.8194592, 33.9761919 ] ], [ [ -6.8194592, 33.9761919 ], [ -6.8194004, 33.9761962 ], [ -6.8193474, 33.9762178 ], [ -6.8193072, 33.9762536 ], [ -6.8192852, 33.976299 ] ], [ [ -6.8192852, 33.976299 ], [ -6.8192826, 33.9763363 ] ], [ [ -6.8192826, 33.9763363 ], [ -6.8190987, 33.9764391 ], [ -6.8183451, 33.9767688 ], [ -6.8182483, 33.97681 ], [ -6.8172003, 33.9772631 ], [ -6.8168856, 33.9774061 ], [ -6.8166008, 33.9775534 ], [ -6.8163181, 33.9777177 ], [ -6.8158425, 33.9780016 ], [ -6.8152752, 33.9783328 ], [ -6.8151815, 33.9783887 ], [ -6.8140329, 33.9790661 ], [ -6.8133795, 33.979454 ], [ -6.8130302, 33.9796596 ], [ -6.8126144, 33.9798983 ], [ -6.8125014, 33.9799582 ], [ -6.8124027, 33.9800044 ] ], [ [ -6.8124027, 33.9800044 ], [ -6.8123668, 33.9799956 ], [ -6.8123293, 33.9799976 ], [ -6.8122952, 33.98001 ], [ -6.8122682, 33.9800313 ] ], [ [ -6.8122682, 33.9800313 ], [ -6.8121817, 33.9800648 ], [ -6.8120207, 33.9801004 ], [ -6.8118859, 33.9801134 ], [ -6.8117065, 33.9801123 ], [ -6.8108737, 33.9800717 ], [ -6.8104389, 33.9800488 ], [ -6.8102944, 33.9800411 ], [ -6.8101374, 33.9800328 ], [ -6.8098222, 33.9800273 ], [ -6.8097316, 33.9800279 ], [ -6.8096412, 33.9800323 ], [ -6.8095006, 33.9800464 ], [ -6.8093618, 33.9800694 ], [ -6.8092255, 33.9801012 ], [ -6.809067, 33.980145 ], [ -6.8089116, 33.9801957 ], [ -6.8087757, 33.9802468 ], [ -6.8086052, 33.9803303 ], [ -6.8084797, 33.9804024 ], [ -6.8083584, 33.9804793 ], [ -6.8082132, 33.9805821 ], [ -6.8080755, 33.9806917 ], [ -6.8078535, 33.9809403 ], [ -6.8077038, 33.9811657 ] ], [ [ -6.8077038, 33.9811657 ], [ -6.8076537, 33.9812411 ], [ -6.8075772, 33.9813487 ], [ -6.8075055, 33.9814585 ], [ -6.8074527, 33.9815458 ], [ -6.8074029, 33.9816342 ], [ -6.8073056, 33.9818077 ], [ -6.8072353, 33.9819308 ], [ -6.8071414, 33.9821007 ], [ -6.8071117, 33.982147 ], [ -6.8070756, 33.9821954 ], [ -6.8070247, 33.9822497 ], [ -6.8065104, 33.982838 ], [ -6.8060182, 33.9833807 ], [ -6.8056226, 33.9838844 ], [ -6.8054362, 33.9841524 ], [ -6.8053125, 33.984341 ], [ -6.8051934, 33.9845316 ], [ -6.8047794, 33.9853041 ], [ -6.8045771, 33.9856758 ], [ -6.80437, 33.9860551 ], [ -6.8040387, 33.9866623 ], [ -6.8039878, 33.9867518 ] ], [ [ -6.8039878, 33.9867518 ], [ -6.8039387, 33.9868137 ], [ -6.8039127, 33.9868435 ], [ -6.8038753, 33.9868819 ], [ -6.8038363, 33.9869181 ] ], [ [ -6.8038363, 33.9869181 ], [ -6.8038116, 33.9869012 ], [ -6.8037831, 33.9868892 ], [ -6.8037521, 33.9868827 ], [ -6.8037201, 33.9868819 ] ], [ [ -6.8037201, 33.9868819 ], [ -6.803685, 33.9868868 ], [ -6.8036539, 33.986898 ], [ -6.8036266, 33.9869148 ], [ -6.8036046, 33.9869362 ], [ -6.8035889, 33.9869611 ], [ -6.8035803, 33.9869884 ], [ -6.8035793, 33.9870162 ], [ -6.8035857, 33.9870436 ], [ -6.8035993, 33.987069 ], [ -6.8036193, 33.9870914 ], [ -6.8036448, 33.9871095 ], [ -6.8036763, 33.9871225 ] ] ] } },
{ "type": "Feature", "properties": { "from_ar": "L108", "name": "L108:Hay Ennahda→Abdelmoumen", "network": "Bus Stades" }, "geometry": { "type": "MultiLineString", "coordinates": [ [ [ -6.8229764, 33.97503 ], [ -6.8229356, 33.9749599 ], [ -6.8228977, 33.9749154 ], [ -6.8228631, 33.9748815 ], [ -6.8228354, 33.9748595 ], [ -6.8228055, 33.9748398 ], [ -6.8217479, 33.9740995 ], [ -6.8213316, 33.9738082 ] ], [ [ -6.8229764, 33.97503 ], [ -6.8224103, 33.9751787 ], [ -6.821561, 33.9754091 ], [ -6.8213097, 33.9754871 ], [ -6.8211083, 33.975566 ], [ -6.8209362, 33.9756365 ], [ -6.8204847, 33.9758295 ], [ -6.8197717, 33.9761337 ], [ -6.8196664, 33.9761805 ], [ -6.8196318, 33.9761949 ], [ -6.8195851, 33.9762099 ], [ -6.8195335, 33.9762192 ] ], [ [ -6.8195335, 33.9762192 ], [ -6.8195036, 33.9762024 ], [ -6.8194592, 33.9761919 ] ], [ [ -6.8194592, 33.9761919 ], [ -6.8194004, 33.9761962 ], [ -6.8193474, 33.9762178 ], [ -6.8193072, 33.9762536 ], [ -6.8192852, 33.976299 ] ], [ [ -6.8192852, 33.976299 ], [ -6.8192826, 33.9763363 ] ], [ [ -6.8192826, 33.9763363 ], [ -6.8190987, 33.9764391 ], [ -6.8183451, 33.9767688 ], [ -6.8182483, 33.97681 ], [ -6.8172003, 33.9772631 ], [ -6.8168856, 33.9774061 ], [ -6.8166008, 33.9775534 ], [ -6.8163181, 33.9777177 ], [ -6.8158425, 33.9780016 ], [ -6.8152752, 33.9783328 ], [ -6.8151815, 33.9783887 ], [ -6.8140329, 33.9790661 ], [ -6.8133795, 33.979454 ], [ -6.8130302, 33.9796596 ], [ -6.8126144, 33.9798983 ], [ -6.8125014, 33.9799582 ], [ -6.8124027, 33.9800044 ] ], [ [ -6.8124027, 33.9800044 ], [ -6.8123668, 33.9799956 ], [ -6.8123293, 33.9799976 ], [ -6.8122952, 33.98001 ], [ -6.8122682, 33.9800313 ] ], [ [ -6.8122682, 33.9800313 ], [ -6.8121817, 33.9800648 ], [ -6.8120207, 33.9801004 ], [ -6.8118859, 33.9801134 ], [ -6.8117065, 33.9801123 ], [ -6.8108737, 33.9800717 ], [ -6.8104389, 33.9800488 ], [ -6.8102944, 33.9800411 ], [ -6.8101374, 33.9800328 ], [ -6.8098222, 33.9800273 ], [ -6.8097316, 33.9800279 ], [ -6.8096412, 33.9800323 ], [ -6.8095006, 33.9800464 ], [ -6.8093618, 33.9800694 ], [ -6.8092255, 33.9801012 ], [ -6.809067, 33.980145 ], [ -6.8089116, 33.9801957 ], [ -6.8087757, 33.9802468 ], [ -6.8086052, 33.9803303 ], [ -6.8084797, 33.9804024 ], [ -6.8083584, 33.9804793 ], [ -6.8082132, 33.9805821 ], [ -6.8080755, 33.9806917 ], [ -6.8078535, 33.9809403 ], [ -6.8077038, 33.9811657 ] ], [ [ -6.8077038, 33.9811657 ], [ -6.8076537, 33.9812411 ], [ -6.8075772, 33.9813487 ], [ -6.8075055, 33.9814585 ], [ -6.8074527, 33.9815458 ], [ -6.8074029, 33.9816342 ], [ -6.8073056, 33.9818077 ], [ -6.8072353, 33.9819308 ], [ -6.8071414, 33.9821007 ], [ -6.8071117, 33.982147 ], [ -6.8070756, 33.9821954 ], [ -6.8070247, 33.9822497 ], [ -6.8065104, 33.982838 ], [ -6.8060182, 33.9833807 ], [ -6.8056226, 33.9838844 ], [ -6.8054362, 33.9841524 ], [ -6.8053125, 33.984341 ], [ -6.8051934, 33.9845316 ], [ -6.8047794, 33.9853041 ], [ -6.8045771, 33.9856758 ], [ -6.80437, 33.9860551 ], [ -6.8040387, 33.9866623 ], [ -6.8039878, 33.9867518 ] ], [ [ -6.8039878, 33.9867518 ], [ -6.8039387, 33.9868137 ], [ -6.8039127, 33.9868435 ], [ -6.8038753, 33.9868819 ], [ -6.8038363, 33.9869181 ] ], [ [ -6.8038363, 33.9869181 ], [ -6.8038116, 33.9869012 ], [ -6.8037831, 33.9868892 ], [ -6.8037521, 33.9868827 ], [ -6.8037201, 33.9868819 ] ], [ [ -6.8037201, 33.9868819 ], [ -6.803685, 33.9868868 ], [ -6.8036539, 33.986898 ], [ -6.8036266, 33.9869148 ], [ -6.8036046, 33.9869362 ], [ -6.8035889, 33.9869611 ], [ -6.8035803, 33.9869884 ], [ -6.8035793, 33.9870162 ], [ -6.8035857, 33.9870436 ], [ -6.8035993, 33.987069 ], [ -6.8036193, 33.9870914 ], [ -6.8036448, 33.9871095 ], [ -6.8036763, 33.9871225 ] ], [ [ -6.8036763, 33.9871225 ], [ -6.8036854, 33.9872088 ], [ -6.8036851, 33.9872745 ], [ -6.8036838, 33.9872963 ], [ -6.8036786, 33.987382 ] ], [ [ -6.8041715, 33.9901739 ], [ -6.803737, 33.9897892 ], [ -6.8035345, 33.9896001 ], [ -6.8034686, 33.9895326 ], [ -6.8034095, 33.9894609 ], [ -6.8033575, 33.9893855 ], [ -6.8033193, 33.9893196 ], [ -6.8032867, 33.9892516 ], [ -6.8032596, 33.989182 ], [ -6.8032441, 33.9891063 ], [ -6.8032352, 33.9890298 ], [ -6.8032327, 33.988953 ], [ -6.8032369, 33.9888757 ], [ -6.8032476, 33.9887988 ], [ -6.8032649, 33.9887228 ], [ -6.8035012, 33.9879136 ], [ -6.8036786, 33.987382 ] ], [ [ -6.8063749, 33.9903051 ], [ -6.8062677, 33.9901743 ], [ -6.8061925, 33.9900827 ], [ -6.8060973, 33.9899938 ], [ -6.806028, 33.9899424 ], [ -6.8059458, 33.9898814 ], [ -6.8057916, 33.9898147 ], [ -6.8056025, 33.9897602 ], [ -6.8054187, 33.9897369 ], [ -6.8051961, 33.9897336 ], [ -6.8049453, 33.9897791 ], [ -6.8047254, 33.9898692 ], [ -6.8045028, 33.9899826 ], [ -6.8041715, 33.9901739 ] ], [ [ -6.8063749, 33.9903051 ], [ -6.8064883, 33.9905047 ], [ -6.8065245, 33.9905608 ], [ -6.8066056, 33.9906431 ], [ -6.8066787, 33.990701 ], [ -6.8067784, 33.9907483 ] ], [ [ -6.8067784, 33.9907483 ], [ -6.8068063, 33.9907883 ], [ -6.8068454, 33.9908175 ], [ -6.8068933, 33.9908356 ], [ -6.8069456, 33.9908409 ], [ -6.8069973, 33.990833 ], [ -6.8070438, 33.9908125 ], [ -6.8070807, 33.9907814 ], [ -6.8070971, 33.9907582 ] ], [ [ -6.8070971, 33.9907582 ], [ -6.8071675, 33.9907304 ], [ -6.8072748, 33.9906965 ], [ -6.8074217, 33.9906804 ], [ -6.8075256, 33.990687 ], [ -6.8077087, 33.9906948 ], [ -6.8079852, 33.9907216 ], [ -6.8081867, 33.9907458 ], [ -6.8083232, 33.9907711 ] ], [ [ -6.8083232, 33.9907711 ], [ -6.8083491, 33.9908017 ], [ -6.8083859, 33.9908234 ], [ -6.8086292, 33.9908886 ], [ -6.8086868, 33.990889 ], [ -6.8087389, 33.9908685 ] ], [ [ -6.8087389, 33.9908685 ], [ -6.8089169, 33.9909162 ], [ -6.8090508, 33.990948 ], [ -6.8091846, 33.9909798 ], [ -6.8092244, 33.9909862 ], [ -6.809261, 33.9909895 ], [ -6.8093931, 33.9909979 ] ], [ [ -6.8093931, 33.9909979 ], [ -6.8094682, 33.9910101 ], [ -6.809601, 33.9910345 ], [ -6.8099637, 33.991089 ], [ -6.8101716, 33.9911057 ], [ -6.8102974, 33.991113 ], [ -6.8103929, 33.9911104 ], [ -6.8111622, 33.9911021 ], [ -6.811766, 33.991102 ], [ -6.8126927, 33.9910729 ], [ -6.8131595, 33.9910582 ], [ -6.813274, 33.9910546 ], [ -6.8136155, 33.9910645 ], [ -6.8138966, 33.9910807 ], [ -6.8145434, 33.9911944 ], [ -6.8145936, 33.9912021 ], [ -6.8148655, 33.9912563 ], [ -6.8151058, 33.9913055 ], [ -6.8152409, 33.9913403 ], [ -6.8159558, 33.9915583 ], [ -6.8160095, 33.9915767 ], [ -6.8162964, 33.991675 ], [ -6.8165432, 33.991764 ], [ -6.8167403, 33.9918463 ], [ -6.8167599, 33.991858 ], [ -6.8168423, 33.9919074 ], [ -6.816925, 33.9919997 ], [ -6.8170592, 33.9921148 ], [ -6.8171653, 33.9922065 ] ], [ [ -6.8171653, 33.9922065 ], [ -6.8172543, 33.9923828 ], [ -6.8172994, 33.9924727 ] ], [ [ -6.8172994, 33.9924727 ], [ -6.8172958, 33.9924945 ], [ -6.817299, 33.9925163 ], [ -6.8173086, 33.9925368 ], [ -6.8173482, 33.9925706 ], [ -6.8174032, 33.9925825 ], [ -6.8174316, 33.9925788 ] ], [ [ -6.8174316, 33.9925788 ], [ -6.817545, 33.9926857 ], [ -6.8176885, 33.992801 ] ], [ [ -6.8176885, 33.992801 ], [ -6.8178612, 33.9930174 ] ], [ [ -6.8178612, 33.9930174 ], [ -6.8179988, 33.9932387 ], [ -6.8180824, 33.9933732 ], [ -6.8182665, 33.9935542 ] ], [ [ -6.8182665, 33.9935542 ], [ -6.8185126, 33.9940263 ] ], [ [ -6.8185126, 33.9940263 ], [ -6.8185307, 33.994084 ], [ -6.8185688, 33.9941878 ] ], [ [ -6.8185688, 33.9941878 ], [ -6.8185589, 33.9942154 ], [ -6.8185563, 33.9942441 ], [ -6.8185612, 33.9942727 ], [ -6.8185734, 33.9942997 ] ], [ [ -6.8185734, 33.9942997 ], [ -6.8185994, 33.9943306 ], [ -6.8186347, 33.9943544 ], [ -6.8186766, 33.9943689 ], [ -6.8187218, 33.9943732 ], [ -6.8187666, 33.9943669 ] ], [ [ -6.8187666, 33.9943669 ], [ -6.818803, 33.994353 ] ], [ [ -6.818803, 33.994353 ], [ -6.818882, 33.9943918 ], [ -6.8189645, 33.9944255 ], [ -6.8190499, 33.9944537 ], [ -6.8191382, 33.9944762 ] ], [ [ -6.8191382, 33.9944762 ], [ -6.8191684, 33.9945043 ], [ -6.8193033, 33.9946269 ], [ -6.8196494, 33.9949426 ], [ -6.8198309, 33.9950908 ], [ -6.8199871, 33.9952257 ], [ -6.8200579, 33.9952868 ], [ -6.8202389, 33.9954508 ], [ -6.8202912, 33.9954945 ], [ -6.8203462, 33.9955395 ] ], [ [ -6.8203462, 33.9955395 ], [ -6.8204753, 33.9957029 ], [ -6.8205072, 33.9957385 ], [ -6.8205417, 33.9957724 ], [ -6.8206653, 33.9958603 ] ], [ [ -6.8206653, 33.9958603 ], [ -6.8206769, 33.9958911 ], [ -6.8207156, 33.9959373 ], [ -6.8207354, 33.995941 ], [ -6.8207794, 33.9959523 ], [ -6.8208255, 33.9959506 ], [ -6.8208641, 33.9959378 ], [ -6.8208961, 33.9959157 ] ], [ [ -6.8208961, 33.9959157 ], [ -6.8209836, 33.9958886 ], [ -6.8210714, 33.9958544 ], [ -6.8211666, 33.9958021 ], [ -6.8212699, 33.9957338 ], [ -6.8214332, 33.99559 ] ], [ [ -6.8214332, 33.99559 ], [ -6.8214758, 33.99556 ], [ -6.8221154, 33.9951446 ], [ -6.8222684, 33.9950452 ], [ -6.8226197, 33.9948451 ], [ -6.822831, 33.9947011 ], [ -6.8229577, 33.9946327 ], [ -6.8231461, 33.9945404 ], [ -6.8233868, 33.9945145 ], [ -6.8236118, 33.9944902 ], [ -6.8241218, 33.9944442 ], [ -6.8248418, 33.9943758 ], [ -6.8251142, 33.9943497 ], [ -6.8252832, 33.9943242 ], [ -6.825381, 33.9943016 ] ], [ [ -6.825381, 33.9943016 ], [ -6.825451, 33.9942934 ], [ -6.8254842, 33.9942866 ], [ -6.8256132, 33.9942594 ], [ -6.8256466, 33.9942666 ], [ -6.8256798, 33.9942677 ], [ -6.8257321, 33.994263 ], [ -6.8257931, 33.9942527 ], [ -6.8258782, 33.9942276 ], [ -6.8263943, 33.9940028 ], [ -6.8266638, 33.993915 ], [ -6.8268556, 33.9938624 ] ], [ [ -6.8268556, 33.9938624 ], [ -6.8269333, 33.9938774 ], [ -6.8270082, 33.9939 ], [ -6.8270792, 33.99393 ], [ -6.8271453, 33.9939669 ], [ -6.8272089, 33.9940113 ] ], [ [ -6.8272089, 33.9940113 ], [ -6.8272561, 33.9940562 ], [ -6.8273, 33.9941067 ] ], [ [ -6.8273, 33.9941067 ], [ -6.8273237, 33.9952409 ], [ -6.8273764, 33.9979582 ], [ -6.8273808, 33.9981834 ], [ -6.8273942, 33.9988791 ], [ -6.8273965, 33.9992943 ], [ -6.8273988, 33.9994389 ], [ -6.8273995, 33.9995115 ] ], [ [ -6.8273995, 33.9995115 ], [ -6.8274074, 33.9996974 ] ], [ [ -6.8274074, 33.9996974 ], [ -6.8274112, 33.9999505 ], [ -6.8274155, 34.0002837 ] ], [ [ -6.8274155, 34.0002837 ], [ -6.8274215, 34.0005388 ] ], [ [ -6.8274215, 34.0005388 ], [ -6.827424, 34.000853 ], [ -6.8274205, 34.0009939 ], [ -6.8274111, 34.0011347 ], [ -6.8273958, 34.0012751 ], [ -6.8273746, 34.001415 ], [ -6.8273333, 34.0017016 ], [ -6.8273111, 34.001862 ], [ -6.8272481, 34.0023171 ], [ -6.8271558, 34.0029832 ], [ -6.8271179, 34.0032563 ], [ -6.8270759, 34.0035116 ], [ -6.8270326, 34.0037262 ], [ -6.8269827, 34.0039398 ], [ -6.826926, 34.0041522 ], [ -6.8266985, 34.0049871 ], [ -6.8266746, 34.0050567 ], [ -6.8266465, 34.0051252 ], [ -6.8266142, 34.0051925 ], [ -6.826578, 34.0052583 ], [ -6.8265294, 34.0053286 ], [ -6.8264817, 34.0053967 ] ], [ [ -6.8264817, 34.0053967 ], [ -6.8264038, 34.005509 ] ], [ [ -6.8264038, 34.005509 ], [ -6.8263486, 34.0055425 ], [ -6.8263178, 34.0055644 ], [ -6.8262736, 34.0056041 ], [ -6.8262355, 34.005648 ], [ -6.8262042, 34.0056953 ], [ -6.826176, 34.0057563 ], [ -6.8261589, 34.0058201 ], [ -6.8261533, 34.0058853 ], [ -6.8261554, 34.005923 ], [ -6.8261613, 34.0059604 ] ], [ [ -6.8261613, 34.0059604 ], [ -6.8261662, 34.0059964 ], [ -6.8261741, 34.0060332 ], [ -6.8261869, 34.006069 ], [ -6.8262044, 34.0061035 ], [ -6.8262264, 34.0061361 ], [ -6.8262526, 34.0061665 ], [ -6.8262827, 34.0061943 ] ], [ [ -6.8262827, 34.0061943 ], [ -6.826319, 34.0062261 ] ], [ [ -6.826319, 34.0062261 ], [ -6.8264188, 34.0063081 ], [ -6.8265408, 34.0064132 ] ], [ [ -6.8265408, 34.0064132 ], [ -6.8265567, 34.0064281 ] ], [ [ -6.8265567, 34.0064281 ], [ -6.8266035, 34.0064669 ], [ -6.8266511, 34.0065014 ], [ -6.8268355, 34.0066362 ], [ -6.8268487, 34.0066474 ], [ -6.8268618, 34.006661 ], [ -6.8268848, 34.0066894 ] ], [ [ -6.8268848, 34.0066894 ], [ -6.8269936, 34.0067833 ], [ -6.8271938, 34.0069561 ], [ -6.8275628, 34.0072742 ], [ -6.8278008, 34.0074793 ] ], [ [ -6.8278008, 34.0074793 ], [ -6.8278742, 34.0075421 ] ], [ [ -6.8278742, 34.0075421 ], [ -6.8282612, 34.0078731 ], [ -6.8285689, 34.0081367 ], [ -6.8288086, 34.0083422 ] ], [ [ -6.8288086, 34.0083422 ], [ -6.8289896, 34.0084928 ], [ -6.8290571, 34.0085489 ] ], [ [ -6.8290571, 34.0085489 ], [ -6.8291872, 34.0086473 ], [ -6.8292176, 34.0086642 ], [ -6.8292485, 34.0086775 ], [ -6.8292839, 34.0086867 ] ], [ [ -6.8292839, 34.0086867 ], [ -6.8293014, 34.0086999 ], [ -6.8295975, 34.008961 ], [ -6.8298322, 34.0091929 ], [ -6.8300614, 34.009451 ], [ -6.8302653, 34.0097147 ], [ -6.8307175, 34.0103715 ], [ -6.8320858, 34.0123509 ] ], [ [ -6.8320858, 34.0123509 ], [ -6.8320955, 34.0123954 ], [ -6.8321047, 34.0124222 ], [ -6.8321176, 34.0124509 ], [ -6.8321759, 34.012545 ], [ -6.8321909, 34.0125903 ], [ -6.8321995, 34.0126367 ], [ -6.8322018, 34.0126836 ], [ -6.8321976, 34.0127301 ] ], [ [ -6.8321976, 34.0127301 ], [ -6.8321617, 34.0130372 ], [ -6.8321607, 34.0131142 ], [ -6.8321694, 34.0131786 ], [ -6.8321794, 34.0132192 ], [ -6.8322628, 34.013408 ], [ -6.8323276, 34.0135124 ], [ -6.8324036, 34.0136115 ], [ -6.8324902, 34.0137044 ], [ -6.8325867, 34.0137904 ], [ -6.8326826, 34.0138708 ], [ -6.8328469, 34.0139661 ] ], [ [ -6.8328469, 34.0139661 ], [ -6.8330299, 34.0140922 ], [ -6.8331401, 34.014172 ], [ -6.8332077, 34.0142393 ], [ -6.8332823, 34.0143401 ], [ -6.8333023, 34.0143811 ] ], [ [ -6.8333023, 34.0143811 ], [ -6.833353, 34.0145173 ] ], [ [ -6.833353, 34.0145173 ], [ -6.8331626, 34.0146235 ], [ -6.8331395, 34.0146363 ], [ -6.8324243, 34.0150311 ], [ -6.8323118, 34.0150932 ], [ -6.832206, 34.0151516 ], [ -6.8320727, 34.0152253 ] ], [ [ -6.8320727, 34.0152253 ], [ -6.8315506, 34.0155159 ], [ -6.8313285, 34.0156306 ], [ -6.8310438, 34.0157795 ], [ -6.8307623, 34.0159267 ], [ -6.8307155, 34.0159512 ], [ -6.8306671, 34.0159755 ] ], [ [ -6.8306671, 34.0159755 ], [ -6.8306116, 34.0160029 ], [ -6.8301958, 34.0162026 ], [ -6.8299909, 34.0163014 ], [ -6.8299358, 34.016328 ], [ -6.8298013, 34.0163901 ] ], [ [ -6.8298013, 34.0163901 ], [ -6.829702, 34.0164359 ], [ -6.8296745, 34.0164505 ], [ -6.8289769, 34.0168223 ] ], [ [ -6.8289769, 34.0168223 ], [ -6.8288969, 34.0168708 ], [ -6.8284037, 34.0171669 ], [ -6.8283582, 34.0171942 ], [ -6.8282483, 34.0172646 ] ], [ [ -6.8282483, 34.0172646 ], [ -6.8282153, 34.0172413 ], [ -6.8281747, 34.0172289 ], [ -6.8281313, 34.017229 ], [ -6.8280908, 34.0172416 ] ], [ [ -6.8280908, 34.0172416 ], [ -6.8280665, 34.0172563 ], [ -6.8280474, 34.0172755 ], [ -6.8280345, 34.017298 ], [ -6.8280263, 34.0173215 ], [ -6.828027, 34.0173403 ], [ -6.8280321, 34.0173559 ] ], [ [ -6.8280321, 34.0173559 ], [ -6.8280483, 34.0173866 ], [ -6.8280755, 34.0174113 ] ], [ [ -6.8280755, 34.0174113 ], [ -6.8280971, 34.0174241 ] ], [ [ -6.8280971, 34.0174241 ], [ -6.8281582, 34.0175158 ], [ -6.8283246, 34.0177658 ], [ -6.8283959, 34.0178701 ] ], [ [ -6.8283959, 34.0178701 ], [ -6.8283799, 34.017899 ], [ -6.8283742, 34.0179306 ], [ -6.8283767, 34.0179625 ], [ -6.8283871, 34.0179932 ] ], [ [ -6.8283871, 34.0179932 ], [ -6.8283051, 34.0181052 ], [ -6.8281075, 34.0183684 ], [ -6.8280351, 34.0184529 ], [ -6.827958, 34.0185229 ], [ -6.8278715, 34.0185869 ], [ -6.8273531, 34.0188697 ], [ -6.8272422, 34.018926 ], [ -6.8269318, 34.0190972 ], [ -6.8268653, 34.0191326 ], [ -6.8267401, 34.0192024 ], [ -6.826168, 34.0195435 ], [ -6.8261394, 34.0195623 ], [ -6.826027, 34.0196286 ], [ -6.8259631, 34.0196677 ], [ -6.8258909, 34.019717 ], [ -6.8256497, 34.0199018 ], [ -6.8255805, 34.0199537 ], [ -6.8255174, 34.0200107 ], [ -6.8254609, 34.0200722 ], [ -6.8254114, 34.0201377 ], [ -6.8253693, 34.0202068 ], [ -6.8253241, 34.0202898 ], [ -6.8252821, 34.020364 ], [ -6.8252234, 34.0204688 ], [ -6.8251509, 34.0206466 ], [ -6.8250953, 34.0207835 ], [ -6.8250691, 34.0208776 ], [ -6.8250525, 34.0209355 ], [ -6.8250436, 34.0209665 ], [ -6.8250244, 34.0210467 ], [ -6.8249845, 34.0212623 ], [ -6.8249737, 34.0213127 ], [ -6.8249607, 34.0214221 ], [ -6.8249392, 34.0216359 ], [ -6.8249232, 34.0217773 ], [ -6.8248947, 34.0220455 ] ], [ [ -6.8248947, 34.0220455 ], [ -6.8248971, 34.0221248 ], [ -6.8248981, 34.022468 ], [ -6.8249075, 34.0226018 ], [ -6.824922, 34.0227637 ], [ -6.8249331, 34.0228869 ], [ -6.8249372, 34.0229598 ] ], [ [ -6.8249372, 34.0229598 ], [ -6.8249421, 34.0230224 ], [ -6.8249667, 34.0232087 ], [ -6.8250517, 34.0237882 ] ], [ [ -6.8250517, 34.0237882 ], [ -6.8251036, 34.0243365 ], [ -6.82511, 34.0244432 ], [ -6.8251938, 34.0250974 ], [ -6.8251995, 34.0251423 ], [ -6.8252195, 34.0252932 ], [ -6.8252388, 34.0254469 ] ], [ [ -6.8252388, 34.0254469 ], [ -6.825283, 34.025442 ], [ -6.8253249, 34.0254296 ], [ -6.8253542, 34.0254155 ], [ -6.8254004, 34.0253802 ] ], [ [ -6.8254004, 34.0253802 ], [ -6.8254549, 34.0253473 ], [ -6.8255205, 34.0253077 ], [ -6.8256873, 34.0252018 ], [ -6.8261451, 34.0249034 ], [ -6.8269844, 34.0243852 ], [ -6.827116, 34.0243182 ] ], [ [ -6.827116, 34.0243182 ], [ -6.827286, 34.0242315 ], [ -6.8273531, 34.0241973 ] ] ] } },
{ "type": "Feature", "properties": { "from_ar": "L108", "name": "L108:Abdelmoumen→Hay Ennahda", "network": "Bus Stades" }, "geometry": { "type": "MultiLineString", "coordinates": [ [ [ -6.8075249, 33.9816012 ], [ -6.8076691, 33.9813456 ], [ -6.8077655, 33.9811936 ] ], [ [ -6.8273531, 34.0241973 ], [ -6.8274208, 34.0241593 ], [ -6.8276006, 34.0240595 ], [ -6.8276219, 34.0240474 ], [ -6.827673, 34.0240184 ], [ -6.8277403, 34.023982 ], [ -6.8282296, 34.0237172 ], [ -6.8291022, 34.0232536 ] ], [ [ -6.8291022, 34.0232536 ], [ -6.82914, 34.023235 ], [ -6.8291869, 34.023212 ] ], [ [ -6.8291869, 34.023212 ], [ -6.829246, 34.0231829 ] ], [ [ -6.829246, 34.0231829 ], [ -6.8293265, 34.0231434 ] ], [ [ -6.8293265, 34.0231434 ], [ -6.8304728, 34.0225928 ], [ -6.830985, 34.0223456 ], [ -6.8311327, 34.0222743 ], [ -6.831159, 34.0222596 ], [ -6.8312161, 34.022227 ], [ -6.8312656, 34.0221867 ], [ -6.831306, 34.02214 ] ], [ [ -6.831306, 34.02214 ], [ -6.8313332, 34.0221663 ], [ -6.8313669, 34.0221855 ], [ -6.8314074, 34.022197 ] ], [ [ -6.8314074, 34.022197 ], [ -6.8314537, 34.0222027 ], [ -6.8315015, 34.0222054 ], [ -6.8315494, 34.0222023 ], [ -6.8315962, 34.0221934 ], [ -6.8316122, 34.022189 ], [ -6.8316279, 34.0221838 ], [ -6.8316436, 34.0221779 ], [ -6.8316765, 34.0221655 ], [ -6.8317108, 34.0221488 ], [ -6.83174, 34.0221295 ], [ -6.8317616, 34.0221046 ], [ -6.8317745, 34.0220761 ], [ -6.8317778, 34.0220461 ], [ -6.8317716, 34.0220166 ], [ -6.8317563, 34.0219894 ] ], [ [ -6.8317563, 34.0219894 ], [ -6.8317773, 34.0219521 ], [ -6.8318025, 34.0219237 ], [ -6.8318423, 34.0218871 ], [ -6.8318877, 34.0218546 ], [ -6.8319375, 34.0218267 ], [ -6.8321199, 34.0217237 ], [ -6.8328847, 34.0212966 ], [ -6.833035, 34.021207 ] ], [ [ -6.833035, 34.021207 ], [ -6.8331896, 34.0211192 ], [ -6.8333096, 34.0210535 ], [ -6.833446, 34.0209766 ], [ -6.8337372, 34.0208146 ], [ -6.833885, 34.0207311 ], [ -6.8345017, 34.0203828 ], [ -6.8345363, 34.0203617 ], [ -6.8346334, 34.0203082 ], [ -6.8347581, 34.0202374 ], [ -6.8348857, 34.0201715 ], [ -6.8352007, 34.0200184 ], [ -6.8352159, 34.020011 ], [ -6.835315, 34.0199741 ] ], [ [ -6.835315, 34.0199741 ], [ -6.8354094, 34.0199381 ], [ -6.8355841, 34.0198714 ], [ -6.8358506, 34.0197638 ], [ -6.8361202, 34.0196617 ], [ -6.836411, 34.0195542 ], [ -6.836431, 34.0195468 ], [ -6.8365949, 34.0194833 ] ], [ [ -6.8365949, 34.0194833 ], [ -6.8367973, 34.019412 ] ], [ [ -6.8367973, 34.019412 ], [ -6.8369741, 34.0193467 ], [ -6.8370187, 34.0193332 ], [ -6.8375164, 34.019183 ], [ -6.8376102, 34.0191606 ], [ -6.8385381, 34.0188768 ], [ -6.8387358, 34.0188224 ] ], [ [ -6.8387358, 34.0188224 ], [ -6.838907, 34.0187957 ], [ -6.839282, 34.018749 ], [ -6.839377, 34.018735 ], [ -6.8394485, 34.0187177 ], [ -6.8395189, 34.0186976 ], [ -6.8395537, 34.0186862 ], [ -6.8396561, 34.0186494 ] ], [ [ -6.8396561, 34.0186494 ], [ -6.8397398, 34.0186182 ] ], [ [ -6.8397398, 34.0186182 ], [ -6.839701, 34.0185414 ], [ -6.8396254, 34.0183913 ], [ -6.8396063, 34.0183534 ], [ -6.8395416, 34.0182258 ], [ -6.8395257, 34.0181944 ], [ -6.8394908, 34.018106 ], [ -6.8394808, 34.0180632 ], [ -6.8394553, 34.0179499 ], [ -6.8394392, 34.0177926 ], [ -6.8394251, 34.0176364 ], [ -6.839411, 34.017528 ], [ -6.8393943, 34.0173713 ], [ -6.8393628, 34.017244 ], [ -6.8393306, 34.0171362 ], [ -6.8392987, 34.0170384 ], [ -6.8392454, 34.01692 ], [ -6.8391093, 34.0166265 ], [ -6.8390717, 34.0165481 ], [ -6.8390335, 34.0164492 ], [ -6.8390094, 34.0163419 ], [ -6.8389989, 34.0162495 ], [ -6.8389851, 34.0161348 ], [ -6.838972, 34.0160548 ], [ -6.8389568, 34.0159736 ], [ -6.8389179, 34.015825 ] ], [ [ -6.8389179, 34.015825 ], [ -6.8389053, 34.0157751 ], [ -6.8388699, 34.0156482 ], [ -6.8388438, 34.0155544 ], [ -6.8387907, 34.0153849 ] ], [ [ -6.8387907, 34.0153849 ], [ -6.8387454, 34.0152542 ], [ -6.8387268, 34.0152007 ] ], [ [ -6.8387268, 34.0152007 ], [ -6.8386759, 34.0150197 ], [ -6.8386548, 34.0149329 ], [ -6.8386473, 34.0149018 ], [ -6.8386117, 34.0147629 ], [ -6.838599, 34.0146584 ], [ -6.8385816, 34.0144694 ], [ -6.8385862, 34.0143421 ], [ -6.8385937, 34.0142243 ], [ -6.838603, 34.0141476 ], [ -6.8386359, 34.0140214 ], [ -6.8386828, 34.0138841 ], [ -6.838711, 34.0137724 ], [ -6.8387311, 34.0136829 ], [ -6.8387458, 34.0135912 ], [ -6.8387532, 34.0135223 ], [ -6.8387499, 34.0134445 ], [ -6.8387331, 34.0133233 ], [ -6.838694, 34.0130489 ], [ -6.8386804, 34.0129501 ], [ -6.8386791, 34.0128721 ], [ -6.8386786, 34.0128423 ], [ -6.8386772, 34.012755 ], [ -6.8386841, 34.0126996 ] ], [ [ -6.8386841, 34.0126996 ], [ -6.8386908, 34.0126345 ], [ -6.8387291, 34.0124974 ] ], [ [ -6.8387291, 34.0124974 ], [ -6.838654, 34.012522 ], [ -6.838601, 34.0125368 ], [ -6.8385467, 34.0125524 ], [ -6.8384716, 34.0125835 ] ], [ [ -6.8384716, 34.0125835 ], [ -6.8382589, 34.0127073 ], [ -6.8381382, 34.0127736 ] ], [ [ -6.8381382, 34.0127736 ], [ -6.8379593, 34.0128747 ], [ -6.8379334, 34.0128889 ] ], [ [ -6.8379334, 34.0128889 ], [ -6.8377729, 34.0129692 ], [ -6.8376319, 34.0130299 ] ], [ [ -6.8376319, 34.0130299 ], [ -6.8373354, 34.013108 ], [ -6.8372713, 34.0131238 ], [ -6.8371446, 34.0131527 ], [ -6.8370152, 34.0131938 ], [ -6.8369608, 34.0132144 ], [ -6.836932, 34.0132286 ], [ -6.8368512, 34.0132685 ] ], [ [ -6.8360599, 34.0134467 ], [ -6.8364811, 34.01335 ], [ -6.8368512, 34.0132685 ] ], [ [ -6.8354279, 34.0136054 ], [ -6.8358058, 34.0135081 ], [ -6.8360599, 34.0134467 ] ], [ [ -6.8352875, 34.0136468 ], [ -6.8354279, 34.0136054 ] ], [ [ -6.8342251, 34.0140449 ], [ -6.8343026, 34.0140111 ], [ -6.8344517, 34.0139461 ], [ -6.8346972, 34.0138446 ], [ -6.8349029, 34.0137715 ], [ -6.8351467, 34.0136882 ], [ -6.8352032, 34.0136716 ], [ -6.8352875, 34.0136468 ] ], [ [ -6.8340742, 34.0141171 ], [ -6.8342251, 34.0140449 ] ], [ [ -6.8340742, 34.0141171 ], [ -6.8339332, 34.0138691 ], [ -6.8338464, 34.0137191 ], [ -6.8335801, 34.0132409 ], [ -6.8334979, 34.0131249 ], [ -6.8333919, 34.0130229 ], [ -6.8333075, 34.0129631 ], [ -6.833215, 34.0129124 ], [ -6.8331156, 34.0128714 ], [ -6.8330108, 34.0128409 ], [ -6.8329024, 34.0128213 ], [ -6.8327588, 34.012797 ], [ -6.8326081, 34.0127715 ], [ -6.8325057, 34.0127542 ] ], [ [ -6.8325057, 34.0127542 ], [ -6.832501, 34.0127406 ], [ -6.832491, 34.0127292 ], [ -6.8324769, 34.0127213 ], [ -6.8324223, 34.0126957 ], [ -6.832368, 34.0126657 ], [ -6.8323219, 34.0126276 ], [ -6.8322857, 34.0125827 ], [ -6.8321718, 34.012427 ], [ -6.8321506, 34.0124038 ], [ -6.83213, 34.0123851 ], [ -6.8320858, 34.0123509 ] ], [ [ -6.8292839, 34.0086867 ], [ -6.8293014, 34.0086999 ], [ -6.8295975, 34.008961 ], [ -6.8298322, 34.0091929 ], [ -6.8300614, 34.009451 ], [ -6.8302653, 34.0097147 ], [ -6.8307175, 34.0103715 ], [ -6.8320858, 34.0123509 ] ], [ [ -6.8292839, 34.0086867 ], [ -6.8292677, 34.0086619 ], [ -6.8292503, 34.0086385 ], [ -6.8292308, 34.0086186 ], [ -6.8291038, 34.0085085 ], [ -6.8290383, 34.0084517 ], [ -6.8288683, 34.0083051 ], [ -6.8280316, 34.0075811 ], [ -6.8279336, 34.0074962 ] ], [ [ -6.8279336, 34.0074962 ], [ -6.8278607, 34.0074337 ], [ -6.8270243, 34.0067159 ] ], [ [ -6.8270243, 34.0067159 ], [ -6.8268409, 34.0065817 ], [ -6.8267865, 34.0065414 ], [ -6.8265972, 34.0063949 ] ], [ [ -6.8265972, 34.0063949 ], [ -6.8265815, 34.0063799 ] ], [ [ -6.8265815, 34.0063799 ], [ -6.8265458, 34.0063429 ], [ -6.826517, 34.0063019 ], [ -6.8264959, 34.0062578 ], [ -6.8264854, 34.0062238 ], [ -6.8264795, 34.0061891 ], [ -6.8264782, 34.0061541 ], [ -6.8264814, 34.0061191 ], [ -6.8264955, 34.0060555 ] ], [ [ -6.8264955, 34.0060555 ], [ -6.8265924, 34.0058634 ] ], [ [ -6.8265924, 34.0058634 ], [ -6.8266207, 34.0058083 ], [ -6.8266436, 34.0057515 ], [ -6.8266608, 34.0056933 ], [ -6.8266723, 34.0056342 ] ], [ [ -6.8266723, 34.0056342 ], [ -6.8267053, 34.0054688 ], [ -6.8267173, 34.0054177 ] ], [ [ -6.8267173, 34.0054177 ], [ -6.826733, 34.0053508 ] ], [ [ -6.826733, 34.0053508 ], [ -6.8268611, 34.0048529 ], [ -6.8268841, 34.0047637 ] ], [ [ -6.8268841, 34.0047637 ], [ -6.8270378, 34.0041694 ], [ -6.8270936, 34.0039541 ], [ -6.8271437, 34.0037378 ], [ -6.8271881, 34.0035207 ], [ -6.8272863, 34.0028657 ], [ -6.8273628, 34.0023029 ], [ -6.8274213, 34.0018725 ], [ -6.8274485, 34.0016803 ], [ -6.8274867, 34.0014101 ], [ -6.8274998, 34.0013064 ], [ -6.8275138, 34.0011864 ], [ -6.827524, 34.001066 ], [ -6.8275305, 34.0009455 ], [ -6.8275331, 34.0008236 ], [ -6.8275319, 34.0007016 ], [ -6.8275341, 34.0005349 ] ], [ [ -6.8275341, 34.0005349 ], [ -6.8275288, 34.0002782 ] ], [ [ -6.8275288, 34.0002782 ], [ -6.8275215, 33.9999731 ], [ -6.8275202, 33.9996976 ] ], [ [ -6.8275202, 33.9996976 ], [ -6.8275123, 33.9994344 ] ], [ [ -6.8275123, 33.9994344 ], [ -6.8275102, 33.9992888 ], [ -6.8275088, 33.9992058 ], [ -6.8274992, 33.998626 ], [ -6.8274913, 33.9981492 ], [ -6.8274317, 33.9948224 ], [ -6.8274135, 33.9939239 ], [ -6.8274138, 33.9939107 ], [ -6.8274125, 33.9938125 ], [ -6.8274049, 33.993595 ] ], [ [ -6.8274049, 33.993595 ], [ -6.8272867, 33.9936003 ] ], [ [ -6.8272867, 33.9936003 ], [ -6.8272035, 33.9936041 ], [ -6.8271151, 33.9936076 ], [ -6.8270253, 33.9936132 ] ], [ [ -6.8270253, 33.9936132 ], [ -6.8269092, 33.9936286 ], [ -6.826805, 33.9936427 ], [ -6.826686, 33.9936626 ], [ -6.8265452, 33.9937043 ], [ -6.826352, 33.993771 ], [ -6.8260275, 33.9939233 ], [ -6.8258028, 33.9940195 ], [ -6.8256312, 33.9941068 ], [ -6.8255906, 33.994139 ], [ -6.8255735, 33.9941588 ], [ -6.8255638, 33.9941796 ], [ -6.8255507, 33.9942102 ], [ -6.8254639, 33.9942477 ], [ -6.8254347, 33.9942662 ], [ -6.825381, 33.9943016 ] ], [ [ -6.8214332, 33.99559 ], [ -6.8214758, 33.99556 ], [ -6.8221154, 33.9951446 ], [ -6.8222684, 33.9950452 ], [ -6.8226197, 33.9948451 ], [ -6.822831, 33.9947011 ], [ -6.8229577, 33.9946327 ], [ -6.8231461, 33.9945404 ], [ -6.8233868, 33.9945145 ], [ -6.8236118, 33.9944902 ], [ -6.8241218, 33.9944442 ], [ -6.8248418, 33.9943758 ], [ -6.8251142, 33.9943497 ], [ -6.8252832, 33.9943242 ], [ -6.825381, 33.9943016 ] ], [ [ -6.8214332, 33.99559 ], [ -6.8211496, 33.9956923 ], [ -6.8210014, 33.9957318 ], [ -6.8208833, 33.9957603 ] ], [ [ -6.8208833, 33.9957603 ], [ -6.8208479, 33.995742 ], [ -6.8208075, 33.9957337 ], [ -6.8207659, 33.9957363 ], [ -6.8207274, 33.9957494 ] ], [ [ -6.8207274, 33.9957494 ], [ -6.8206134, 33.9956907 ], [ -6.8205065, 33.995637 ], [ -6.8203462, 33.9955395 ] ], [ [ -6.8191382, 33.9944762 ], [ -6.8191684, 33.9945043 ], [ -6.8193033, 33.9946269 ], [ -6.8196494, 33.9949426 ], [ -6.8198309, 33.9950908 ], [ -6.8199871, 33.9952257 ], [ -6.8200579, 33.9952868 ], [ -6.8202389, 33.9954508 ], [ -6.8202912, 33.9954945 ], [ -6.8203462, 33.9955395 ] ], [ [ -6.8191382, 33.9944762 ], [ -6.8191021, 33.9944187 ], [ -6.8190702, 33.9943782 ], [ -6.8190587, 33.9943636 ], [ -6.8190101, 33.9943141 ], [ -6.818946, 33.9942613 ], [ -6.8188749, 33.994215 ] ], [ [ -6.8188749, 33.994215 ], [ -6.8188548, 33.9941696 ], [ -6.8188164, 33.9941341 ], [ -6.8187654, 33.994112 ] ], [ [ -6.8187654, 33.994112 ], [ -6.8187124, 33.9940256 ], [ -6.8186311, 33.9938966 ], [ -6.8185487, 33.9937242 ], [ -6.8184816, 33.9935711 ] ], [ [ -6.8184816, 33.9935711 ], [ -6.8184221, 33.9934363 ], [ -6.8183497, 33.9933451 ], [ -6.8182449, 33.9932777 ], [ -6.8180789, 33.9931651 ], [ -6.8180023, 33.9931131 ], [ -6.8178612, 33.9930174 ] ], [ [ -6.8176885, 33.992801 ], [ -6.8178612, 33.9930174 ] ], [ [ -6.8176885, 33.992801 ], [ -6.8175908, 33.9926601 ], [ -6.8174989, 33.9925277 ] ], [ [ -6.8174989, 33.9925277 ], [ -6.8175056, 33.9925071 ], [ -6.8175059, 33.9924857 ] ], [ [ -6.8175059, 33.9924857 ], [ -6.8174958, 33.9924567 ], [ -6.8174744, 33.9924323 ], [ -6.8174442, 33.9924154 ], [ -6.817409, 33.992408 ] ], [ [ -6.817409, 33.992408 ], [ -6.8173889, 33.9924084 ] ], [ [ -6.8173889, 33.9924084 ], [ -6.817317, 33.9923319 ], [ -6.8172815, 33.9922985 ], [ -6.8171653, 33.9922065 ] ], [ [ -6.8093931, 33.9909979 ], [ -6.8094682, 33.9910101 ], [ -6.809601, 33.9910345 ], [ -6.8099637, 33.991089 ], [ -6.8101716, 33.9911057 ], [ -6.8102974, 33.991113 ], [ -6.8103929, 33.9911104 ], [ -6.8111622, 33.9911021 ], [ -6.811766, 33.991102 ], [ -6.8126927, 33.9910729 ], [ -6.8131595, 33.9910582 ], [ -6.813274, 33.9910546 ], [ -6.8136155, 33.9910645 ], [ -6.8138966, 33.9910807 ], [ -6.8145434, 33.9911944 ], [ -6.8145936, 33.9912021 ], [ -6.8148655, 33.9912563 ], [ -6.8151058, 33.9913055 ], [ -6.8152409, 33.9913403 ], [ -6.8159558, 33.9915583 ], [ -6.8160095, 33.9915767 ], [ -6.8162964, 33.991675 ], [ -6.8165432, 33.991764 ], [ -6.8167403, 33.9918463 ], [ -6.8167599, 33.991858 ], [ -6.8168423, 33.9919074 ], [ -6.816925, 33.9919997 ], [ -6.8170592, 33.9921148 ], [ -6.8171653, 33.9922065 ] ], [ [ -6.8093931, 33.9909979 ], [ -6.8092728, 33.9909283 ], [ -6.8089468, 33.9908328 ], [ -6.8087867, 33.9907726 ] ], [ [ -6.8087867, 33.9907726 ], [ -6.8087734, 33.9907365 ], [ -6.808748, 33.9907082 ], [ -6.8087128, 33.9906883 ], [ -6.8084854, 33.9906214 ], [ -6.8084269, 33.9906162 ], [ -6.8083683, 33.9906294 ], [ -6.8083397, 33.9906521 ], [ -6.8083235, 33.990678 ], [ -6.8083167, 33.9906924 ] ], [ [ -6.8083167, 33.9906924 ], [ -6.8081909, 33.9906709 ], [ -6.808086, 33.9906607 ], [ -6.8077345, 33.9906282 ], [ -6.8072667, 33.9906076 ], [ -6.8070359, 33.9905779 ] ], [ [ -6.8070359, 33.9905779 ], [ -6.8069854, 33.990559 ], [ -6.8069302, 33.9905543 ] ], [ [ -6.8069302, 33.9905543 ], [ -6.806742, 33.9904957 ], [ -6.8066364, 33.9904491 ], [ -6.8065532, 33.9904052 ], [ -6.8063749, 33.9903051 ] ], [ [ -6.8063749, 33.9903051 ], [ -6.8062677, 33.9901743 ], [ -6.8061925, 33.9900827 ], [ -6.8060973, 33.9899938 ], [ -6.806028, 33.9899424 ], [ -6.8059458, 33.9898814 ], [ -6.8057916, 33.9898147 ], [ -6.8056025, 33.9897602 ], [ -6.8054187, 33.9897369 ], [ -6.8051961, 33.9897336 ], [ -6.8049453, 33.9897791 ], [ -6.8047254, 33.9898692 ], [ -6.8045028, 33.9899826 ], [ -6.8041715, 33.9901739 ] ], [ [ -6.8041715, 33.9901739 ], [ -6.803737, 33.9897892 ], [ -6.8035345, 33.9896001 ], [ -6.8034686, 33.9895326 ], [ -6.8034095, 33.9894609 ], [ -6.8033575, 33.9893855 ], [ -6.8033193, 33.9893196 ], [ -6.8032867, 33.9892516 ], [ -6.8032596, 33.989182 ], [ -6.8032441, 33.9891063 ], [ -6.8032352, 33.9890298 ], [ -6.8032327, 33.988953 ], [ -6.8032369, 33.9888757 ], [ -6.8032476, 33.9887988 ], [ -6.8032649, 33.9887228 ], [ -6.8035012, 33.9879136 ], [ -6.8036786, 33.987382 ] ], [ [ -6.8036786, 33.987382 ], [ -6.8037223, 33.9873052 ], [ -6.8037384, 33.987253 ], [ -6.8037531, 33.9871905 ], [ -6.8037649, 33.9871276 ] ], [ [ -6.8037649, 33.9871276 ], [ -6.8037923, 33.9871197 ], [ -6.8038197, 33.9871062 ], [ -6.8038431, 33.9870882 ], [ -6.8038614, 33.9870665 ], [ -6.8038738, 33.9870421 ], [ -6.8038797, 33.987016 ], [ -6.8038783, 33.986987 ], [ -6.8038707, 33.9869657 ] ], [ [ -6.8038707, 33.9869657 ], [ -6.8039573, 33.9868947 ], [ -6.8039935, 33.986852 ], [ -6.8040466, 33.9867743 ], [ -6.8041457, 33.9865968 ], [ -6.8043338, 33.986253 ], [ -6.8046317, 33.9856975 ], [ -6.8048397, 33.9853222 ], [ -6.804906, 33.9852027 ], [ -6.8049574, 33.9851099 ], [ -6.8052028, 33.984654 ], [ -6.8053181, 33.9844646 ], [ -6.8054375, 33.984277 ], [ -6.8055512, 33.9841055 ], [ -6.8056682, 33.9839356 ], [ -6.805784, 33.983779 ], [ -6.8059056, 33.9836253 ], [ -6.8062261, 33.9832528 ], [ -6.8067384, 33.9826823 ], [ -6.8072037, 33.9821485 ], [ -6.8072477, 33.9820976 ], [ -6.8072869, 33.982044 ], [ -6.8073315, 33.9819679 ], [ -6.8073749, 33.9818796 ], [ -6.8074827, 33.9816759 ], [ -6.8075249, 33.9816012 ] ], [ [ -6.8077655, 33.9811936 ], [ -6.8078314, 33.9810898 ], [ -6.8079004, 33.9809885 ], [ -6.8079774, 33.9808913 ], [ -6.808062, 33.9807985 ], [ -6.8081616, 33.9807039 ], [ -6.808269, 33.9806155 ], [ -6.8083839, 33.9805338 ], [ -6.8084945, 33.9804623 ], [ -6.80861, 33.9803962 ], [ -6.8087299, 33.9803359 ], [ -6.8088746, 33.980273 ], [ -6.8090242, 33.9802184 ], [ -6.8091778, 33.9801724 ], [ -6.8092684, 33.980146 ], [ -6.8093606, 33.9801237 ], [ -6.8094541, 33.9801057 ], [ -6.8095863, 33.9800876 ], [ -6.8097198, 33.9800779 ], [ -6.8098538, 33.9800767 ], [ -6.8099304, 33.980077 ], [ -6.8101622, 33.9800812 ], [ -6.810291, 33.980087 ], [ -6.8104338, 33.9800933 ], [ -6.8116683, 33.9801524 ], [ -6.8118527, 33.9801521 ], [ -6.812021, 33.9801496 ], [ -6.8122723, 33.9801413 ] ], [ [ -6.8122723, 33.9801413 ], [ -6.8123023, 33.980162 ], [ -6.8123393, 33.9801723 ], [ -6.8123783, 33.9801711 ], [ -6.8124143, 33.9801583 ], [ -6.8124411, 33.9801371 ], [ -6.8124577, 33.9801096 ], [ -6.812462, 33.980079 ] ], [ [ -6.812462, 33.980079 ], [ -6.8125578, 33.9800144 ], [ -6.8127171, 33.9799172 ], [ -6.8130741, 33.9797096 ], [ -6.8141734, 33.9790608 ], [ -6.8152398, 33.9784523 ], [ -6.8153405, 33.9783954 ], [ -6.8163736, 33.977783 ], [ -6.816937, 33.9774761 ], [ -6.8182843, 33.9768655 ], [ -6.8183839, 33.9768203 ], [ -6.8191376, 33.9764969 ], [ -6.8193389, 33.9764245 ] ], [ [ -6.8193389, 33.9764245 ], [ -6.8193763, 33.9764435 ], [ -6.8194187, 33.9764534 ], [ -6.8194626, 33.9764532 ], [ -6.8195048, 33.9764431 ], [ -6.819542, 33.9764237 ], [ -6.8195641, 33.9764049 ], [ -6.8195813, 33.9763828 ], [ -6.8195928, 33.9763584 ], [ -6.8195983, 33.9763325 ], [ -6.8195992, 33.976319 ] ], [ [ -6.8195992, 33.976319 ], [ -6.8195907, 33.9762804 ], [ -6.819568, 33.976246 ], [ -6.8195335, 33.9762192 ] ], [ [ -6.8195335, 33.9762192 ], [ -6.8195036, 33.9762024 ], [ -6.8194592, 33.9761919 ] ], [ [ -6.8194592, 33.9761919 ], [ -6.8194014, 33.9761746 ], [ -6.8193495, 33.9761528 ], [ -6.819301, 33.9761262 ], [ -6.8192564, 33.9760952 ], [ -6.8192031, 33.9760546 ] ], [ [ -6.8192031, 33.9760546 ], [ -6.8191602, 33.9760129 ], [ -6.8188508, 33.975712 ], [ -6.8187592, 33.975623 ], [ -6.8186959, 33.9755614 ], [ -6.8185552, 33.9754257 ], [ -6.817952, 33.9748439 ], [ -6.8179045, 33.9747981 ], [ -6.81771, 33.9746105 ], [ -6.8176534, 33.9745523 ], [ -6.8176053, 33.9745028 ] ], [ [ -6.8176053, 33.9745028 ], [ -6.8177051, 33.9744296 ], [ -6.8182343, 33.9740291 ], [ -6.8184098, 33.973902 ] ], [ [ -6.8184098, 33.973902 ], [ -6.8190061, 33.9739567 ], [ -6.8192592, 33.9739807 ], [ -6.8198678, 33.9740357 ], [ -6.8199957, 33.9740499 ], [ -6.8201246, 33.9740551 ], [ -6.8201961, 33.9740532 ], [ -6.8202269, 33.974053 ], [ -6.8203287, 33.9740452 ], [ -6.8204297, 33.9740318 ], [ -6.8206644, 33.9739956 ], [ -6.8209771, 33.9739082 ], [ -6.8212216, 33.9738392 ], [ -6.8213316, 33.9738082 ] ] ] } },
{ "type": "Feature", "properties": { "from_ar": "L34", "name": "L34:Bab El Had→Ain Atik", "network": "Bus Stades" }, "geometry": { "type": "MultiLineString", "coordinates": [ [ [ -6.9619713, 33.892122 ], [ -6.9617808, 33.8921966 ], [ -6.9616121, 33.8922801 ], [ -6.9615516, 33.8923193 ], [ -6.9612635, 33.892494 ], [ -6.9610292, 33.892638 ], [ -6.9608407, 33.8927799 ], [ -6.9608112, 33.8928034 ], [ -6.9606663, 33.892919 ] ], [ [ -6.8442373, 34.0182385 ], [ -6.8443631, 34.0180921 ], [ -6.8444708, 34.0179719 ], [ -6.8452409, 34.0171124 ], [ -6.8452883, 34.0170595 ], [ -6.845356, 34.016984 ], [ -6.845499, 34.0168243 ], [ -6.8458155, 34.0164542 ], [ -6.8460904, 34.0161441 ], [ -6.8461354, 34.0160931 ], [ -6.8462956, 34.0159117 ], [ -6.8466104, 34.01555 ], [ -6.8466226, 34.0155351 ], [ -6.846687, 34.0154608 ], [ -6.8467983, 34.0153323 ], [ -6.8469675, 34.0151447 ], [ -6.8471647, 34.0149081 ], [ -6.8472585, 34.0147957 ], [ -6.8477197, 34.0142385 ], [ -6.8478955, 34.0140253 ], [ -6.8481494, 34.0137242 ], [ -6.8481852, 34.0136818 ], [ -6.8483505, 34.0134852 ], [ -6.8484579, 34.01336 ], [ -6.8485731, 34.0132402 ], [ -6.8487017, 34.01313 ], [ -6.8488425, 34.0130307 ], [ -6.8489942, 34.012943 ], [ -6.849285, 34.0127933 ], [ -6.8493765, 34.0127462 ], [ -6.8494478, 34.0127094 ], [ -6.8506034, 34.0121556 ], [ -6.8507462, 34.0120884 ], [ -6.8508917, 34.0120252 ], [ -6.8509672, 34.0119945 ], [ -6.8510434, 34.011965 ] ], [ [ -6.8510434, 34.011965 ], [ -6.8511626, 34.0119213 ], [ -6.8512833, 34.0118803 ] ], [ [ -6.8512833, 34.0118803 ], [ -6.8512917, 34.0118839 ], [ -6.8513297, 34.0118961 ], [ -6.8513698, 34.0119022 ], [ -6.8514106, 34.011902 ], [ -6.8514506, 34.0118954 ], [ -6.8514884, 34.0118828 ], [ -6.8515281, 34.0118609 ], [ -6.8515612, 34.0118323 ], [ -6.8515859, 34.0117985 ], [ -6.8516017, 34.0117619 ], [ -6.851606, 34.0117217 ], [ -6.8516005, 34.0116824 ], [ -6.8515844, 34.0116449 ] ], [ [ -6.8515844, 34.0116449 ], [ -6.8516125, 34.0115917 ], [ -6.8516652, 34.0115074 ], [ -6.8517242, 34.0114261 ], [ -6.8517894, 34.0113481 ], [ -6.8519163, 34.011209 ], [ -6.8533078, 34.0096837 ], [ -6.8538313, 34.0090823 ], [ -6.8539871, 34.0088871 ] ], [ [ -6.8539871, 34.0088871 ], [ -6.8540797, 34.0089093 ], [ -6.854176, 34.0089133 ], [ -6.8542708, 34.0088991 ], [ -6.854356, 34.0088689 ], [ -6.8544311, 34.008824 ], [ -6.8544925, 34.0087666 ] ], [ [ -6.8544925, 34.0087666 ], [ -6.8545375, 34.008699 ], [ -6.8545634, 34.0086247 ], [ -6.854569, 34.0085476 ], [ -6.8545705, 34.0085346 ], [ -6.8545589, 34.0084878 ], [ -6.8545366, 34.0084303 ], [ -6.8545026, 34.0083769 ] ], [ [ -6.8545026, 34.0083769 ], [ -6.854574, 34.008272 ], [ -6.8546523, 34.0081709 ], [ -6.8547469, 34.0080646 ], [ -6.8548454, 34.0079569 ], [ -6.8553326, 34.0074281 ], [ -6.8560764, 34.0066113 ], [ -6.856332, 34.0063161 ] ], [ [ -6.856332, 34.0063161 ], [ -6.8564137, 34.0062282 ], [ -6.8566442, 34.0059824 ], [ -6.8567598, 34.005857 ], [ -6.8573906, 34.0051598 ], [ -6.8586116, 34.0038102 ], [ -6.8587081, 34.003688 ], [ -6.858747, 34.003634 ], [ -6.8587891, 34.0035757 ], [ -6.8588475, 34.0034882 ], [ -6.858932, 34.0033496 ], [ -6.8590311, 34.0031633 ], [ -6.8590488, 34.0031268 ] ], [ [ -6.8590488, 34.0031268 ], [ -6.8591811, 34.0028612 ] ], [ [ -6.8591811, 34.0028612 ], [ -6.8592206, 34.002782 ] ], [ [ -6.8592206, 34.002782 ], [ -6.8593313, 34.002559 ] ], [ [ -6.8593313, 34.002559 ], [ -6.8593659, 34.0024897 ], [ -6.8600103, 34.0012392 ], [ -6.8600817, 34.0010975 ] ], [ [ -6.8600817, 34.0010975 ], [ -6.8601022, 34.0010948 ], [ -6.8601222, 34.0010897 ], [ -6.8601503, 34.0010779 ], [ -6.8601748, 34.0010616 ], [ -6.8601949, 34.0010415 ], [ -6.8602095, 34.0010183 ], [ -6.8602181, 34.0009932 ], [ -6.8602198, 34.0009598 ], [ -6.8602109, 34.0009272 ], [ -6.860192, 34.0008977 ], [ -6.8601645, 34.0008732 ] ], [ [ -6.8601645, 34.0008732 ], [ -6.8601997, 34.000804 ], [ -6.8602674, 34.0006709 ], [ -6.8603432, 34.0005218 ] ], [ [ -6.8603432, 34.0005218 ], [ -6.8604547, 34.0002939 ], [ -6.8606763, 33.9998679 ], [ -6.860794, 33.9996415 ], [ -6.8611966, 33.9988367 ], [ -6.861441, 33.9983601 ], [ -6.8615683, 33.9981115 ], [ -6.8616995, 33.9978605 ], [ -6.8619548, 33.9973555 ], [ -6.8621397, 33.9969893 ], [ -6.8622096, 33.9968523 ], [ -6.8624653, 33.9963506 ], [ -6.8625798, 33.9961247 ], [ -6.8626288, 33.9960376 ], [ -6.8627619, 33.9958191 ], [ -6.8629204, 33.9955869 ], [ -6.8632283, 33.995142 ], [ -6.8636569, 33.994536 ], [ -6.8645678, 33.9932246 ], [ -6.8648915, 33.9927903 ], [ -6.8650499, 33.9925888 ], [ -6.8652176, 33.9923829 ], [ -6.8653282, 33.9922508 ], [ -6.8654867, 33.9920906 ], [ -6.8656611, 33.9919285 ], [ -6.8658692, 33.9917203 ] ], [ [ -6.8658692, 33.9917203 ], [ -6.8661121, 33.9914867 ] ], [ [ -6.8661121, 33.9914867 ], [ -6.8663106, 33.9912647 ], [ -6.8663612, 33.991188 ], [ -6.8663951, 33.9911397 ], [ -6.8664606, 33.9909871 ], [ -6.8664688, 33.9909679 ] ], [ [ -6.8664688, 33.9909679 ], [ -6.8665773, 33.9907396 ], [ -6.866642, 33.9906062 ], [ -6.8667018, 33.9904894 ], [ -6.8668046, 33.9903008 ], [ -6.8669577, 33.9900435 ], [ -6.8670847, 33.9898479 ], [ -6.8671429, 33.9897629 ], [ -6.86732, 33.9895248 ] ], [ [ -6.86732, 33.9895248 ], [ -6.8675786, 33.9892034 ], [ -6.8676975, 33.9890474 ], [ -6.8677948, 33.9889196 ], [ -6.8680986, 33.9885109 ], [ -6.8682361, 33.9883147 ], [ -6.8684138, 33.9880762 ], [ -6.8685823, 33.9878444 ], [ -6.8690139, 33.9872627 ], [ -6.8693329, 33.9868298 ], [ -6.869549, 33.9865466 ], [ -6.8696831, 33.9863576 ], [ -6.8699071, 33.9860551 ], [ -6.8702839, 33.9855525 ], [ -6.8709666, 33.984634 ], [ -6.8715473, 33.9838388 ], [ -6.8718314, 33.9834631 ], [ -6.8719885, 33.9832528 ], [ -6.8722236, 33.9829354 ], [ -6.8727935, 33.9821685 ], [ -6.8730695, 33.9817971 ], [ -6.8743023, 33.9801381 ], [ -6.8746583, 33.9796748 ], [ -6.8749963, 33.9792171 ], [ -6.8752712, 33.9788715 ], [ -6.8754015, 33.978701 ], [ -6.8755027, 33.9785544 ], [ -6.8769634, 33.9768065 ], [ -6.8770834, 33.9766722 ] ], [ [ -6.8770834, 33.9766722 ], [ -6.8773202, 33.9763735 ], [ -6.8773424, 33.976346 ] ], [ [ -6.8773424, 33.976346 ], [ -6.8774401, 33.9762266 ] ], [ [ -6.8774401, 33.9762266 ], [ -6.8781096, 33.9753776 ], [ -6.8784053, 33.9750026 ], [ -6.8786574, 33.9746888 ], [ -6.8786937, 33.9746436 ], [ -6.8788532, 33.9744451 ] ], [ [ -6.8788532, 33.9744451 ], [ -6.8791848, 33.9740079 ], [ -6.879386, 33.9737415 ], [ -6.8797635, 33.9732916 ], [ -6.8799915, 33.9730119 ], [ -6.8804596, 33.9724464 ], [ -6.8807593, 33.9721038 ], [ -6.8809678, 33.9718552 ], [ -6.8811429, 33.9716245 ], [ -6.8813769, 33.9713303 ], [ -6.8815029, 33.9711857 ], [ -6.8816679, 33.9709955 ] ], [ [ -6.8816679, 33.9709955 ], [ -6.881863, 33.9707508 ], [ -6.8821943, 33.9703388 ], [ -6.8824793, 33.9700296 ], [ -6.8827079, 33.9697643 ], [ -6.8828548, 33.969593 ], [ -6.8830194, 33.9694306 ] ], [ [ -6.8830194, 33.9694306 ], [ -6.88325, 33.9692132 ], [ -6.8835826, 33.9689268 ], [ -6.8838341, 33.9687505 ], [ -6.884095, 33.9685786 ], [ -6.8844276, 33.9683584 ], [ -6.8847044, 33.968196 ], [ -6.8849915, 33.9680298 ], [ -6.8853066, 33.967864 ], [ -6.8855903, 33.9677283 ], [ -6.8857352, 33.9676749 ], [ -6.8858256, 33.9676571 ], [ -6.8858478, 33.9676527 ], [ -6.8860437, 33.9676548 ] ], [ [ -6.8860437, 33.9676548 ], [ -6.8861521, 33.9676514 ], [ -6.886253, 33.9676183 ], [ -6.8863349, 33.9675593 ], [ -6.8863885, 33.967481 ], [ -6.8864077, 33.9673925 ], [ -6.8863904, 33.9673037 ], [ -6.8863385, 33.9672247 ], [ -6.8862579, 33.9671645 ], [ -6.8861967, 33.9671433 ] ], [ [ -6.8861967, 33.9671433 ], [ -6.8861519, 33.9671306 ], [ -6.8861098, 33.9671248 ], [ -6.8860494, 33.9671249 ] ], [ [ -6.8860494, 33.9671249 ], [ -6.8858854, 33.9671076 ], [ -6.8857767, 33.9670721 ], [ -6.8856681, 33.967012 ], [ -6.8856153, 33.966986 ], [ -6.8854693, 33.9668842 ], [ -6.8850972, 33.9666249 ], [ -6.8842267, 33.9660206 ], [ -6.884084, 33.9659215 ], [ -6.8840227, 33.965869 ], [ -6.8839617, 33.9658151 ], [ -6.883906, 33.9657574 ], [ -6.8838559, 33.9656962 ], [ -6.8838054, 33.9656216 ], [ -6.8837633, 33.9655434 ], [ -6.88373, 33.9654624 ], [ -6.8837057, 33.9653792 ], [ -6.8836914, 33.965328 ], [ -6.883682, 33.965276 ], [ -6.8836775, 33.9652235 ], [ -6.8836798, 33.9651475 ], [ -6.8836923, 33.9650723 ], [ -6.8837325, 33.9649755 ], [ -6.8841339, 33.964314 ], [ -6.8843854, 33.9637983 ], [ -6.8844685, 33.9636354 ] ], [ [ -6.8844685, 33.9636354 ], [ -6.8846219, 33.9633397 ], [ -6.8848878, 33.9628275 ], [ -6.8854253, 33.9618395 ], [ -6.8854532, 33.9617882 ], [ -6.8856315, 33.9614239 ], [ -6.8862975, 33.9601605 ], [ -6.8863784, 33.9600061 ], [ -6.8865983, 33.959599 ], [ -6.8866599, 33.9594832 ], [ -6.8867799, 33.9592697 ], [ -6.8869033, 33.9590661 ], [ -6.8869921, 33.9589362 ], [ -6.8870572, 33.9588476 ], [ -6.8876311, 33.9581429 ], [ -6.888049, 33.9576487 ], [ -6.8882936, 33.9573868 ], [ -6.888587, 33.9570314 ], [ -6.8886541, 33.9569399 ], [ -6.889101, 33.9564088 ], [ -6.8897439, 33.9556838 ], [ -6.8900202, 33.9553796 ], [ -6.8901518, 33.9552249 ], [ -6.890301, 33.9550799 ], [ -6.890435, 33.9549616 ], [ -6.8905213, 33.9549058 ], [ -6.8906334, 33.9548489 ], [ -6.8906858, 33.9548211 ], [ -6.8907146, 33.954799 ], [ -6.8907341, 33.9547758 ], [ -6.8907477, 33.95475 ], [ -6.8907551, 33.9547225 ], [ -6.8907558, 33.9546943 ], [ -6.8907536, 33.9546777 ], [ -6.8907553, 33.9546058 ], [ -6.8907635, 33.9545561 ], [ -6.890783, 33.9545099 ], [ -6.8908139, 33.9544416 ], [ -6.8918347, 33.9531811 ], [ -6.8932899, 33.9514246 ], [ -6.8948594, 33.949593 ], [ -6.8962556, 33.9479665 ], [ -6.8964744, 33.9476866 ], [ -6.8970524, 33.9470414 ], [ -6.8975922, 33.9463649 ], [ -6.8976914, 33.9462531 ], [ -6.8977853, 33.9461447 ], [ -6.8978316, 33.9460957 ], [ -6.8979375, 33.9459778 ], [ -6.8981574, 33.9457697 ], [ -6.8983827, 33.9455989 ], [ -6.8987474, 33.9453201 ], [ -6.8995082, 33.9448212 ], [ -6.899879, 33.9445777 ], [ -6.9001094, 33.9443415 ], [ -6.9002577, 33.9441601 ], [ -6.9003615, 33.9439453 ] ], [ [ -6.9003615, 33.9439453 ], [ -6.9004162, 33.9438169 ], [ -6.9004296, 33.9437527 ], [ -6.9004356, 33.9437199 ], [ -6.900441, 33.9436729 ], [ -6.9004487, 33.9435897 ], [ -6.9004548, 33.9435279 ], [ -6.9004584, 33.9434631 ], [ -6.9004588, 33.9434467 ], [ -6.9004582, 33.9433207 ] ], [ [ -6.9004582, 33.9433207 ], [ -6.9004501, 33.9430491 ] ], [ [ -6.9004501, 33.9430491 ], [ -6.9004468, 33.9429259 ], [ -6.9004454, 33.9428582 ], [ -6.9004548, 33.9427145 ], [ -6.9004796, 33.9425878 ], [ -6.9005205, 33.9424871 ], [ -6.9005647, 33.9423864 ], [ -6.9006264, 33.9422885 ], [ -6.900723, 33.9421604 ], [ -6.9007766, 33.9421105 ], [ -6.9009148, 33.9419987 ], [ -6.9010576, 33.9418975 ], [ -6.9012185, 33.9417968 ], [ -6.9013858, 33.9416958 ], [ -6.9014861, 33.9416349 ], [ -6.9017355, 33.9414914 ], [ -6.9019104, 33.94139 ], [ -6.9020255, 33.9413067 ] ], [ [ -6.9020255, 33.9413067 ], [ -6.9020897, 33.9413055 ], [ -6.9021507, 33.9412889 ], [ -6.9022031, 33.9412581 ], [ -6.9022424, 33.9412158 ], [ -6.902265, 33.9411659 ] ], [ [ -6.902265, 33.9411659 ], [ -6.9024409, 33.941063 ], [ -6.9025938, 33.9409607 ], [ -6.9028808, 33.9408093 ], [ -6.9032085, 33.9405854 ] ], [ [ -6.9096341, 33.9351747 ], [ -6.9091465, 33.9356951 ], [ -6.9086114, 33.9362637 ], [ -6.9082345, 33.9365997 ], [ -6.90758, 33.937116 ], [ -6.9065984, 33.9379071 ], [ -6.9049381, 33.9392055 ], [ -6.9036915, 33.9402308 ], [ -6.9034535, 33.9404227 ], [ -6.9032875, 33.9405329 ], [ -6.9032085, 33.9405854 ] ], [ [ -6.9098445, 33.9349486 ], [ -6.9096341, 33.9351747 ] ], [ [ -6.9098445, 33.9349486 ], [ -6.9100115, 33.9347883 ], [ -6.9101724, 33.9345991 ], [ -6.9103095, 33.9343766 ] ], [ [ -6.9103583, 33.9343397 ], [ -6.9105083, 33.9342125 ], [ -6.9106807, 33.9340361 ], [ -6.9108896, 33.9338207 ] ], [ [ -6.91097, 33.9337379 ], [ -6.9108896, 33.9338207 ] ], [ [ -6.9170354, 33.9262661 ], [ -6.9169025, 33.9265328 ], [ -6.9166264, 33.9270815 ], [ -6.9164025, 33.9275484 ], [ -6.916312, 33.927737 ], [ -6.916251, 33.9278555 ], [ -6.9161657, 33.9279962 ], [ -6.9160071, 33.9282148 ], [ -6.9158151, 33.9284696 ], [ -6.915226, 33.9291155 ], [ -6.915042, 33.9293193 ], [ -6.9147067, 33.9296843 ], [ -6.9136114, 33.9308492 ], [ -6.9133434, 33.9311342 ], [ -6.91097, 33.9337379 ] ], [ [ -6.9170354, 33.9262661 ], [ -6.9173247, 33.9258977 ] ], [ [ -6.9173247, 33.9258977 ], [ -6.917371, 33.9258912 ], [ -6.9174132, 33.925874 ], [ -6.917457, 33.9258376 ], [ -6.9174812, 33.9257902 ], [ -6.9174846, 33.9257523 ], [ -6.9174752, 33.9257151 ], [ -6.9174537, 33.9256815 ] ], [ [ -6.9174537, 33.9256815 ], [ -6.9175105, 33.9253577 ] ], [ [ -6.9247698, 33.9180941 ], [ -6.9244604, 33.9183809 ], [ -6.9242701, 33.9185572 ], [ -6.9236849, 33.9191049 ], [ -6.9236247, 33.9191604 ], [ -6.9234044, 33.9193679 ], [ -6.9231089, 33.9196444 ], [ -6.9229658, 33.9197758 ], [ -6.9228621, 33.9198818 ], [ -6.9225577, 33.9201645 ], [ -6.9222857, 33.920417 ], [ -6.9217115, 33.9209499 ], [ -6.9214292, 33.9212123 ], [ -6.9212752, 33.9213555 ], [ -6.9207381, 33.9218471 ], [ -6.9205575, 33.9220123 ], [ -6.9199041, 33.9226018 ], [ -6.9191905, 33.9232856 ], [ -6.9191404, 33.9233336 ], [ -6.9190224, 33.9234432 ], [ -6.9189794, 33.9234855 ], [ -6.9187669, 33.9236853 ], [ -6.9184437, 33.9239836 ], [ -6.9183907, 33.9240344 ], [ -6.9182169, 33.9242013 ], [ -6.9180885, 33.9243418 ], [ -6.9179957, 33.9244612 ], [ -6.9178842, 33.9246403 ], [ -6.9177537, 33.9248927 ], [ -6.9176989, 33.9249967 ], [ -6.9176859, 33.9250246 ], [ -6.9175962, 33.9251957 ], [ -6.9175105, 33.9253577 ] ], [ [ -6.9274505, 33.9155759 ], [ -6.9268869, 33.9161079 ], [ -6.9265886, 33.9163895 ], [ -6.9264306, 33.9165387 ], [ -6.9263313, 33.9166324 ], [ -6.9259258, 33.9170171 ], [ -6.9256502, 33.9172786 ], [ -6.9247698, 33.9180941 ] ], [ [ -6.9274505, 33.9155759 ], [ -6.9277672, 33.9153618 ] ], [ [ -6.9277672, 33.9153618 ], [ -6.9278023, 33.9153659 ], [ -6.9278374, 33.9153623 ], [ -6.9278829, 33.9153449 ], [ -6.9279178, 33.915315 ], [ -6.9279375, 33.9152768 ], [ -6.9279408, 33.9152511 ], [ -6.9279371, 33.9152254 ] ], [ [ -6.9279371, 33.9152254 ], [ -6.9281287, 33.9149577 ] ], [ [ -6.9364147, 33.9071925 ], [ -6.9360457, 33.9075857 ], [ -6.9355672, 33.9080093 ], [ -6.9348693, 33.908657 ], [ -6.93445, 33.9090499 ], [ -6.9336711, 33.9097844 ], [ -6.9332718, 33.9101463 ], [ -6.9328403, 33.9105525 ], [ -6.9324753, 33.9108827 ], [ -6.9322668, 33.9110811 ], [ -6.9319369, 33.9113865 ], [ -6.931588, 33.9117097 ], [ -6.9312714, 33.9120314 ], [ -6.9307587, 33.9125 ], [ -6.9303349, 33.9128897 ], [ -6.9297255, 33.913455 ], [ -6.9296338, 33.9135393 ], [ -6.9288076, 33.914315 ], [ -6.9283199, 33.9147767 ], [ -6.9281287, 33.9149577 ] ], [ [ -6.9364147, 33.9071925 ], [ -6.9364426, 33.9071907 ], [ -6.9364695, 33.9071844 ], [ -6.9364879, 33.9071771 ], [ -6.936505, 33.9071677 ], [ -6.9367207, 33.9069888 ] ], [ [ -6.9367207, 33.9069888 ], [ -6.9367467, 33.9069889 ], [ -6.9367719, 33.9069836 ], [ -6.9367947, 33.9069733 ], [ -6.9368137, 33.9069586 ], [ -6.9368304, 33.9069354 ], [ -6.9368376, 33.906909 ] ], [ [ -6.9368376, 33.906909 ], [ -6.9370253, 33.9066757 ], [ -6.9370419, 33.9066526 ], [ -6.9370548, 33.9066279 ], [ -6.937067, 33.9065899 ] ], [ [ -6.9521597, 33.8972784 ], [ -6.9523318, 33.897209 ], [ -6.9529885, 33.8969444 ], [ -6.9536322, 33.8966728 ], [ -6.9541349, 33.8964749 ], [ -6.9541932, 33.896452 ], [ -6.9545931, 33.8962953 ], [ -6.9547314, 33.8962342 ], [ -6.9548369, 33.8961892 ], [ -6.9549613, 33.8961362 ] ], [ [ -6.9478179, 33.8990237 ], [ -6.9480396, 33.8989349 ], [ -6.9492937, 33.898432 ], [ -6.9495378, 33.8983342 ], [ -6.9506808, 33.8978622 ], [ -6.9508768, 33.8977897 ], [ -6.9510852, 33.8977126 ] ], [ [ -6.937067, 33.9065899 ], [ -6.9371345, 33.9065307 ], [ -6.9373905, 33.9063059 ], [ -6.9374963, 33.9062047 ], [ -6.9375913, 33.9061159 ], [ -6.9378849, 33.905851 ], [ -6.9382529, 33.9054731 ], [ -6.9383343, 33.9053963 ], [ -6.9386059, 33.9051474 ], [ -6.9389297, 33.9048506 ], [ -6.9391149, 33.9046781 ], [ -6.9392671, 33.9045363 ], [ -6.9396948, 33.9041379 ], [ -6.9399218, 33.9039248 ], [ -6.9400966, 33.9037591 ], [ -6.940482, 33.9033938 ], [ -6.9408236, 33.9030831 ], [ -6.9410105, 33.9029132 ], [ -6.9415423, 33.9024296 ], [ -6.9421745, 33.9018205 ], [ -6.942367, 33.9016313 ], [ -6.9425379, 33.9014682 ], [ -6.9426637, 33.9013505 ], [ -6.9427338, 33.9012861 ], [ -6.9428283, 33.901206 ], [ -6.9429537, 33.9011103 ], [ -6.943073, 33.9010224 ], [ -6.9431884, 33.9009484 ], [ -6.9432776, 33.9008921 ], [ -6.9433634, 33.9008415 ], [ -6.9434834, 33.900783 ], [ -6.9436866, 33.9006923 ], [ -6.9442747, 33.9004341 ], [ -6.9444342, 33.9003706 ], [ -6.9445715, 33.9003159 ], [ -6.9453623, 33.9000011 ], [ -6.9470717, 33.8993191 ] ], [ [ -6.9566564, 33.8953169 ], [ -6.9567115, 33.8952833 ], [ -6.9576811, 33.8947035 ], [ -6.9577945, 33.894637 ], [ -6.9588532, 33.8940158 ], [ -6.9593776, 33.8937027 ], [ -6.9596699, 33.893528 ], [ -6.9604384, 33.893056 ], [ -6.9606663, 33.892919 ] ], [ [ -6.9606663, 33.892919 ], [ -6.9608471, 33.8928529 ], [ -6.9611103, 33.8927565 ], [ -6.9611184, 33.8927517 ], [ -6.9613771, 33.8925986 ], [ -6.9616461, 33.8924308 ], [ -6.9617366, 33.8923658 ], [ -6.9618492, 33.8922723 ], [ -6.9619713, 33.892122 ] ], [ [ -6.9619713, 33.892122 ], [ -6.9620558, 33.8920697 ], [ -6.962273, 33.8919349 ], [ -6.9630173, 33.8914652 ], [ -6.963359, 33.8912396 ], [ -6.9634937, 33.8911558 ], [ -6.9638069, 33.8909635 ], [ -6.9640075, 33.8908371 ], [ -6.9641719, 33.8907336 ], [ -6.9642842, 33.8906628 ], [ -6.9647165, 33.8903898 ], [ -6.9649552, 33.8902417 ], [ -6.9652489, 33.8900591 ], [ -6.9653839, 33.8899706 ], [ -6.9655681, 33.8898498 ], [ -6.9658564, 33.8896639 ], [ -6.9661152, 33.8895047 ], [ -6.9662113, 33.8894432 ], [ -6.9663151, 33.8893767 ], [ -6.9664465, 33.8892954 ], [ -6.9666141, 33.8891885 ], [ -6.9668381, 33.8890494 ], [ -6.9670473, 33.8889158 ], [ -6.9671385, 33.8888623 ], [ -6.9672887, 33.8887722 ], [ -6.967506, 33.888653 ], [ -6.9676977, 33.8885629 ], [ -6.9678506, 33.8885039 ], [ -6.9680102, 33.8884627 ], [ -6.9681846, 33.8884248 ], [ -6.9683535, 33.8883925 ], [ -6.9684635, 33.8883758 ], [ -6.9686767, 33.8883703 ], [ -6.9688377, 33.8883747 ], [ -6.9689839, 33.8883814 ], [ -6.9690592, 33.8883885 ], [ -6.9691502, 33.888397 ], [ -6.9692236, 33.8884076 ], [ -6.9695397, 33.88849 ], [ -6.9699009, 33.888611 ], [ -6.9701627, 33.8886987 ], [ -6.9705275, 33.8888134 ], [ -6.9707836, 33.8888768 ], [ -6.970962, 33.8889058 ], [ -6.9711377, 33.8889269 ], [ -6.971304, 33.8889336 ], [ -6.9714823, 33.8889303 ], [ -6.971658, 33.8889419 ], [ -6.9719377, 33.8889392 ], [ -6.9723306, 33.8889069 ] ], [ [ -6.9723306, 33.8889069 ], [ -6.9726054, 33.8889282 ] ], [ [ -6.9726054, 33.8889282 ], [ -6.9726289, 33.8889402 ], [ -6.972656, 33.8889447 ], [ -6.9726834, 33.8889413 ], [ -6.972702, 33.888932 ], [ -6.9727077, 33.8889285 ], [ -6.9727149, 33.8889241 ], [ -6.9727259, 33.8889131 ] ], [ [ -6.9727259, 33.8889131 ], [ -6.9729106, 33.8888373 ] ], [ [ -6.9829272, 33.8799502 ], [ -6.9828685, 33.8800111 ], [ -6.9826355, 33.880237 ], [ -6.9820383, 33.8808098 ], [ -6.9815446, 33.8812995 ], [ -6.9811758, 33.8816647 ], [ -6.9807735, 33.8820588 ], [ -6.9805133, 33.8823205 ], [ -6.9801164, 33.8827124 ], [ -6.9799371, 33.8828857 ], [ -6.9797487, 33.8830678 ], [ -6.9796911, 33.8831235 ], [ -6.9796161, 33.883196 ], [ -6.9795022, 33.8833091 ], [ -6.9793547, 33.8834613 ], [ -6.9792916, 33.883524 ], [ -6.9790408, 33.8837667 ], [ -6.9789853, 33.8838226 ], [ -6.978671, 33.8841394 ], [ -6.978621, 33.8841898 ], [ -6.9783421, 33.884457 ], [ -6.9779847, 33.8848085 ], [ -6.9779277, 33.8848645 ], [ -6.9776179, 33.8851873 ], [ -6.9772893, 33.885508 ], [ -6.9770037, 33.8857908 ], [ -6.9769255, 33.8858649 ], [ -6.9765598, 33.8862116 ], [ -6.9761762, 33.8865556 ], [ -6.9758154, 33.8868484 ], [ -6.9757117, 33.8869321 ], [ -6.9753836, 33.8871969 ], [ -6.9753559, 33.8872188 ], [ -6.974992, 33.8875075 ], [ -6.9746903, 33.8877491 ], [ -6.974237, 33.888102 ], [ -6.9739835, 33.8883102 ], [ -6.9737233, 33.8884727 ], [ -6.9734772, 33.8886252 ], [ -6.973276, 33.8887076 ], [ -6.9730494, 33.8887984 ], [ -6.9729106, 33.8888373 ] ], [ [ -6.9829272, 33.8799502 ], [ -6.9829749, 33.8799053 ], [ -6.9830725, 33.8798017 ], [ -6.9832603, 33.8795977 ], [ -6.9834799, 33.8793558 ], [ -6.9835839, 33.8792387 ] ], [ [ -6.9835839, 33.8792387 ], [ -6.9836402, 33.8792287 ], [ -6.9836913, 33.8792065 ] ], [ [ -6.9836913, 33.8792065 ], [ -6.9837506, 33.8792578 ], [ -6.9837894, 33.8792908 ] ], [ [ -6.9837894, 33.8792908 ], [ -6.9841741, 33.8795595 ] ], [ [ -6.9841741, 33.8795595 ], [ -6.9842536, 33.879621 ], [ -6.9844462, 33.8797616 ], [ -6.9845748, 33.879902 ], [ -6.9846801, 33.8800097 ], [ -6.9847247, 33.8800673 ], [ -6.9847848, 33.8801722 ], [ -6.9852401, 33.8810084 ], [ -6.9868102, 33.8839199 ], [ -6.9869232, 33.8841294 ] ], [ [ -6.9869232, 33.8841294 ], [ -6.9869194, 33.8841654 ], [ -6.9869293, 33.8842007 ], [ -6.9869518, 33.8842316 ] ], [ [ -6.9869518, 33.8842316 ], [ -6.986856, 33.8842825 ], [ -6.9867192, 33.8843552 ], [ -6.98652, 33.8844598 ] ], [ [ -6.9101317, 33.9343796 ], [ -6.910104, 33.9345046 ], [ -6.9099645, 33.9347204 ], [ -6.9098988, 33.9348295 ], [ -6.9098445, 33.9349486 ] ], [ [ -6.9101818, 33.9343951 ], [ -6.9102478, 33.9343959 ], [ -6.9103095, 33.9343766 ], [ -6.9103583, 33.9343397 ], [ -6.9103873, 33.9342906 ], [ -6.9103925, 33.934236 ], [ -6.910373, 33.9341837 ], [ -6.9103317, 33.934141 ] ], [ [ -6.9103317, 33.934141 ], [ -6.9102809, 33.9341158 ], [ -6.9102228, 33.9341061 ], [ -6.9101642, 33.9341129 ], [ -6.9101249, 33.9341279 ] ], [ [ -6.9100419, 33.9342611 ], [ -6.9100434, 33.9342734 ], [ -6.9100591, 33.9343158 ], [ -6.9100895, 33.9343523 ], [ -6.9101317, 33.9343796 ], [ -6.9101818, 33.9343951 ] ], [ [ -6.9101249, 33.9341279 ], [ -6.910095, 33.9341472 ], [ -6.9100708, 33.9341714 ], [ -6.9100534, 33.9341993 ], [ -6.9100436, 33.9342297 ], [ -6.9100419, 33.9342611 ] ], [ [ -6.9108896, 33.9338207 ], [ -6.9107357, 33.9338959 ], [ -6.910578, 33.9340344 ], [ -6.910373, 33.9341837 ] ], [ [ -6.9096341, 33.9351747 ], [ -6.9098803, 33.9350278 ], [ -6.9099439, 33.9349684 ], [ -6.9099981, 33.9349257 ], [ -6.9104543, 33.9344505 ], [ -6.9106041, 33.9342548 ], [ -6.91097, 33.9337379 ] ] ] } },
{ "type": "Feature", "properties": { "from_ar": "L34", "name": "L34:Ain Atik→Bab El Had", "network": "Bus Stades" }, "geometry": { "type": "MultiLineString", "coordinates": [ [ [ -6.9619713, 33.892122 ], [ -6.9617808, 33.8921966 ], [ -6.9616121, 33.8922801 ], [ -6.9615516, 33.8923193 ], [ -6.9612635, 33.892494 ], [ -6.9610292, 33.892638 ], [ -6.9608407, 33.8927799 ], [ -6.9608112, 33.8928034 ], [ -6.9606663, 33.892919 ] ], [ [ -6.9869518, 33.8842316 ], [ -6.986856, 33.8842825 ], [ -6.9867192, 33.8843552 ], [ -6.98652, 33.8844598 ] ], [ [ -6.9869518, 33.8842316 ], [ -6.9869838, 33.8842547 ], [ -6.9870226, 33.8842688 ] ], [ [ -6.9870226, 33.8842688 ], [ -6.9870634, 33.8842725 ], [ -6.9871037, 33.8842661 ], [ -6.9871401, 33.8842502 ], [ -6.9871692, 33.8842262 ] ], [ [ -6.9871692, 33.8842262 ], [ -6.9871873, 33.8842043 ], [ -6.9871969, 33.8841735 ], [ -6.9871954, 33.8841414 ], [ -6.9871859, 33.8841126 ], [ -6.9871678, 33.8840868 ], [ -6.9871377, 33.884063 ], [ -6.9871004, 33.8840476 ], [ -6.9870594, 33.8840421 ] ], [ [ -6.9870594, 33.8840421 ], [ -6.9869158, 33.8838742 ], [ -6.9868132, 33.8837205 ], [ -6.9866075, 33.8833571 ], [ -6.9864115, 33.8830041 ], [ -6.98625, 33.8826915 ], [ -6.986158, 33.8825186 ], [ -6.985344, 33.8810011 ], [ -6.984941, 33.8802763 ], [ -6.9847827, 33.880008 ], [ -6.9846372, 33.8798181 ], [ -6.9844947, 33.8796567 ], [ -6.9842575, 33.8794767 ] ], [ [ -6.9842575, 33.8794767 ], [ -6.983897, 33.8792194 ] ], [ [ -6.983897, 33.8792194 ], [ -6.9838119, 33.8791384 ], [ -6.9837743, 33.879103 ] ], [ [ -6.9837743, 33.879103 ], [ -6.9837789, 33.8790778 ], [ -6.9837791, 33.8790524 ] ], [ [ -6.9837791, 33.8790524 ], [ -6.9837609, 33.8789921 ], [ -6.9837184, 33.8789409 ], [ -6.9836572, 33.8789053 ] ], [ [ -6.9836572, 33.8789053 ], [ -6.9835986, 33.8788909 ], [ -6.9835375, 33.878891 ], [ -6.983479, 33.8789058 ] ], [ [ -6.983479, 33.8789058 ], [ -6.9834106, 33.8789484 ], [ -6.9833682, 33.8790101 ] ], [ [ -6.9833682, 33.8790101 ], [ -6.98336, 33.8790884 ], [ -6.9833939, 33.8791618 ] ], [ [ -6.9833939, 33.8791618 ], [ -6.9833206, 33.8793383 ], [ -6.9832489, 33.8794747 ], [ -6.9831178, 33.8796801 ], [ -6.9829272, 33.8799502 ] ], [ [ -6.9829272, 33.8799502 ], [ -6.9828685, 33.8800111 ], [ -6.9826355, 33.880237 ], [ -6.9820383, 33.8808098 ], [ -6.9815446, 33.8812995 ], [ -6.9811758, 33.8816647 ], [ -6.9807735, 33.8820588 ], [ -6.9805133, 33.8823205 ], [ -6.9801164, 33.8827124 ], [ -6.9799371, 33.8828857 ], [ -6.9797487, 33.8830678 ], [ -6.9796911, 33.8831235 ], [ -6.9796161, 33.883196 ], [ -6.9795022, 33.8833091 ], [ -6.9793547, 33.8834613 ], [ -6.9792916, 33.883524 ], [ -6.9790408, 33.8837667 ], [ -6.9789853, 33.8838226 ], [ -6.978671, 33.8841394 ], [ -6.978621, 33.8841898 ], [ -6.9783421, 33.884457 ], [ -6.9779847, 33.8848085 ], [ -6.9779277, 33.8848645 ], [ -6.9776179, 33.8851873 ], [ -6.9772893, 33.885508 ], [ -6.9770037, 33.8857908 ], [ -6.9769255, 33.8858649 ], [ -6.9765598, 33.8862116 ], [ -6.9761762, 33.8865556 ], [ -6.9758154, 33.8868484 ], [ -6.9757117, 33.8869321 ], [ -6.9753836, 33.8871969 ], [ -6.9753559, 33.8872188 ], [ -6.974992, 33.8875075 ], [ -6.9746903, 33.8877491 ], [ -6.974237, 33.888102 ], [ -6.9739835, 33.8883102 ], [ -6.9737233, 33.8884727 ], [ -6.9734772, 33.8886252 ], [ -6.973276, 33.8887076 ], [ -6.9730494, 33.8887984 ], [ -6.9729106, 33.8888373 ] ], [ [ -6.9729106, 33.8888373 ], [ -6.9727279, 33.8888471 ] ], [ [ -6.9727279, 33.8888471 ], [ -6.9727107, 33.8888292 ], [ -6.9726871, 33.8888172 ], [ -6.97266, 33.8888127 ], [ -6.9726327, 33.8888161 ], [ -6.9726084, 33.888827 ], [ -6.9725901, 33.8888442 ], [ -6.97258, 33.8888656 ] ], [ [ -6.97258, 33.8888656 ], [ -6.9723306, 33.8889069 ] ], [ [ -6.9619713, 33.892122 ], [ -6.9620558, 33.8920697 ], [ -6.962273, 33.8919349 ], [ -6.9630173, 33.8914652 ], [ -6.963359, 33.8912396 ], [ -6.9634937, 33.8911558 ], [ -6.9638069, 33.8909635 ], [ -6.9640075, 33.8908371 ], [ -6.9641719, 33.8907336 ], [ -6.9642842, 33.8906628 ], [ -6.9647165, 33.8903898 ], [ -6.9649552, 33.8902417 ], [ -6.9652489, 33.8900591 ], [ -6.9653839, 33.8899706 ], [ -6.9655681, 33.8898498 ], [ -6.9658564, 33.8896639 ], [ -6.9661152, 33.8895047 ], [ -6.9662113, 33.8894432 ], [ -6.9663151, 33.8893767 ], [ -6.9664465, 33.8892954 ], [ -6.9666141, 33.8891885 ], [ -6.9668381, 33.8890494 ], [ -6.9670473, 33.8889158 ], [ -6.9671385, 33.8888623 ], [ -6.9672887, 33.8887722 ], [ -6.967506, 33.888653 ], [ -6.9676977, 33.8885629 ], [ -6.9678506, 33.8885039 ], [ -6.9680102, 33.8884627 ], [ -6.9681846, 33.8884248 ], [ -6.9683535, 33.8883925 ], [ -6.9684635, 33.8883758 ], [ -6.9686767, 33.8883703 ], [ -6.9688377, 33.8883747 ], [ -6.9689839, 33.8883814 ], [ -6.9690592, 33.8883885 ], [ -6.9691502, 33.888397 ], [ -6.9692236, 33.8884076 ], [ -6.9695397, 33.88849 ], [ -6.9699009, 33.888611 ], [ -6.9701627, 33.8886987 ], [ -6.9705275, 33.8888134 ], [ -6.9707836, 33.8888768 ], [ -6.970962, 33.8889058 ], [ -6.9711377, 33.8889269 ], [ -6.971304, 33.8889336 ], [ -6.9714823, 33.8889303 ], [ -6.971658, 33.8889419 ], [ -6.9719377, 33.8889392 ], [ -6.9723306, 33.8889069 ] ], [ [ -6.9606663, 33.892919 ], [ -6.9608471, 33.8928529 ], [ -6.9611103, 33.8927565 ], [ -6.9611184, 33.8927517 ], [ -6.9613771, 33.8925986 ], [ -6.9616461, 33.8924308 ], [ -6.9617366, 33.8923658 ], [ -6.9618492, 33.8922723 ], [ -6.9619713, 33.892122 ] ], [ [ -6.9566564, 33.8953169 ], [ -6.9567115, 33.8952833 ], [ -6.9576811, 33.8947035 ], [ -6.9577945, 33.894637 ], [ -6.9588532, 33.8940158 ], [ -6.9593776, 33.8937027 ], [ -6.9596699, 33.893528 ], [ -6.9604384, 33.893056 ], [ -6.9606663, 33.892919 ] ], [ [ -6.9521597, 33.8972784 ], [ -6.9523318, 33.897209 ], [ -6.9529885, 33.8969444 ], [ -6.9536322, 33.8966728 ], [ -6.9541349, 33.8964749 ], [ -6.9541932, 33.896452 ], [ -6.9545931, 33.8962953 ], [ -6.9547314, 33.8962342 ], [ -6.9548369, 33.8961892 ], [ -6.9549613, 33.8961362 ] ], [ [ -6.9478179, 33.8990237 ], [ -6.9480396, 33.8989349 ], [ -6.9492937, 33.898432 ], [ -6.9495378, 33.8983342 ], [ -6.9506808, 33.8978622 ], [ -6.9508768, 33.8977897 ], [ -6.9510852, 33.8977126 ] ], [ [ -6.937067, 33.9065899 ], [ -6.9371345, 33.9065307 ], [ -6.9373905, 33.9063059 ], [ -6.9374963, 33.9062047 ], [ -6.9375913, 33.9061159 ], [ -6.9378849, 33.905851 ], [ -6.9382529, 33.9054731 ], [ -6.9383343, 33.9053963 ], [ -6.9386059, 33.9051474 ], [ -6.9389297, 33.9048506 ], [ -6.9391149, 33.9046781 ], [ -6.9392671, 33.9045363 ], [ -6.9396948, 33.9041379 ], [ -6.9399218, 33.9039248 ], [ -6.9400966, 33.9037591 ], [ -6.940482, 33.9033938 ], [ -6.9408236, 33.9030831 ], [ -6.9410105, 33.9029132 ], [ -6.9415423, 33.9024296 ], [ -6.9421745, 33.9018205 ], [ -6.942367, 33.9016313 ], [ -6.9425379, 33.9014682 ], [ -6.9426637, 33.9013505 ], [ -6.9427338, 33.9012861 ], [ -6.9428283, 33.901206 ], [ -6.9429537, 33.9011103 ], [ -6.943073, 33.9010224 ], [ -6.9431884, 33.9009484 ], [ -6.9432776, 33.9008921 ], [ -6.9433634, 33.9008415 ], [ -6.9434834, 33.900783 ], [ -6.9436866, 33.9006923 ], [ -6.9442747, 33.9004341 ], [ -6.9444342, 33.9003706 ], [ -6.9445715, 33.9003159 ], [ -6.9453623, 33.9000011 ], [ -6.9470717, 33.8993191 ] ], [ [ -6.937067, 33.9065899 ], [ -6.9370291, 33.9066006 ], [ -6.9369945, 33.9066173 ], [ -6.9369706, 33.9066342 ], [ -6.9369315, 33.9066624 ], [ -6.9367519, 33.9068186 ] ], [ [ -6.9367519, 33.9068186 ], [ -6.9367225, 33.9068179 ], [ -6.9366941, 33.906824 ], [ -6.9366688, 33.9068365 ], [ -6.9366488, 33.9068543 ], [ -6.9366357, 33.9068762 ], [ -6.9366304, 33.9069001 ], [ -6.9366335, 33.9069244 ] ], [ [ -6.9366335, 33.9069244 ], [ -6.9365184, 33.9070452 ], [ -6.9364292, 33.9071326 ], [ -6.9364212, 33.9071412 ], [ -6.9364158, 33.907151 ], [ -6.936413, 33.9071677 ], [ -6.9364147, 33.9071925 ] ], [ [ -6.9364147, 33.9071925 ], [ -6.9360457, 33.9075857 ], [ -6.9355672, 33.9080093 ], [ -6.9348693, 33.908657 ], [ -6.93445, 33.9090499 ], [ -6.9336711, 33.9097844 ], [ -6.9332718, 33.9101463 ], [ -6.9328403, 33.9105525 ], [ -6.9324753, 33.9108827 ], [ -6.9322668, 33.9110811 ], [ -6.9319369, 33.9113865 ], [ -6.931588, 33.9117097 ], [ -6.9312714, 33.9120314 ], [ -6.9307587, 33.9125 ], [ -6.9303349, 33.9128897 ], [ -6.9297255, 33.913455 ], [ -6.9296338, 33.9135393 ], [ -6.9288076, 33.914315 ], [ -6.9283199, 33.9147767 ], [ -6.9281287, 33.9149577 ] ], [ [ -6.9281287, 33.9149577 ], [ -6.9278137, 33.9151383 ] ], [ [ -6.9278137, 33.9151383 ], [ -6.9277795, 33.9151397 ], [ -6.9277468, 33.9151481 ] ], [ [ -6.9277468, 33.9151481 ], [ -6.9277142, 33.9151654 ], [ -6.9276887, 33.9151895 ], [ -6.9276722, 33.9152186 ], [ -6.9276662, 33.9152503 ] ], [ [ -6.9276662, 33.9152503 ], [ -6.9276704, 33.9152797 ], [ -6.9276835, 33.9153073 ] ], [ [ -6.9276835, 33.9153073 ], [ -6.9274505, 33.9155759 ] ], [ [ -6.9274505, 33.9155759 ], [ -6.9268869, 33.9161079 ], [ -6.9265886, 33.9163895 ], [ -6.9264306, 33.9165387 ], [ -6.9263313, 33.9166324 ], [ -6.9259258, 33.9170171 ], [ -6.9256502, 33.9172786 ], [ -6.9247698, 33.9180941 ] ], [ [ -6.9247698, 33.9180941 ], [ -6.9244604, 33.9183809 ], [ -6.9242701, 33.9185572 ], [ -6.9236849, 33.9191049 ], [ -6.9236247, 33.9191604 ], [ -6.9234044, 33.9193679 ], [ -6.9231089, 33.9196444 ], [ -6.9229658, 33.9197758 ], [ -6.9228621, 33.9198818 ], [ -6.9225577, 33.9201645 ], [ -6.9222857, 33.920417 ], [ -6.9217115, 33.9209499 ], [ -6.9214292, 33.9212123 ], [ -6.9212752, 33.9213555 ], [ -6.9207381, 33.9218471 ], [ -6.9205575, 33.9220123 ], [ -6.9199041, 33.9226018 ], [ -6.9191905, 33.9232856 ], [ -6.9191404, 33.9233336 ], [ -6.9190224, 33.9234432 ], [ -6.9189794, 33.9234855 ], [ -6.9187669, 33.9236853 ], [ -6.9184437, 33.9239836 ], [ -6.9183907, 33.9240344 ], [ -6.9182169, 33.9242013 ], [ -6.9180885, 33.9243418 ], [ -6.9179957, 33.9244612 ], [ -6.9178842, 33.9246403 ], [ -6.9177537, 33.9248927 ], [ -6.9176989, 33.9249967 ], [ -6.9176859, 33.9250246 ], [ -6.9175962, 33.9251957 ], [ -6.9175105, 33.9253577 ] ], [ [ -6.9175105, 33.9253577 ], [ -6.9173337, 33.9256256 ] ], [ [ -6.9173337, 33.9256256 ], [ -6.9173008, 33.9256261 ], [ -6.9172688, 33.9256321 ] ], [ [ -6.9172688, 33.9256321 ], [ -6.9172246, 33.9256509 ], [ -6.9171892, 33.9256798 ], [ -6.9171658, 33.9257161 ], [ -6.9171565, 33.9257565 ] ], [ [ -6.9171565, 33.9257565 ], [ -6.9171602, 33.9257904 ], [ -6.9171739, 33.9258226 ], [ -6.9171967, 33.9258508 ] ], [ [ -6.9171967, 33.9258508 ], [ -6.9170354, 33.9262661 ] ], [ [ -6.9170354, 33.9262661 ], [ -6.9169025, 33.9265328 ], [ -6.9166264, 33.9270815 ], [ -6.9164025, 33.9275484 ], [ -6.916312, 33.927737 ], [ -6.916251, 33.9278555 ], [ -6.9161657, 33.9279962 ], [ -6.9160071, 33.9282148 ], [ -6.9158151, 33.9284696 ], [ -6.915226, 33.9291155 ], [ -6.915042, 33.9293193 ], [ -6.9147067, 33.9296843 ], [ -6.9136114, 33.9308492 ], [ -6.9133434, 33.9311342 ], [ -6.91097, 33.9337379 ] ], [ [ -6.9103583, 33.9343397 ], [ -6.9105083, 33.9342125 ], [ -6.9106807, 33.9340361 ], [ -6.9108896, 33.9338207 ] ], [ [ -6.91097, 33.9337379 ], [ -6.9108896, 33.9338207 ] ], [ [ -6.9098445, 33.9349486 ], [ -6.9096341, 33.9351747 ] ], [ [ -6.9098445, 33.9349486 ], [ -6.9100115, 33.9347883 ], [ -6.9101724, 33.9345991 ], [ -6.9103095, 33.9343766 ] ], [ [ -6.9096341, 33.9351747 ], [ -6.9091465, 33.9356951 ], [ -6.9086114, 33.9362637 ], [ -6.9082345, 33.9365997 ], [ -6.90758, 33.937116 ], [ -6.9065984, 33.9379071 ], [ -6.9049381, 33.9392055 ], [ -6.9036915, 33.9402308 ], [ -6.9034535, 33.9404227 ], [ -6.9032875, 33.9405329 ], [ -6.9032085, 33.9405854 ] ], [ [ -6.9032085, 33.9405854 ], [ -6.9029569, 33.9406839 ], [ -6.9026512, 33.9408361 ], [ -6.9025046, 33.9408941 ], [ -6.9024259, 33.9409203 ], [ -6.9023443, 33.9409393 ], [ -6.9022644, 33.9409507 ], [ -6.9021836, 33.9409552 ], [ -6.9021025, 33.9409529 ] ], [ [ -6.9021025, 33.9409529 ], [ -6.9020444, 33.9409482 ], [ -6.901987, 33.9409566 ], [ -6.9019342, 33.9409774 ], [ -6.9019085, 33.9409949 ] ], [ [ -6.9019085, 33.9409949 ], [ -6.9018608, 33.9410442 ], [ -6.901845, 33.9410763 ] ], [ [ -6.901845, 33.9410763 ], [ -6.9018409, 33.9410937 ] ], [ [ -6.9018409, 33.9410937 ], [ -6.901837, 33.9411149 ], [ -6.9018401, 33.9411517 ] ], [ [ -6.9018401, 33.9411517 ], [ -6.9018494, 33.941185 ], [ -6.9018704, 33.9412257 ], [ -6.9018897, 33.941244 ] ], [ [ -6.9018897, 33.941244 ], [ -6.9018347, 33.9412845 ], [ -6.9017779, 33.9413223 ], [ -6.9017154, 33.941372 ], [ -6.9015672, 33.9414674 ], [ -6.9013949, 33.9415837 ], [ -6.9013687, 33.941601 ], [ -6.9012132, 33.9417 ], [ -6.9009436, 33.9418719 ], [ -6.9007894, 33.9419848 ], [ -6.9006781, 33.9420833 ], [ -6.9006043, 33.94216 ], [ -6.9005433, 33.9422396 ], [ -6.9004454, 33.9424042 ], [ -6.9004045, 33.942501 ], [ -6.9003756, 33.94259 ], [ -6.9003522, 33.9427019 ], [ -6.9003448, 33.9428343 ], [ -6.9003481, 33.9429461 ], [ -6.9003522, 33.9431285 ] ], [ [ -6.9003522, 33.9431285 ], [ -6.9003636, 33.9433947 ] ], [ [ -6.9003636, 33.9433947 ], [ -6.9003616, 33.9434134 ], [ -6.9003619, 33.9434423 ], [ -6.9003622, 33.9434937 ], [ -6.9003616, 33.9435508 ], [ -6.9003622, 33.9436055 ], [ -6.9003582, 33.9436526 ], [ -6.9003528, 33.9437015 ], [ -6.9003455, 33.9437563 ], [ -6.9002476, 33.9440131 ], [ -6.9001111, 33.9442379 ], [ -6.8997779, 33.944535 ], [ -6.8985909, 33.9453313 ], [ -6.8979678, 33.9458686 ], [ -6.897794, 33.9460551 ], [ -6.8913517, 33.9536019 ], [ -6.8909522, 33.9540699 ], [ -6.8907701, 33.9542832 ], [ -6.8905098, 33.9545789 ], [ -6.8901585, 33.9550005 ], [ -6.8898369, 33.9553782 ], [ -6.888564, 33.9568949 ], [ -6.8869372, 33.958834 ], [ -6.8868037, 33.9590133 ], [ -6.8867393, 33.9591247 ], [ -6.8866934, 33.9592055 ], [ -6.8854837, 33.9614765 ], [ -6.8854129, 33.9616263 ], [ -6.885196, 33.9620385 ], [ -6.8843119, 33.9637186 ] ], [ [ -6.8843119, 33.9637186 ], [ -6.8838229, 33.9646058 ], [ -6.8835224, 33.9651758 ], [ -6.8835009, 33.9652268 ], [ -6.8834737, 33.9652758 ], [ -6.8833641, 33.9655483 ] ], [ [ -6.8833641, 33.9655483 ], [ -6.883289, 33.9657841 ], [ -6.8832437, 33.9659688 ] ], [ [ -6.8832437, 33.9659688 ], [ -6.8832246, 33.9660466 ], [ -6.8831978, 33.9662468 ], [ -6.8831817, 33.9664737 ], [ -6.8831817, 33.9667985 ], [ -6.8832032, 33.9670432 ], [ -6.883257, 33.967338 ], [ -6.8832971, 33.9675126 ], [ -6.8833102, 33.9675694 ], [ -6.8833811, 33.9678446 ] ], [ [ -6.8833811, 33.9678446 ], [ -6.8834163, 33.9680807 ], [ -6.8834288, 33.9682144 ], [ -6.8834321, 33.9683251 ], [ -6.8834301, 33.9684268 ], [ -6.8834201, 33.9685236 ], [ -6.8834053, 33.9686026 ], [ -6.8833818, 33.968681 ], [ -6.8833463, 33.96876 ], [ -6.883296, 33.9688389 ], [ -6.883243, 33.9688984 ], [ -6.8830975, 33.969043 ], [ -6.8829567, 33.9691776 ], [ -6.8828085, 33.9693294 ], [ -6.8827441, 33.9694107 ], [ -6.8826824, 33.9694885 ], [ -6.8826464, 33.9695333 ], [ -6.882566, 33.9696336 ], [ -6.8824997, 33.9697163 ], [ -6.8823823, 33.9698627 ], [ -6.8822804, 33.9700285 ] ], [ [ -6.8822804, 33.9700285 ], [ -6.8820387, 33.9702687 ], [ -6.8819931, 33.9703299 ], [ -6.8819415, 33.9703877 ] ], [ [ -6.8819415, 33.9703877 ], [ -6.881798, 33.9705823 ], [ -6.8816639, 33.9707264 ], [ -6.8814915, 33.9709282 ], [ -6.8813333, 33.9711245 ], [ -6.8810664, 33.9714348 ], [ -6.880766, 33.9718058 ], [ -6.880652, 33.9719581 ], [ -6.8804897, 33.9721772 ], [ -6.8803556, 33.9723535 ], [ -6.879783, 33.9730497 ], [ -6.8795013, 33.973404 ], [ -6.8792628, 33.9737074 ] ], [ [ -6.8792628, 33.9737074 ], [ -6.8791071, 33.9739128 ], [ -6.8787624, 33.9743715 ], [ -6.8785321, 33.9746774 ] ], [ [ -6.8785321, 33.9746774 ], [ -6.8773134, 33.9761558 ] ], [ [ -6.8773134, 33.9761558 ], [ -6.8772201, 33.976273 ] ], [ [ -6.8772201, 33.976273 ], [ -6.876841, 33.976734 ], [ -6.8762371, 33.9774889 ], [ -6.8753894, 33.9784992 ], [ -6.8750675, 33.9788907 ] ], [ [ -6.8750675, 33.9788907 ], [ -6.8741733, 33.9801086 ], [ -6.8726791, 33.982113 ], [ -6.8721923, 33.9827824 ], [ -6.871912, 33.9831616 ], [ -6.8717323, 33.9833951 ], [ -6.8711489, 33.9841802 ], [ -6.8706206, 33.984902 ], [ -6.870469, 33.9851077 ], [ -6.8700922, 33.9856192 ], [ -6.8698025, 33.9859962 ], [ -6.8692808, 33.9866912 ], [ -6.8692406, 33.9867446 ], [ -6.8685687, 33.9876419 ], [ -6.86844, 33.9878126 ], [ -6.8683219, 33.9879789 ], [ -6.8681999, 33.9881646 ], [ -6.8680631, 33.9883614 ], [ -6.8679182, 33.9885604 ], [ -6.8677707, 33.9887495 ], [ -6.8674857, 33.9891179 ], [ -6.8672024, 33.9894823 ] ], [ [ -6.8672024, 33.9894823 ], [ -6.8671375, 33.9895696 ], [ -6.8669875, 33.9897747 ], [ -6.8667488, 33.9900827 ], [ -6.8664511, 33.9904485 ], [ -6.8661643, 33.9907618 ], [ -6.866124, 33.9908049 ], [ -6.8660957, 33.9908392 ], [ -6.8659902, 33.9909745 ] ], [ [ -6.8659902, 33.9909745 ], [ -6.8659386, 33.9910287 ], [ -6.8658299, 33.9911356 ], [ -6.8657282, 33.991233 ], [ -6.8656569, 33.9913085 ], [ -6.8655632, 33.9914076 ] ], [ [ -6.8655632, 33.9914076 ], [ -6.8655146, 33.9914869 ] ], [ [ -6.8655146, 33.9914869 ], [ -6.8653973, 33.9917044 ], [ -6.8653565, 33.9917814 ], [ -6.8652635, 33.9919964 ], [ -6.8652065, 33.9921114 ], [ -6.8651472, 33.992207 ] ], [ [ -6.8651472, 33.992207 ], [ -6.8650578, 33.9923425 ], [ -6.8649162, 33.9925493 ], [ -6.8647488, 33.9927829 ], [ -6.8644308, 33.993198 ], [ -6.8635293, 33.9945152 ], [ -6.8633846, 33.9947217 ], [ -6.8629715, 33.9953111 ], [ -6.8627834, 33.9955891 ], [ -6.8626588, 33.9957706 ], [ -6.86254, 33.9959574 ], [ -6.8624443, 33.9961193 ], [ -6.8623446, 33.9963194 ], [ -6.8622896, 33.9964362 ], [ -6.8620148, 33.9969826 ], [ -6.8615581, 33.9978706 ], [ -6.8614396, 33.9981046 ], [ -6.8610772, 33.9988202 ], [ -6.8610142, 33.9989438 ], [ -6.8606072, 33.999741 ], [ -6.8605822, 33.9997878 ], [ -6.8605489, 33.9998545 ], [ -6.8603705, 34.000212 ] ], [ [ -6.8603705, 34.000212 ], [ -6.8602167, 34.0005163 ], [ -6.8600706, 34.0008446 ] ], [ [ -6.8600706, 34.0008446 ], [ -6.8600386, 34.0008468 ], [ -6.8600079, 34.0008544 ], [ -6.8599798, 34.0008672 ], [ -6.8599556, 34.0008846 ], [ -6.8599392, 34.0009019 ], [ -6.8599268, 34.0009212 ], [ -6.8599185, 34.0009421 ], [ -6.8599146, 34.0009636 ], [ -6.8599156, 34.000985 ], [ -6.8599207, 34.0010062 ], [ -6.8599302, 34.0010263 ], [ -6.8599436, 34.0010448 ], [ -6.8599608, 34.001061 ] ], [ [ -6.8599608, 34.001061 ], [ -6.8598782, 34.001236 ], [ -6.8598016, 34.0013981 ], [ -6.8596187, 34.0017566 ] ], [ [ -6.8596187, 34.0017566 ], [ -6.8593679, 34.0022482 ], [ -6.8592462, 34.0024905 ], [ -6.8591434, 34.0026952 ], [ -6.8591239, 34.0027332 ] ], [ [ -6.8591239, 34.0027332 ], [ -6.8590873, 34.002806 ], [ -6.8589102, 34.0031584 ], [ -6.8588677, 34.0032335 ] ], [ [ -6.8588677, 34.0032335 ], [ -6.8587558, 34.0034332 ], [ -6.8586911, 34.003525 ], [ -6.8586186, 34.003615 ], [ -6.8583762, 34.0039098 ] ], [ [ -6.8583762, 34.0039098 ], [ -6.8582019, 34.0041046 ] ], [ [ -6.8582019, 34.0041046 ], [ -6.857714, 34.0046419 ], [ -6.8574088, 34.0049717 ], [ -6.856631, 34.0058291 ], [ -6.8562472, 34.006256 ], [ -6.8559551, 34.006581 ], [ -6.854623, 34.0080398 ], [ -6.8545662, 34.0081058 ], [ -6.854508, 34.008165 ], [ -6.8544452, 34.0082209 ], [ -6.8543781, 34.0082733 ] ], [ [ -6.8543781, 34.0082733 ], [ -6.854327, 34.0082499 ], [ -6.8542725, 34.0082325 ], [ -6.8542304, 34.0082226 ], [ -6.8541193, 34.008218 ], [ -6.8540245, 34.0082328 ], [ -6.8539363, 34.0082651 ], [ -6.8538593, 34.0083132 ] ], [ [ -6.8538593, 34.0083132 ], [ -6.8537955, 34.0083772 ], [ -6.8537518, 34.0084519 ] ], [ [ -6.8537518, 34.0084519 ], [ -6.8537312, 34.0085284 ], [ -6.8537317, 34.0086069 ], [ -6.8537534, 34.0086832 ] ], [ [ -6.8537534, 34.0086832 ], [ -6.8537857, 34.0087406 ], [ -6.8538299, 34.0087923 ], [ -6.8538847, 34.0088365 ] ], [ [ -6.8538847, 34.0088365 ], [ -6.8537072, 34.0090482 ], [ -6.8525303, 34.0103569 ], [ -6.8516663, 34.0113088 ] ], [ [ -6.8516663, 34.0113088 ], [ -6.8514461, 34.0115518 ] ], [ [ -6.8514461, 34.0115518 ], [ -6.8514073, 34.0115455 ], [ -6.8513678, 34.0115452 ] ], [ [ -6.8513678, 34.0115452 ], [ -6.8513318, 34.0115502 ], [ -6.8512973, 34.0115602 ], [ -6.8512653, 34.0115748 ] ], [ [ -6.8512653, 34.0115748 ], [ -6.8512361, 34.0115943 ], [ -6.8512115, 34.0116177 ], [ -6.851192, 34.0116443 ], [ -6.8511785, 34.0116733 ] ], [ [ -6.8511785, 34.0116733 ], [ -6.8510967, 34.0117383 ], [ -6.8510113, 34.0118009 ], [ -6.8509236, 34.0118613 ], [ -6.8508337, 34.0119194 ], [ -6.8507468, 34.0119722 ], [ -6.850658, 34.0120229 ], [ -6.8505676, 34.0120715 ], [ -6.8504755, 34.0121178 ], [ -6.8496976, 34.012484 ], [ -6.8494127, 34.0126181 ], [ -6.8493157, 34.0126662 ], [ -6.8492063, 34.0127204 ] ], [ [ -6.8492063, 34.0127204 ], [ -6.8488386, 34.0129297 ], [ -6.8486466, 34.0130648 ], [ -6.8485433, 34.0131527 ], [ -6.8484274, 34.0132809 ], [ -6.8482022, 34.0135324 ], [ -6.8480631, 34.0136977 ], [ -6.8476922, 34.0141384 ], [ -6.8473159, 34.0145908 ], [ -6.8467397, 34.0152763 ], [ -6.8466859, 34.0153404 ], [ -6.8466211, 34.0154135 ], [ -6.8465462, 34.015497 ], [ -6.8460764, 34.0160212 ], [ -6.8453054, 34.0169359 ], [ -6.8452307, 34.0170245 ], [ -6.8451664, 34.0170927 ], [ -6.8445906, 34.017707 ], [ -6.8442797, 34.0180388 ], [ -6.8442393, 34.0180823 ] ], [ [ -6.9101317, 33.9343796 ], [ -6.910104, 33.9345046 ], [ -6.9099645, 33.9347204 ], [ -6.9098988, 33.9348295 ], [ -6.9098445, 33.9349486 ] ], [ [ -6.9096341, 33.9351747 ], [ -6.9098803, 33.9350278 ], [ -6.9099439, 33.9349684 ], [ -6.9099981, 33.9349257 ], [ -6.9104543, 33.9344505 ], [ -6.9106041, 33.9342548 ], [ -6.91097, 33.9337379 ] ], [ [ -6.9108896, 33.9338207 ], [ -6.9107357, 33.9338959 ], [ -6.910578, 33.9340344 ], [ -6.910373, 33.9341837 ] ], [ [ -6.9101818, 33.9343951 ], [ -6.9102478, 33.9343959 ], [ -6.9103095, 33.9343766 ], [ -6.9103583, 33.9343397 ], [ -6.9103873, 33.9342906 ], [ -6.9103925, 33.934236 ], [ -6.910373, 33.9341837 ], [ -6.9103317, 33.934141 ] ], [ [ -6.9100419, 33.9342611 ], [ -6.9100434, 33.9342734 ], [ -6.9100591, 33.9343158 ], [ -6.9100895, 33.9343523 ], [ -6.9101317, 33.9343796 ], [ -6.9101818, 33.9343951 ] ], [ [ -6.9101249, 33.9341279 ], [ -6.910095, 33.9341472 ], [ -6.9100708, 33.9341714 ], [ -6.9100534, 33.9341993 ], [ -6.9100436, 33.9342297 ], [ -6.9100419, 33.9342611 ] ], [ [ -6.9103317, 33.934141 ], [ -6.9102809, 33.9341158 ], [ -6.9102228, 33.9341061 ], [ -6.9101642, 33.9341129 ], [ -6.9101249, 33.9341279 ] ] ] } },
{ "type": "Feature", "properties": { "from_ar": "L36", "name": "L36:Bab El Had→El Maghreb Arabi(Chiga)", "network": "Bus Stades" }, "geometry": { "type": "MultiLineString", "coordinates": [ [ [ -6.8442373, 34.0182385 ], [ -6.8443631, 34.0180921 ], [ -6.8444708, 34.0179719 ], [ -6.8452409, 34.0171124 ], [ -6.8452883, 34.0170595 ], [ -6.845356, 34.016984 ], [ -6.845499, 34.0168243 ], [ -6.8458155, 34.0164542 ], [ -6.8460904, 34.0161441 ], [ -6.8461354, 34.0160931 ], [ -6.8462956, 34.0159117 ], [ -6.8466104, 34.01555 ], [ -6.8466226, 34.0155351 ], [ -6.846687, 34.0154608 ], [ -6.8467983, 34.0153323 ], [ -6.8469675, 34.0151447 ], [ -6.8471647, 34.0149081 ], [ -6.8472585, 34.0147957 ], [ -6.8477197, 34.0142385 ], [ -6.8478955, 34.0140253 ], [ -6.8481494, 34.0137242 ], [ -6.8481852, 34.0136818 ], [ -6.8483505, 34.0134852 ], [ -6.8484579, 34.01336 ], [ -6.8485731, 34.0132402 ], [ -6.8487017, 34.01313 ], [ -6.8488425, 34.0130307 ], [ -6.8489942, 34.012943 ], [ -6.849285, 34.0127933 ], [ -6.8493765, 34.0127462 ], [ -6.8494478, 34.0127094 ], [ -6.8506034, 34.0121556 ], [ -6.8507462, 34.0120884 ], [ -6.8508917, 34.0120252 ], [ -6.8509672, 34.0119945 ], [ -6.8510434, 34.011965 ] ], [ [ -6.8510434, 34.011965 ], [ -6.8511626, 34.0119213 ], [ -6.8512833, 34.0118803 ] ], [ [ -6.8512833, 34.0118803 ], [ -6.8512917, 34.0118839 ], [ -6.8513297, 34.0118961 ], [ -6.8513698, 34.0119022 ], [ -6.8514106, 34.011902 ], [ -6.8514506, 34.0118954 ], [ -6.8514884, 34.0118828 ], [ -6.8515281, 34.0118609 ], [ -6.8515612, 34.0118323 ], [ -6.8515859, 34.0117985 ], [ -6.8516017, 34.0117619 ], [ -6.851606, 34.0117217 ], [ -6.8516005, 34.0116824 ], [ -6.8515844, 34.0116449 ] ], [ [ -6.8515844, 34.0116449 ], [ -6.8516125, 34.0115917 ], [ -6.8516652, 34.0115074 ], [ -6.8517242, 34.0114261 ], [ -6.8517894, 34.0113481 ], [ -6.8519163, 34.011209 ], [ -6.8533078, 34.0096837 ], [ -6.8538313, 34.0090823 ], [ -6.8539871, 34.0088871 ] ], [ [ -6.8539871, 34.0088871 ], [ -6.8540797, 34.0089093 ], [ -6.854176, 34.0089133 ], [ -6.8542708, 34.0088991 ], [ -6.854356, 34.0088689 ], [ -6.8544311, 34.008824 ], [ -6.8544925, 34.0087666 ] ], [ [ -6.8544925, 34.0087666 ], [ -6.8545375, 34.008699 ], [ -6.8545634, 34.0086247 ], [ -6.854569, 34.0085476 ], [ -6.8545705, 34.0085346 ], [ -6.8545589, 34.0084878 ], [ -6.8545366, 34.0084303 ], [ -6.8545026, 34.0083769 ] ], [ [ -6.8545026, 34.0083769 ], [ -6.854574, 34.008272 ], [ -6.8546523, 34.0081709 ], [ -6.8547469, 34.0080646 ], [ -6.8548454, 34.0079569 ], [ -6.8553326, 34.0074281 ], [ -6.8560764, 34.0066113 ], [ -6.856332, 34.0063161 ] ], [ [ -6.856332, 34.0063161 ], [ -6.8564137, 34.0062282 ], [ -6.8566442, 34.0059824 ], [ -6.8567598, 34.005857 ], [ -6.8573906, 34.0051598 ], [ -6.8586116, 34.0038102 ], [ -6.8587081, 34.003688 ], [ -6.858747, 34.003634 ], [ -6.8587891, 34.0035757 ], [ -6.8588475, 34.0034882 ], [ -6.858932, 34.0033496 ], [ -6.8590311, 34.0031633 ], [ -6.8590488, 34.0031268 ] ], [ [ -6.8590488, 34.0031268 ], [ -6.8591811, 34.0028612 ] ], [ [ -6.8591811, 34.0028612 ], [ -6.8592206, 34.002782 ] ], [ [ -6.8592206, 34.002782 ], [ -6.8593313, 34.002559 ] ], [ [ -6.8593313, 34.002559 ], [ -6.8593659, 34.0024897 ], [ -6.8600103, 34.0012392 ], [ -6.8600817, 34.0010975 ] ], [ [ -6.8600817, 34.0010975 ], [ -6.8601022, 34.0010948 ], [ -6.8601222, 34.0010897 ], [ -6.8601503, 34.0010779 ], [ -6.8601748, 34.0010616 ], [ -6.8601949, 34.0010415 ], [ -6.8602095, 34.0010183 ], [ -6.8602181, 34.0009932 ], [ -6.8602198, 34.0009598 ], [ -6.8602109, 34.0009272 ], [ -6.860192, 34.0008977 ], [ -6.8601645, 34.0008732 ] ], [ [ -6.8601645, 34.0008732 ], [ -6.8601997, 34.000804 ], [ -6.8602674, 34.0006709 ], [ -6.8603432, 34.0005218 ] ], [ [ -6.8603432, 34.0005218 ], [ -6.8604547, 34.0002939 ], [ -6.8606763, 33.9998679 ], [ -6.860794, 33.9996415 ], [ -6.8611966, 33.9988367 ], [ -6.861441, 33.9983601 ], [ -6.8615683, 33.9981115 ], [ -6.8616995, 33.9978605 ], [ -6.8619548, 33.9973555 ], [ -6.8621397, 33.9969893 ], [ -6.8622096, 33.9968523 ], [ -6.8624653, 33.9963506 ], [ -6.8625798, 33.9961247 ], [ -6.8626288, 33.9960376 ], [ -6.8627619, 33.9958191 ], [ -6.8629204, 33.9955869 ], [ -6.8632283, 33.995142 ], [ -6.8636569, 33.994536 ], [ -6.8645678, 33.9932246 ], [ -6.8648915, 33.9927903 ], [ -6.8650499, 33.9925888 ], [ -6.8652176, 33.9923829 ], [ -6.8653282, 33.9922508 ], [ -6.8654867, 33.9920906 ], [ -6.8656611, 33.9919285 ], [ -6.8658692, 33.9917203 ] ], [ [ -6.8658692, 33.9917203 ], [ -6.866287, 33.9916145 ], [ -6.8663103, 33.9916117 ], [ -6.8665051, 33.9915789 ], [ -6.8666081, 33.9915616 ], [ -6.867023, 33.9915296 ], [ -6.8672639, 33.9915121 ], [ -6.8677367, 33.9914675 ], [ -6.8678313, 33.9914578 ] ], [ [ -6.8678313, 33.9914578 ], [ -6.8678835, 33.9914525 ], [ -6.8682975, 33.9914105 ], [ -6.8684219, 33.9913963 ], [ -6.8687846, 33.9913565 ] ], [ [ -6.8687846, 33.9913565 ], [ -6.8693336, 33.9912993 ], [ -6.8700861, 33.9912218 ], [ -6.8705, 33.9911808 ], [ -6.8709477, 33.9911369 ], [ -6.8710584, 33.9911252 ], [ -6.8712385, 33.9911173 ] ], [ [ -6.8712385, 33.9911173 ], [ -6.8712741, 33.9911657 ], [ -6.8713137, 33.9911907 ] ], [ [ -6.8713137, 33.9911907 ], [ -6.8713504, 33.9912028 ], [ -6.8713891, 33.9912077 ], [ -6.8714282, 33.9912052 ], [ -6.8714655, 33.9911954 ], [ -6.8714992, 33.9911788 ], [ -6.8715275, 33.9911562 ] ], [ [ -6.8715275, 33.9911562 ], [ -6.8715401, 33.9911416 ], [ -6.8715505, 33.9911258 ], [ -6.8715583, 33.991109 ] ], [ [ -6.8715583, 33.991109 ], [ -6.8715662, 33.991063 ], [ -6.8715558, 33.9910174 ], [ -6.871528, 33.990977 ] ], [ [ -6.871528, 33.990977 ], [ -6.8714878, 33.9909472 ], [ -6.8714383, 33.9909292 ], [ -6.8713845, 33.990925 ] ], [ [ -6.8713845, 33.990925 ], [ -6.8713488, 33.9907343 ], [ -6.8713287, 33.9905786 ], [ -6.871224, 33.9899078 ], [ -6.8712092, 33.9898131 ] ], [ [ -6.8712092, 33.9898131 ], [ -6.8712299, 33.9897756 ], [ -6.8712361, 33.9897347 ], [ -6.8712302, 33.9897021 ], [ -6.871215, 33.9896716 ] ], [ [ -6.871215, 33.9896716 ], [ -6.8712252, 33.9896023 ], [ -6.8712449, 33.9895345 ], [ -6.8713039, 33.9894189 ], [ -6.8729034, 33.9873996 ], [ -6.8741733, 33.9857868 ], [ -6.8745243, 33.9853408 ], [ -6.8748587, 33.9849158 ], [ -6.8749926, 33.9847437 ], [ -6.8757221, 33.9838059 ], [ -6.8767266, 33.9825147 ] ], [ [ -6.8767266, 33.9825147 ], [ -6.8767829, 33.9825094 ] ], [ [ -6.8767829, 33.9825094 ], [ -6.8768311, 33.9824914 ], [ -6.8768693, 33.9824613 ], [ -6.8768935, 33.9824225 ], [ -6.8769007, 33.9823791 ], [ -6.8768904, 33.9823362 ], [ -6.8768635, 33.9822986 ] ], [ [ -6.8768635, 33.9822986 ], [ -6.8769477, 33.9821579 ], [ -6.8769957, 33.9820804 ], [ -6.8770426, 33.9819543 ] ], [ [ -6.8770426, 33.9819543 ], [ -6.8776801, 33.981162 ], [ -6.8779753, 33.9807948 ] ], [ [ -6.8779753, 33.9807948 ], [ -6.8780443, 33.9807379 ], [ -6.8780902, 33.9806827 ], [ -6.8782761, 33.9804573 ], [ -6.8790024, 33.9795422 ], [ -6.8797202, 33.9786376 ], [ -6.8800803, 33.978168 ], [ -6.8802461, 33.9779551 ] ], [ [ -6.8802461, 33.9779551 ], [ -6.8802805, 33.9779382 ], [ -6.8803072, 33.9779135 ], [ -6.8803235, 33.9778832 ], [ -6.8803278, 33.9778502 ], [ -6.8803232, 33.9778263 ], [ -6.8803123, 33.9778039 ] ], [ [ -6.8803123, 33.9778039 ], [ -6.8803402, 33.977763 ], [ -6.8803684, 33.9777233 ], [ -6.8803999, 33.9776757 ], [ -6.8806836, 33.9772592 ], [ -6.8807472, 33.9771658 ], [ -6.8809538, 33.976875 ], [ -6.8814131, 33.9763245 ], [ -6.8816049, 33.9760948 ], [ -6.8820146, 33.9756183 ], [ -6.8820749, 33.9755477 ], [ -6.8822171, 33.9753814 ], [ -6.882427, 33.9751382 ], [ -6.8827159, 33.9748035 ], [ -6.8828088, 33.97467 ], [ -6.8830349, 33.9744219 ] ], [ [ -6.8830349, 33.9744219 ], [ -6.8830994, 33.974418 ], [ -6.8831584, 33.974396 ] ], [ [ -6.8831584, 33.974396 ], [ -6.8832059, 33.974357 ], [ -6.8832335, 33.9743065 ] ], [ [ -6.8832335, 33.9743065 ], [ -6.8832382, 33.9742872 ], [ -6.8832404, 33.9742658 ], [ -6.8832362, 33.9742432 ], [ -6.8832168, 33.9741966 ], [ -6.8831805, 33.9741576 ], [ -6.8831312, 33.9741301 ] ], [ [ -6.8831312, 33.9741301 ], [ -6.8830861, 33.9741185 ], [ -6.8830389, 33.9741167 ], [ -6.8829927, 33.9741249 ] ], [ [ -6.8829927, 33.9741249 ], [ -6.8827925, 33.9740053 ], [ -6.8823592, 33.9737421 ], [ -6.8819929, 33.9735188 ], [ -6.8817643, 33.9733795 ], [ -6.8814749, 33.9732063 ] ], [ [ -6.8814749, 33.9732063 ], [ -6.8814862, 33.9731176 ], [ -6.8814962, 33.9730686 ], [ -6.8815257, 33.9730019 ], [ -6.8815673, 33.9729413 ], [ -6.8816961, 33.9727784 ], [ -6.8818188, 33.972626 ], [ -6.881918, 33.9725087 ], [ -6.8819824, 33.9724247 ], [ -6.8820186, 33.9723663 ], [ -6.8820501, 33.9722962 ], [ -6.8820642, 33.9722351 ], [ -6.8820669, 33.9721711 ], [ -6.8820642, 33.9720844 ], [ -6.8820454, 33.9720065 ], [ -6.8820126, 33.9719242 ], [ -6.8819435, 33.9718241 ], [ -6.881863, 33.9717346 ], [ -6.8817698, 33.97163 ], [ -6.8817061, 33.971555 ], [ -6.8816518, 33.9714793 ], [ -6.881627, 33.9714348 ], [ -6.8816096, 33.971372 ], [ -6.8816062, 33.9713264 ], [ -6.8816075, 33.9712263 ], [ -6.8816189, 33.9711629 ], [ -6.8816364, 33.9710951 ], [ -6.8816679, 33.9709955 ] ], [ [ -6.8816679, 33.9709955 ], [ -6.881863, 33.9707508 ], [ -6.8821943, 33.9703388 ], [ -6.8824793, 33.9700296 ], [ -6.8827079, 33.9697643 ], [ -6.8828548, 33.969593 ], [ -6.8830194, 33.9694306 ] ], [ [ -6.8830194, 33.9694306 ], [ -6.88325, 33.9692132 ], [ -6.8835826, 33.9689268 ], [ -6.8838341, 33.9687505 ], [ -6.884095, 33.9685786 ], [ -6.8844276, 33.9683584 ], [ -6.8847044, 33.968196 ], [ -6.8849915, 33.9680298 ], [ -6.8853066, 33.967864 ], [ -6.8855903, 33.9677283 ], [ -6.8857352, 33.9676749 ], [ -6.8858256, 33.9676571 ], [ -6.8858478, 33.9676527 ], [ -6.8860437, 33.9676548 ] ], [ [ -6.8860437, 33.9676548 ], [ -6.8861521, 33.9676514 ], [ -6.886253, 33.9676183 ], [ -6.8863349, 33.9675593 ], [ -6.8863885, 33.967481 ], [ -6.8864077, 33.9673925 ], [ -6.8863904, 33.9673037 ], [ -6.8863385, 33.9672247 ], [ -6.8862579, 33.9671645 ], [ -6.8861967, 33.9671433 ] ], [ [ -6.8861967, 33.9671433 ], [ -6.8861519, 33.9671306 ], [ -6.8861098, 33.9671248 ], [ -6.8860494, 33.9671249 ] ], [ [ -6.8860494, 33.9671249 ], [ -6.8858854, 33.9671076 ], [ -6.8857767, 33.9670721 ], [ -6.8856681, 33.967012 ], [ -6.8856153, 33.966986 ], [ -6.8854693, 33.9668842 ], [ -6.8850972, 33.9666249 ], [ -6.8842267, 33.9660206 ], [ -6.884084, 33.9659215 ], [ -6.8840227, 33.965869 ], [ -6.8839617, 33.9658151 ], [ -6.883906, 33.9657574 ], [ -6.8838559, 33.9656962 ], [ -6.8838054, 33.9656216 ], [ -6.8837633, 33.9655434 ], [ -6.88373, 33.9654624 ], [ -6.8837057, 33.9653792 ], [ -6.8836914, 33.965328 ], [ -6.883682, 33.965276 ], [ -6.8836775, 33.9652235 ], [ -6.8836798, 33.9651475 ], [ -6.8836923, 33.9650723 ], [ -6.8837325, 33.9649755 ], [ -6.8841339, 33.964314 ], [ -6.8843854, 33.9637983 ], [ -6.8844685, 33.9636354 ] ], [ [ -6.8844685, 33.9636354 ], [ -6.8846219, 33.9633397 ], [ -6.8848878, 33.9628275 ], [ -6.8854253, 33.9618395 ], [ -6.8854532, 33.9617882 ], [ -6.8856315, 33.9614239 ], [ -6.8862975, 33.9601605 ], [ -6.8863784, 33.9600061 ], [ -6.8865983, 33.959599 ], [ -6.8866599, 33.9594832 ], [ -6.8867799, 33.9592697 ], [ -6.8869033, 33.9590661 ], [ -6.8869921, 33.9589362 ], [ -6.8870572, 33.9588476 ], [ -6.8876311, 33.9581429 ], [ -6.888049, 33.9576487 ], [ -6.8882936, 33.9573868 ], [ -6.888587, 33.9570314 ], [ -6.8886541, 33.9569399 ], [ -6.889101, 33.9564088 ], [ -6.8897439, 33.9556838 ], [ -6.8900202, 33.9553796 ], [ -6.8901518, 33.9552249 ], [ -6.890301, 33.9550799 ], [ -6.890435, 33.9549616 ], [ -6.8905213, 33.9549058 ], [ -6.8906334, 33.9548489 ], [ -6.8906858, 33.9548211 ], [ -6.8907146, 33.954799 ], [ -6.8907341, 33.9547758 ], [ -6.8907477, 33.95475 ], [ -6.8907551, 33.9547225 ], [ -6.8907558, 33.9546943 ], [ -6.8907536, 33.9546777 ], [ -6.8907553, 33.9546058 ], [ -6.8907635, 33.9545561 ], [ -6.890783, 33.9545099 ], [ -6.8908139, 33.9544416 ], [ -6.8918347, 33.9531811 ], [ -6.8932899, 33.9514246 ], [ -6.8948594, 33.949593 ], [ -6.8962556, 33.9479665 ], [ -6.8964744, 33.9476866 ], [ -6.8970524, 33.9470414 ], [ -6.8975922, 33.9463649 ], [ -6.8976914, 33.9462531 ], [ -6.8977853, 33.9461447 ], [ -6.8978316, 33.9460957 ], [ -6.8979375, 33.9459778 ], [ -6.8981574, 33.9457697 ], [ -6.8983827, 33.9455989 ], [ -6.8987474, 33.9453201 ], [ -6.8995082, 33.9448212 ], [ -6.899879, 33.9445777 ], [ -6.9001094, 33.9443415 ], [ -6.9002577, 33.9441601 ], [ -6.9003615, 33.9439453 ] ], [ [ -6.9003615, 33.9439453 ], [ -6.9004162, 33.9438169 ], [ -6.9004296, 33.9437527 ], [ -6.9004356, 33.9437199 ], [ -6.900441, 33.9436729 ], [ -6.9004487, 33.9435897 ], [ -6.9004548, 33.9435279 ], [ -6.9004584, 33.9434631 ], [ -6.9004588, 33.9434467 ], [ -6.9004582, 33.9433207 ] ], [ [ -6.9004582, 33.9433207 ], [ -6.9004501, 33.9430491 ] ], [ [ -6.9004501, 33.9430491 ], [ -6.9004468, 33.9429259 ], [ -6.9004454, 33.9428582 ], [ -6.9004548, 33.9427145 ], [ -6.9004796, 33.9425878 ], [ -6.9005205, 33.9424871 ], [ -6.9005647, 33.9423864 ], [ -6.9006264, 33.9422885 ], [ -6.900723, 33.9421604 ], [ -6.9007766, 33.9421105 ], [ -6.9009148, 33.9419987 ], [ -6.9010576, 33.9418975 ], [ -6.9012185, 33.9417968 ], [ -6.9013858, 33.9416958 ], [ -6.9014861, 33.9416349 ], [ -6.9017355, 33.9414914 ], [ -6.9019104, 33.94139 ], [ -6.9020255, 33.9413067 ] ], [ [ -6.9020255, 33.9413067 ], [ -6.9020897, 33.9413055 ], [ -6.9021507, 33.9412889 ], [ -6.9022031, 33.9412581 ], [ -6.9022424, 33.9412158 ], [ -6.902265, 33.9411659 ] ], [ [ -6.902265, 33.9411659 ], [ -6.9024409, 33.941063 ], [ -6.9025938, 33.9409607 ], [ -6.9028808, 33.9408093 ], [ -6.9032085, 33.9405854 ] ], [ [ -6.9096341, 33.9351747 ], [ -6.9091465, 33.9356951 ], [ -6.9086114, 33.9362637 ], [ -6.9082345, 33.9365997 ], [ -6.90758, 33.937116 ], [ -6.9065984, 33.9379071 ], [ -6.9049381, 33.9392055 ], [ -6.9036915, 33.9402308 ], [ -6.9034535, 33.9404227 ], [ -6.9032875, 33.9405329 ], [ -6.9032085, 33.9405854 ] ], [ [ -6.9103317, 33.934141 ], [ -6.9102809, 33.9341158 ], [ -6.9102228, 33.9341061 ], [ -6.9101642, 33.9341129 ], [ -6.9101249, 33.9341279 ] ], [ [ -6.9101249, 33.9341279 ], [ -6.9099039, 33.9340557 ], [ -6.9098186, 33.9340394 ], [ -6.9097321, 33.9340287 ] ], [ [ -6.9021835, 33.929464 ], [ -6.9022961, 33.9295241 ], [ -6.9025268, 33.9296676 ], [ -6.9027936, 33.9298662 ], [ -6.9028915, 33.9299391 ], [ -6.9030511, 33.9300532 ], [ -6.9034059, 33.9303152 ], [ -6.9038244, 33.9306384 ], [ -6.9038758, 33.9306843 ], [ -6.9039027, 33.9307024 ], [ -6.9040372, 33.9308002 ], [ -6.9042538, 33.9309898 ], [ -6.9043721, 33.9310932 ], [ -6.9047316, 33.931363 ], [ -6.9052605, 33.9317669 ], [ -6.9055645, 33.9320036 ], [ -6.9059161, 33.9322766 ], [ -6.9061531, 33.9324506 ], [ -6.9062769, 33.9325377 ], [ -6.9063489, 33.9325785 ], [ -6.9068198, 33.9328101 ], [ -6.9074013, 33.9330703 ], [ -6.9076115, 33.9331679 ], [ -6.9081739, 33.9333963 ], [ -6.9087911, 33.9336214 ], [ -6.9089594, 33.9336838 ], [ -6.9093632, 33.9338618 ], [ -6.9095128, 33.9339272 ], [ -6.9097136, 33.9340202 ], [ -6.9097321, 33.9340287 ] ], [ [ -6.9021835, 33.929464 ], [ -6.9019179, 33.9292459 ], [ -6.9017744, 33.9291524 ], [ -6.901633, 33.9290667 ] ], [ [ -6.901633, 33.9290667 ], [ -6.9016332, 33.9290242 ] ], [ [ -6.9016332, 33.9290242 ], [ -6.9016274, 33.929005 ], [ -6.9016198, 33.9289845 ], [ -6.9015956, 33.9289453 ], [ -6.9015526, 33.9289127 ], [ -6.9015028, 33.9288799 ] ], [ [ -6.9015028, 33.9288799 ], [ -6.9014538, 33.9288666 ], [ -6.9014259, 33.9288634 ], [ -6.901379, 33.9288645 ], [ -6.9012841, 33.9288941 ] ], [ [ -6.9012841, 33.9288941 ], [ -6.9011353, 33.9288547 ], [ -6.901006, 33.9288169 ], [ -6.900952, 33.9288058 ], [ -6.9008564, 33.9287863 ], [ -6.9007116, 33.9287641 ] ], [ [ -6.9007116, 33.9287641 ], [ -6.9005017, 33.92866 ] ], [ [ -6.9005017, 33.92866 ], [ -6.9001865, 33.9285037 ], [ -6.9000035, 33.9284185 ], [ -6.8994945, 33.9281982 ], [ -6.8992461, 33.9280874 ], [ -6.8986221, 33.9278149 ], [ -6.8978074, 33.9274571 ], [ -6.8975902, 33.9273642 ], [ -6.8973682, 33.9272679 ], [ -6.8967077, 33.9269458 ], [ -6.8964422, 33.9268323 ], [ -6.8963657, 33.9267989 ], [ -6.8958608, 33.9265552 ], [ -6.895722, 33.9264962 ] ], [ [ -6.895722, 33.9264962 ], [ -6.8954417, 33.9263126 ], [ -6.8952835, 33.9262258 ], [ -6.8951675, 33.9261646 ], [ -6.8949422, 33.9260478 ] ], [ [ -6.8949422, 33.9260478 ], [ -6.8947814, 33.9259797 ] ], [ [ -6.8947814, 33.9259797 ], [ -6.8947816, 33.9259683 ], [ -6.8947733, 33.9259466 ] ], [ [ -6.8947733, 33.9259466 ], [ -6.8947643, 33.9259232 ], [ -6.8947305, 33.9258851 ], [ -6.8946838, 33.925858 ], [ -6.8946291, 33.9258448 ] ], [ [ -6.8946291, 33.9258448 ], [ -6.89457, 33.9258471 ], [ -6.8945308, 33.9258604 ] ], [ [ -6.8945308, 33.9258604 ], [ -6.8944773, 33.9258324 ], [ -6.8942597, 33.925752 ] ], [ [ -6.8942597, 33.925752 ], [ -6.8941194, 33.9256429 ], [ -6.8938518, 33.9254413 ], [ -6.8936327, 33.925288 ], [ -6.8932567, 33.925007 ], [ -6.8932333, 33.9249896 ], [ -6.8931213, 33.924908 ], [ -6.8929989, 33.9248157 ], [ -6.8928141, 33.9246721 ], [ -6.8927512, 33.9246254 ], [ -6.8924316, 33.9243938 ], [ -6.8921801, 33.9241975 ], [ -6.8919831, 33.9240396 ], [ -6.891966, 33.9240252 ], [ -6.8915415, 33.9237104 ], [ -6.8911342, 33.9234016 ], [ -6.8908572, 33.9231949 ], [ -6.8906847, 33.9230332 ], [ -6.890585, 33.9229584 ], [ -6.8904926, 33.9228891 ], [ -6.890261, 33.9227172 ], [ -6.8900547, 33.9225607 ], [ -6.8898747, 33.9224183 ], [ -6.8893186, 33.9220321 ] ], [ [ -6.8893186, 33.9220321 ], [ -6.8893585, 33.9218613 ], [ -6.889459, 33.9214362 ], [ -6.8895536, 33.9210367 ], [ -6.8895838, 33.9209197 ], [ -6.8896213, 33.9208041 ], [ -6.8896745, 33.9206705 ], [ -6.8897373, 33.9205398 ], [ -6.8898373, 33.9203519 ], [ -6.8899143, 33.9202071 ], [ -6.8899728, 33.9201095 ], [ -6.8900899, 33.919914 ], [ -6.8901363, 33.9198365 ], [ -6.8903356, 33.9194782 ], [ -6.8904361, 33.9192929 ] ], [ [ -6.9098445, 33.9349486 ], [ -6.9096341, 33.9351747 ] ], [ [ -6.9101317, 33.9343796 ], [ -6.910104, 33.9345046 ], [ -6.9099645, 33.9347204 ], [ -6.9098988, 33.9348295 ], [ -6.9098445, 33.9349486 ] ], [ [ -6.9098445, 33.9349486 ], [ -6.9100115, 33.9347883 ], [ -6.9101724, 33.9345991 ], [ -6.9103095, 33.9343766 ] ], [ [ -6.9101818, 33.9343951 ], [ -6.9102478, 33.9343959 ], [ -6.9103095, 33.9343766 ], [ -6.9103583, 33.9343397 ], [ -6.9103873, 33.9342906 ], [ -6.9103925, 33.934236 ], [ -6.910373, 33.9341837 ], [ -6.9103317, 33.934141 ] ], [ [ -6.9100419, 33.9342611 ], [ -6.9100434, 33.9342734 ], [ -6.9100591, 33.9343158 ], [ -6.9100895, 33.9343523 ], [ -6.9101317, 33.9343796 ], [ -6.9101818, 33.9343951 ] ], [ [ -6.9101249, 33.9341279 ], [ -6.910095, 33.9341472 ], [ -6.9100708, 33.9341714 ], [ -6.9100534, 33.9341993 ], [ -6.9100436, 33.9342297 ], [ -6.9100419, 33.9342611 ] ], [ [ -6.9097321, 33.9340287 ], [ -6.9097862, 33.9340886 ], [ -6.9098494, 33.9341419 ], [ -6.9100419, 33.9342611 ] ] ] } },
{ "type": "Feature", "properties": { "from_ar": "L36", "name": "L36:El Maghreb Arabi(Chiga)→Bab El Had", "network": "Bus Stades" }, "geometry": { "type": "MultiLineString", "coordinates": [ [ [ -6.8903714, 33.9193056 ], [ -6.8900533, 33.9198885 ], [ -6.8899836, 33.9200072 ], [ -6.8899315, 33.9200926 ], [ -6.8897999, 33.920326 ], [ -6.8897314, 33.9204595 ], [ -6.8896441, 33.9206489 ], [ -6.8895824, 33.9207896 ], [ -6.889514, 33.9210287 ], [ -6.8894007, 33.9215358 ], [ -6.8892768, 33.9220073 ] ], [ [ -6.8892768, 33.9220073 ], [ -6.8891526, 33.9224701 ], [ -6.8890739, 33.9228195 ], [ -6.8889609, 33.9232696 ], [ -6.8889074, 33.9234632 ], [ -6.8888673, 33.9236304 ], [ -6.8888529, 33.9237198 ], [ -6.8888495, 33.9238003 ], [ -6.8888495, 33.9239178 ], [ -6.8888587, 33.9240382 ], [ -6.8888748, 33.9243207 ], [ -6.8888991, 33.9246723 ], [ -6.8889082, 33.924773 ], [ -6.8889355, 33.9250682 ] ], [ [ -6.8889355, 33.9250682 ], [ -6.8889506, 33.9252086 ], [ -6.8889814, 33.9256786 ], [ -6.8890047, 33.9259448 ], [ -6.8890876, 33.9268788 ], [ -6.8890998, 33.9270147 ], [ -6.8891238, 33.9274175 ], [ -6.8891662, 33.9279038 ], [ -6.8891839, 33.9281278 ], [ -6.8892516, 33.9288575 ], [ -6.8892804, 33.9290832 ], [ -6.8893075, 33.9292143 ], [ -6.8893326, 33.9292899 ], [ -6.8893699, 33.9293619 ], [ -6.8894186, 33.929429 ], [ -6.8894779, 33.92949 ], [ -6.8895737, 33.9295713 ], [ -6.8896405, 33.9296178 ], [ -6.8898133, 33.9297626 ] ], [ [ -6.8898133, 33.9297626 ], [ -6.8898903, 33.92984 ], [ -6.8899445, 33.9298924 ], [ -6.8899916, 33.9299498 ], [ -6.8900706, 33.930088 ] ], [ [ -6.8900706, 33.930088 ], [ -6.8900695, 33.9301176 ], [ -6.8900753, 33.9301469 ] ], [ [ -6.8900753, 33.9301469 ], [ -6.8900916, 33.9301813 ], [ -6.8901172, 33.9302115 ], [ -6.8901506, 33.9302359 ], [ -6.8901901, 33.9302531 ], [ -6.8902333, 33.9302621 ], [ -6.8902779, 33.9302625 ], [ -6.8903213, 33.9302541 ] ], [ [ -6.8903213, 33.9302541 ], [ -6.8903444, 33.9302456 ], [ -6.8903717, 33.9302312 ], [ -6.8903956, 33.9302131 ], [ -6.8904153, 33.9301919 ], [ -6.8904304, 33.9301682 ], [ -6.8904404, 33.9301427 ], [ -6.890445, 33.9301161 ], [ -6.8904451, 33.9300919 ] ], [ [ -6.8904451, 33.9300919 ], [ -6.890546, 33.9300081 ], [ -6.8906319, 33.9299213 ], [ -6.890964, 33.9296301 ], [ -6.8912004, 33.9293752 ], [ -6.8913286, 33.9292369 ], [ -6.8917196, 33.9288298 ], [ -6.8928134, 33.9277034 ], [ -6.892841, 33.927675 ], [ -6.8929533, 33.9275637 ], [ -6.8930693, 33.9274399 ], [ -6.8932781, 33.9272488 ], [ -6.8940249, 33.9265928 ], [ -6.8943638, 33.9262951 ], [ -6.8944785, 33.9261943 ], [ -6.8945639, 33.9261301 ] ], [ [ -6.8945639, 33.9261301 ], [ -6.8945848, 33.9261343 ], [ -6.8946229, 33.9261345 ], [ -6.8946782, 33.9261229 ], [ -6.894726, 33.9260971 ] ], [ [ -6.894726, 33.9260971 ], [ -6.8949276, 33.9261722 ], [ -6.8951802, 33.9262892 ], [ -6.8953854, 33.926371 ], [ -6.895722, 33.9264962 ] ], [ [ -6.9005017, 33.92866 ], [ -6.9001865, 33.9285037 ], [ -6.9000035, 33.9284185 ], [ -6.8994945, 33.9281982 ], [ -6.8992461, 33.9280874 ], [ -6.8986221, 33.9278149 ], [ -6.8978074, 33.9274571 ], [ -6.8975902, 33.9273642 ], [ -6.8973682, 33.9272679 ], [ -6.8967077, 33.9269458 ], [ -6.8964422, 33.9268323 ], [ -6.8963657, 33.9267989 ], [ -6.8958608, 33.9265552 ], [ -6.895722, 33.9264962 ] ], [ [ -6.9007116, 33.9287641 ], [ -6.9005017, 33.92866 ] ], [ [ -6.9007116, 33.9287641 ], [ -6.900805, 33.9288314 ], [ -6.9008873, 33.9288864 ] ], [ [ -6.9008873, 33.9288864 ], [ -6.9009724, 33.9289426 ], [ -6.9010435, 33.9289799 ], [ -6.9011842, 33.9290348 ] ], [ [ -6.9011842, 33.9290348 ], [ -6.9011844, 33.9290639 ] ], [ [ -6.9011844, 33.9290639 ], [ -6.9012029, 33.9291249 ], [ -6.9012473, 33.9291796 ], [ -6.9012914, 33.9292089 ] ], [ [ -6.9012914, 33.9292089 ], [ -6.901329, 33.9292242 ], [ -6.9014068, 33.9292363 ], [ -6.9014705, 33.9292292 ] ], [ [ -6.9014705, 33.9292292 ], [ -6.9015332, 33.9292459 ], [ -6.9017003, 33.9293029 ], [ -6.901794, 33.9293349 ], [ -6.9021835, 33.929464 ] ], [ [ -6.9021835, 33.929464 ], [ -6.9022961, 33.9295241 ], [ -6.9025268, 33.9296676 ], [ -6.9027936, 33.9298662 ], [ -6.9028915, 33.9299391 ], [ -6.9030511, 33.9300532 ], [ -6.9034059, 33.9303152 ], [ -6.9038244, 33.9306384 ], [ -6.9038758, 33.9306843 ], [ -6.9039027, 33.9307024 ], [ -6.9040372, 33.9308002 ], [ -6.9042538, 33.9309898 ], [ -6.9043721, 33.9310932 ], [ -6.9047316, 33.931363 ], [ -6.9052605, 33.9317669 ], [ -6.9055645, 33.9320036 ], [ -6.9059161, 33.9322766 ], [ -6.9061531, 33.9324506 ], [ -6.9062769, 33.9325377 ], [ -6.9063489, 33.9325785 ], [ -6.9068198, 33.9328101 ], [ -6.9074013, 33.9330703 ], [ -6.9076115, 33.9331679 ], [ -6.9081739, 33.9333963 ], [ -6.9087911, 33.9336214 ], [ -6.9089594, 33.9336838 ], [ -6.9093632, 33.9338618 ], [ -6.9095128, 33.9339272 ], [ -6.9097136, 33.9340202 ], [ -6.9097321, 33.9340287 ] ], [ [ -6.9097321, 33.9340287 ], [ -6.9097862, 33.9340886 ], [ -6.9098494, 33.9341419 ], [ -6.9100419, 33.9342611 ] ], [ [ -6.9100419, 33.9342611 ], [ -6.9100434, 33.9342734 ], [ -6.9100591, 33.9343158 ], [ -6.9100895, 33.9343523 ], [ -6.9101317, 33.9343796 ], [ -6.9101818, 33.9343951 ] ], [ [ -6.9098445, 33.9349486 ], [ -6.9096341, 33.9351747 ] ], [ [ -6.9098445, 33.9349486 ], [ -6.9100115, 33.9347883 ], [ -6.9101724, 33.9345991 ], [ -6.9103095, 33.9343766 ] ], [ [ -6.9096341, 33.9351747 ], [ -6.9091465, 33.9356951 ], [ -6.9086114, 33.9362637 ], [ -6.9082345, 33.9365997 ], [ -6.90758, 33.937116 ], [ -6.9065984, 33.9379071 ], [ -6.9049381, 33.9392055 ], [ -6.9036915, 33.9402308 ], [ -6.9034535, 33.9404227 ], [ -6.9032875, 33.9405329 ], [ -6.9032085, 33.9405854 ] ], [ [ -6.9032085, 33.9405854 ], [ -6.9029569, 33.9406839 ], [ -6.9026512, 33.9408361 ], [ -6.9025046, 33.9408941 ], [ -6.9024259, 33.9409203 ], [ -6.9023443, 33.9409393 ], [ -6.9022644, 33.9409507 ], [ -6.9021836, 33.9409552 ], [ -6.9021025, 33.9409529 ] ], [ [ -6.9021025, 33.9409529 ], [ -6.9020444, 33.9409482 ], [ -6.901987, 33.9409566 ], [ -6.9019342, 33.9409774 ], [ -6.9019085, 33.9409949 ] ], [ [ -6.9019085, 33.9409949 ], [ -6.9018608, 33.9410442 ], [ -6.901845, 33.9410763 ] ], [ [ -6.901845, 33.9410763 ], [ -6.9018409, 33.9410937 ] ], [ [ -6.9018409, 33.9410937 ], [ -6.901837, 33.9411149 ], [ -6.9018401, 33.9411517 ] ], [ [ -6.9018401, 33.9411517 ], [ -6.9018494, 33.941185 ], [ -6.9018704, 33.9412257 ], [ -6.9018897, 33.941244 ] ], [ [ -6.9018897, 33.941244 ], [ -6.9018347, 33.9412845 ], [ -6.9017779, 33.9413223 ], [ -6.9017154, 33.941372 ], [ -6.9015672, 33.9414674 ], [ -6.9013949, 33.9415837 ], [ -6.9013687, 33.941601 ], [ -6.9012132, 33.9417 ], [ -6.9009436, 33.9418719 ], [ -6.9007894, 33.9419848 ], [ -6.9006781, 33.9420833 ], [ -6.9006043, 33.94216 ], [ -6.9005433, 33.9422396 ], [ -6.9004454, 33.9424042 ], [ -6.9004045, 33.942501 ], [ -6.9003756, 33.94259 ], [ -6.9003522, 33.9427019 ], [ -6.9003448, 33.9428343 ], [ -6.9003481, 33.9429461 ], [ -6.9003522, 33.9431285 ] ], [ [ -6.9003522, 33.9431285 ], [ -6.9003636, 33.9433947 ] ], [ [ -6.9003636, 33.9433947 ], [ -6.9003616, 33.9434134 ], [ -6.9003619, 33.9434423 ], [ -6.9003622, 33.9434937 ], [ -6.9003616, 33.9435508 ], [ -6.9003622, 33.9436055 ], [ -6.9003582, 33.9436526 ], [ -6.9003528, 33.9437015 ], [ -6.9003455, 33.9437563 ], [ -6.9002476, 33.9440131 ], [ -6.9001111, 33.9442379 ], [ -6.8997779, 33.944535 ], [ -6.8985909, 33.9453313 ], [ -6.8979678, 33.9458686 ], [ -6.897794, 33.9460551 ], [ -6.8913517, 33.9536019 ], [ -6.8909522, 33.9540699 ], [ -6.8907701, 33.9542832 ], [ -6.8905098, 33.9545789 ], [ -6.8901585, 33.9550005 ], [ -6.8898369, 33.9553782 ], [ -6.888564, 33.9568949 ], [ -6.8869372, 33.958834 ], [ -6.8868037, 33.9590133 ], [ -6.8867393, 33.9591247 ], [ -6.8866934, 33.9592055 ], [ -6.8854837, 33.9614765 ], [ -6.8854129, 33.9616263 ], [ -6.885196, 33.9620385 ], [ -6.8843119, 33.9637186 ] ], [ [ -6.8843119, 33.9637186 ], [ -6.8838229, 33.9646058 ], [ -6.8835224, 33.9651758 ], [ -6.8835009, 33.9652268 ], [ -6.8834737, 33.9652758 ], [ -6.8833641, 33.9655483 ] ], [ [ -6.8833641, 33.9655483 ], [ -6.883289, 33.9657841 ], [ -6.8832437, 33.9659688 ] ], [ [ -6.8832437, 33.9659688 ], [ -6.8832246, 33.9660466 ], [ -6.8831978, 33.9662468 ], [ -6.8831817, 33.9664737 ], [ -6.8831817, 33.9667985 ], [ -6.8832032, 33.9670432 ], [ -6.883257, 33.967338 ], [ -6.8832971, 33.9675126 ], [ -6.8833102, 33.9675694 ], [ -6.8833811, 33.9678446 ] ], [ [ -6.8833811, 33.9678446 ], [ -6.8834163, 33.9680807 ], [ -6.8834288, 33.9682144 ], [ -6.8834321, 33.9683251 ], [ -6.8834301, 33.9684268 ], [ -6.8834201, 33.9685236 ], [ -6.8834053, 33.9686026 ], [ -6.8833818, 33.968681 ], [ -6.8833463, 33.96876 ], [ -6.883296, 33.9688389 ], [ -6.883243, 33.9688984 ], [ -6.8830975, 33.969043 ], [ -6.8829567, 33.9691776 ], [ -6.8828085, 33.9693294 ], [ -6.8827441, 33.9694107 ], [ -6.8826824, 33.9694885 ], [ -6.8826464, 33.9695333 ], [ -6.882566, 33.9696336 ], [ -6.8824997, 33.9697163 ], [ -6.8823823, 33.9698627 ], [ -6.8822804, 33.9700285 ] ], [ [ -6.8822804, 33.9700285 ], [ -6.8820387, 33.9702687 ], [ -6.8819931, 33.9703299 ], [ -6.8819415, 33.9703877 ] ], [ [ -6.8819415, 33.9703877 ], [ -6.881798, 33.9705823 ], [ -6.8816639, 33.9707264 ], [ -6.8814915, 33.9709282 ], [ -6.8813333, 33.9711245 ], [ -6.8810664, 33.9714348 ], [ -6.880766, 33.9718058 ], [ -6.880652, 33.9719581 ], [ -6.8804897, 33.9721772 ], [ -6.8803556, 33.9723535 ], [ -6.879783, 33.9730497 ], [ -6.8795013, 33.973404 ], [ -6.8792628, 33.9737074 ] ], [ [ -6.8792628, 33.9737074 ], [ -6.8791138, 33.973761 ], [ -6.8790253, 33.9737888 ], [ -6.8789522, 33.9738032 ], [ -6.8788328, 33.973811 ], [ -6.8787329, 33.9738004 ], [ -6.8786497, 33.9737832 ], [ -6.8785854, 33.973756 ], [ -6.8785243, 33.9737209 ], [ -6.8784606, 33.9736681 ], [ -6.8783842, 33.9735886 ], [ -6.8783453, 33.9735313 ], [ -6.8783151, 33.9734735 ], [ -6.8782943, 33.9734006 ], [ -6.878291, 33.9733333 ], [ -6.8782997, 33.9732683 ], [ -6.8783319, 33.9731326 ], [ -6.878354, 33.973077 ], [ -6.8783842, 33.9730041 ], [ -6.8784425, 33.9728868 ], [ -6.8785083, 33.972785 ], [ -6.8785612, 33.97271 ], [ -6.8786283, 33.9726249 ], [ -6.8787215, 33.9725303 ], [ -6.8787986, 33.9724497 ], [ -6.8788764, 33.9723846 ], [ -6.8789582, 33.9723229 ], [ -6.8790541, 33.9722617 ], [ -6.8791486, 33.9722139 ], [ -6.8792365, 33.9721817 ], [ -6.8793169, 33.9721622 ], [ -6.8794132, 33.972141 ] ], [ [ -6.8794132, 33.972141 ], [ -6.8795399, 33.9722085 ], [ -6.8799548, 33.9724142 ] ], [ [ -6.8799548, 33.9724142 ], [ -6.8805526, 33.9727571 ] ], [ [ -6.8805526, 33.9727571 ], [ -6.8810844, 33.973111 ], [ -6.8813336, 33.9732608 ], [ -6.8815213, 33.9733736 ], [ -6.881632, 33.9734402 ], [ -6.8819311, 33.9736201 ], [ -6.8819336, 33.9736216 ], [ -6.8819739, 33.9736456 ], [ -6.8824328, 33.9739358 ], [ -6.8826389, 33.9740661 ] ], [ [ -6.8826389, 33.9740661 ], [ -6.8827387, 33.9742035 ], [ -6.8827643, 33.9742481 ], [ -6.8827837, 33.9743004 ], [ -6.8827911, 33.9743404 ], [ -6.8827919, 33.974403 ], [ -6.8827803, 33.9744611 ], [ -6.8827729, 33.9744974 ], [ -6.8827608, 33.9745482 ] ], [ [ -6.8827608, 33.9745482 ], [ -6.8827105, 33.9746143 ] ], [ [ -6.8827105, 33.9746143 ], [ -6.882316, 33.9750895 ], [ -6.8822023, 33.9752268 ], [ -6.8819207, 33.975556 ], [ -6.8815035, 33.9760396 ], [ -6.8813165, 33.9762583 ], [ -6.8811429, 33.976459 ], [ -6.8810048, 33.9766376 ], [ -6.880642, 33.9771069 ], [ -6.8802129, 33.9777483 ] ], [ [ -6.8802129, 33.9777483 ], [ -6.8801821, 33.9777484 ], [ -6.8801522, 33.9777546 ], [ -6.8801249, 33.9777665 ] ], [ [ -6.8801249, 33.9777665 ], [ -6.8801008, 33.9777842 ], [ -6.8800828, 33.9778063 ], [ -6.8800718, 33.9778313 ], [ -6.8800687, 33.9778579 ] ], [ [ -6.8800687, 33.9778579 ], [ -6.8800774, 33.977894 ], [ -6.8801002, 33.9779255 ], [ -6.8801346, 33.9779488 ] ], [ [ -6.8801346, 33.9779488 ], [ -6.8800011, 33.9781353 ], [ -6.8796474, 33.9785966 ], [ -6.8782046, 33.9804202 ], [ -6.8780291, 33.9806451 ], [ -6.8779975, 33.9807027 ], [ -6.8779753, 33.9807948 ] ], [ [ -6.8770426, 33.9819543 ], [ -6.8776801, 33.981162 ], [ -6.8779753, 33.9807948 ] ], [ [ -6.8770426, 33.9819543 ], [ -6.8769322, 33.9820447 ], [ -6.8768841, 33.9821055 ], [ -6.8767806, 33.9822561 ] ], [ [ -6.8767806, 33.9822561 ], [ -6.8767322, 33.9822527 ], [ -6.8766741, 33.9822656 ], [ -6.8766262, 33.9822956 ], [ -6.8765953, 33.9823384 ], [ -6.8765859, 33.9823876 ], [ -6.8765994, 33.9824361 ], [ -6.8766339, 33.9824769 ] ], [ [ -6.8766339, 33.9824769 ], [ -6.8762123, 33.9830359 ], [ -6.8756376, 33.9837643 ], [ -6.8749063, 33.9846912 ], [ -6.8747649, 33.9848704 ], [ -6.8744299, 33.9852949 ], [ -6.8740822, 33.9857356 ], [ -6.8728062, 33.9873512 ], [ -6.8714478, 33.9891066 ], [ -6.8714239, 33.9891375 ], [ -6.8712298, 33.9893614 ], [ -6.8711311, 33.9894885 ], [ -6.8710783, 33.9895492 ], [ -6.8710232, 33.9896084 ] ], [ [ -6.8710232, 33.9896084 ], [ -6.8709712, 33.989631 ], [ -6.8709321, 33.9896672 ] ], [ [ -6.8709321, 33.9896672 ], [ -6.8709109, 33.9897125 ], [ -6.8709082, 33.989747 ], [ -6.8709161, 33.9897808 ], [ -6.8709364, 33.9898149 ], [ -6.8709672, 33.9898431 ], [ -6.8710063, 33.989863 ], [ -6.8710504, 33.9898732 ], [ -6.8710963, 33.9898729 ], [ -6.8711403, 33.9898621 ], [ -6.8711789, 33.9898416 ], [ -6.8712092, 33.9898131 ] ], [ [ -6.8713845, 33.990925 ], [ -6.8713488, 33.9907343 ], [ -6.8713287, 33.9905786 ], [ -6.871224, 33.9899078 ], [ -6.8712092, 33.9898131 ] ], [ [ -6.8713845, 33.990925 ], [ -6.8713213, 33.9909388 ], [ -6.8712796, 33.9909647 ], [ -6.8712538, 33.9909871 ], [ -6.8712352, 33.9910178 ] ], [ [ -6.8712352, 33.9910178 ], [ -6.870917, 33.9910467 ], [ -6.8700525, 33.9911339 ], [ -6.8697926, 33.9911657 ] ], [ [ -6.8697926, 33.9911657 ], [ -6.8696852, 33.9911756 ], [ -6.8692974, 33.9912122 ], [ -6.869009, 33.9912434 ], [ -6.8683815, 33.9913118 ], [ -6.8680022, 33.9913521 ], [ -6.8678389, 33.9913662 ] ], [ [ -6.8678389, 33.9913662 ], [ -6.8677033, 33.9913779 ], [ -6.8674127, 33.9914029 ], [ -6.8672291, 33.9914188 ], [ -6.8670862, 33.9914216 ] ], [ [ -6.8670862, 33.9914216 ], [ -6.8669982, 33.9914248 ], [ -6.8669346, 33.9914158 ], [ -6.8668283, 33.9913921 ], [ -6.8667258, 33.9913587 ], [ -6.8666013, 33.9913017 ], [ -6.8665671, 33.9912803 ], [ -6.8664907, 33.9912261 ], [ -6.8663951, 33.9911397 ] ], [ [ -6.8663951, 33.9911397 ], [ -6.8663687, 33.9911044 ], [ -6.8663398, 33.9910657 ], [ -6.8663037, 33.9910312 ], [ -6.8662607, 33.9910028 ], [ -6.8662121, 33.9909815 ], [ -6.8661596, 33.9909678 ], [ -6.866105, 33.9909624 ], [ -6.8660502, 33.9909654 ], [ -6.8659902, 33.9909745 ] ], [ [ -6.8659902, 33.9909745 ], [ -6.8659386, 33.9910287 ], [ -6.8658299, 33.9911356 ], [ -6.8657282, 33.991233 ], [ -6.8656569, 33.9913085 ], [ -6.8655632, 33.9914076 ] ], [ [ -6.8655632, 33.9914076 ], [ -6.8655146, 33.9914869 ] ], [ [ -6.8655146, 33.9914869 ], [ -6.8653973, 33.9917044 ], [ -6.8653565, 33.9917814 ], [ -6.8652635, 33.9919964 ], [ -6.8652065, 33.9921114 ], [ -6.8651472, 33.992207 ] ], [ [ -6.8651472, 33.992207 ], [ -6.8650578, 33.9923425 ], [ -6.8649162, 33.9925493 ], [ -6.8647488, 33.9927829 ], [ -6.8644308, 33.993198 ], [ -6.8635293, 33.9945152 ], [ -6.8633846, 33.9947217 ], [ -6.8629715, 33.9953111 ], [ -6.8627834, 33.9955891 ], [ -6.8626588, 33.9957706 ], [ -6.86254, 33.9959574 ], [ -6.8624443, 33.9961193 ], [ -6.8623446, 33.9963194 ], [ -6.8622896, 33.9964362 ], [ -6.8620148, 33.9969826 ], [ -6.8615581, 33.9978706 ], [ -6.8614396, 33.9981046 ], [ -6.8610772, 33.9988202 ], [ -6.8610142, 33.9989438 ], [ -6.8606072, 33.999741 ], [ -6.8605822, 33.9997878 ], [ -6.8605489, 33.9998545 ], [ -6.8603705, 34.000212 ] ], [ [ -6.8603705, 34.000212 ], [ -6.8602167, 34.0005163 ], [ -6.8600706, 34.0008446 ] ], [ [ -6.8600706, 34.0008446 ], [ -6.8600386, 34.0008468 ], [ -6.8600079, 34.0008544 ], [ -6.8599798, 34.0008672 ], [ -6.8599556, 34.0008846 ], [ -6.8599392, 34.0009019 ], [ -6.8599268, 34.0009212 ], [ -6.8599185, 34.0009421 ], [ -6.8599146, 34.0009636 ], [ -6.8599156, 34.000985 ], [ -6.8599207, 34.0010062 ], [ -6.8599302, 34.0010263 ], [ -6.8599436, 34.0010448 ], [ -6.8599608, 34.001061 ] ], [ [ -6.8599608, 34.001061 ], [ -6.8598782, 34.001236 ], [ -6.8598016, 34.0013981 ], [ -6.8596187, 34.0017566 ] ], [ [ -6.8596187, 34.0017566 ], [ -6.8593679, 34.0022482 ], [ -6.8592462, 34.0024905 ], [ -6.8591434, 34.0026952 ], [ -6.8591239, 34.0027332 ] ], [ [ -6.8591239, 34.0027332 ], [ -6.8590873, 34.002806 ], [ -6.8589102, 34.0031584 ], [ -6.8588677, 34.0032335 ] ], [ [ -6.8588677, 34.0032335 ], [ -6.8587558, 34.0034332 ], [ -6.8586911, 34.003525 ], [ -6.8586186, 34.003615 ], [ -6.8583762, 34.0039098 ] ], [ [ -6.8583762, 34.0039098 ], [ -6.8582019, 34.0041046 ] ], [ [ -6.8582019, 34.0041046 ], [ -6.857714, 34.0046419 ], [ -6.8574088, 34.0049717 ], [ -6.856631, 34.0058291 ], [ -6.8562472, 34.006256 ], [ -6.8559551, 34.006581 ], [ -6.854623, 34.0080398 ], [ -6.8545662, 34.0081058 ], [ -6.854508, 34.008165 ], [ -6.8544452, 34.0082209 ], [ -6.8543781, 34.0082733 ] ], [ [ -6.8543781, 34.0082733 ], [ -6.854327, 34.0082499 ], [ -6.8542725, 34.0082325 ], [ -6.8542304, 34.0082226 ], [ -6.8541193, 34.008218 ], [ -6.8540245, 34.0082328 ], [ -6.8539363, 34.0082651 ], [ -6.8538593, 34.0083132 ] ], [ [ -6.8538593, 34.0083132 ], [ -6.8537955, 34.0083772 ], [ -6.8537518, 34.0084519 ] ], [ [ -6.8537518, 34.0084519 ], [ -6.8537312, 34.0085284 ], [ -6.8537317, 34.0086069 ], [ -6.8537534, 34.0086832 ] ], [ [ -6.8537534, 34.0086832 ], [ -6.8537857, 34.0087406 ], [ -6.8538299, 34.0087923 ], [ -6.8538847, 34.0088365 ] ], [ [ -6.8538847, 34.0088365 ], [ -6.8537072, 34.0090482 ], [ -6.8525303, 34.0103569 ], [ -6.8516663, 34.0113088 ] ], [ [ -6.8516663, 34.0113088 ], [ -6.8514461, 34.0115518 ] ], [ [ -6.8514461, 34.0115518 ], [ -6.8514073, 34.0115455 ], [ -6.8513678, 34.0115452 ] ], [ [ -6.8513678, 34.0115452 ], [ -6.8513318, 34.0115502 ], [ -6.8512973, 34.0115602 ], [ -6.8512653, 34.0115748 ] ], [ [ -6.8512653, 34.0115748 ], [ -6.8512361, 34.0115943 ], [ -6.8512115, 34.0116177 ], [ -6.851192, 34.0116443 ], [ -6.8511785, 34.0116733 ] ], [ [ -6.8511785, 34.0116733 ], [ -6.8510967, 34.0117383 ], [ -6.8510113, 34.0118009 ], [ -6.8509236, 34.0118613 ], [ -6.8508337, 34.0119194 ], [ -6.8507468, 34.0119722 ], [ -6.850658, 34.0120229 ], [ -6.8505676, 34.0120715 ], [ -6.8504755, 34.0121178 ], [ -6.8496976, 34.012484 ], [ -6.8494127, 34.0126181 ], [ -6.8493157, 34.0126662 ], [ -6.8492063, 34.0127204 ] ], [ [ -6.8492063, 34.0127204 ], [ -6.8488386, 34.0129297 ], [ -6.8486466, 34.0130648 ], [ -6.8485433, 34.0131527 ], [ -6.8484274, 34.0132809 ], [ -6.8482022, 34.0135324 ], [ -6.8480631, 34.0136977 ], [ -6.8476922, 34.0141384 ], [ -6.8473159, 34.0145908 ], [ -6.8467397, 34.0152763 ], [ -6.8466859, 34.0153404 ], [ -6.8466211, 34.0154135 ], [ -6.8465462, 34.015497 ], [ -6.8460764, 34.0160212 ], [ -6.8453054, 34.0169359 ], [ -6.8452307, 34.0170245 ], [ -6.8451664, 34.0170927 ], [ -6.8445906, 34.017707 ], [ -6.8442797, 34.0180388 ], [ -6.8442393, 34.0180823 ] ], [ [ -6.9101249, 33.9341279 ], [ -6.9099039, 33.9340557 ], [ -6.9098186, 33.9340394 ], [ -6.9097321, 33.9340287 ] ], [ [ -6.9103317, 33.934141 ], [ -6.9102809, 33.9341158 ], [ -6.9102228, 33.9341061 ], [ -6.9101642, 33.9341129 ], [ -6.9101249, 33.9341279 ] ], [ [ -6.9101249, 33.9341279 ], [ -6.910095, 33.9341472 ], [ -6.9100708, 33.9341714 ], [ -6.9100534, 33.9341993 ], [ -6.9100436, 33.9342297 ], [ -6.9100419, 33.9342611 ] ], [ [ -6.9101818, 33.9343951 ], [ -6.9102478, 33.9343959 ], [ -6.9103095, 33.9343766 ], [ -6.9103583, 33.9343397 ], [ -6.9103873, 33.9342906 ], [ -6.9103925, 33.934236 ], [ -6.910373, 33.9341837 ], [ -6.9103317, 33.934141 ] ], [ [ -6.9101317, 33.9343796 ], [ -6.910104, 33.9345046 ], [ -6.9099645, 33.9347204 ], [ -6.9098988, 33.9348295 ], [ -6.9098445, 33.9349486 ] ] ] } },
{ "type": "Feature", "properties": { "from_ar": "oncf", "name": "TNR - ATLAS - BORAQ", "network": "Train" }, "geometry": { "type": "MultiLineString", "coordinates": [ [ [ -6.578178, 34.2528207 ], [ -6.5785793, 34.2526342 ], [ -6.5788068, 34.2525406 ], [ -6.5796586, 34.2521926 ], [ -6.5818162, 34.2514611 ], [ -6.5846193, 34.2505107 ], [ -6.5853416, 34.2502658 ], [ -6.5859026, 34.2500944 ], [ -6.5868707, 34.2498282 ] ], [ [ -6.5946622, 34.2464557 ], [ -6.5939163, 34.2470085 ], [ -6.5932114, 34.2474442 ], [ -6.5928458, 34.2476479 ], [ -6.591789, 34.2481404 ], [ -6.5899355, 34.2487736 ], [ -6.5878885, 34.249472 ], [ -6.5877884, 34.249507 ], [ -6.5874026, 34.249642 ], [ -6.5872734, 34.2496873 ], [ -6.5870746, 34.2497568 ], [ -6.5868707, 34.2498282 ] ], [ [ -6.5946622, 34.2464557 ], [ -6.59538, 34.2458145 ], [ -6.5962229, 34.2449661 ], [ -6.596464, 34.2446462 ], [ -6.5967518, 34.2441649 ], [ -6.597027, 34.2436731 ], [ -6.5977129, 34.2421014 ], [ -6.5979183, 34.2416097 ], [ -6.5985537, 34.2400885 ], [ -6.5991343, 34.238912 ], [ -6.6019353, 34.2351614 ], [ -6.6063755, 34.2293627 ], [ -6.6075682, 34.2279608 ], [ -6.6091887, 34.2265064 ], [ -6.6119554, 34.223335 ], [ -6.6137789, 34.2204304 ], [ -6.6153744, 34.2180382 ], [ -6.6180547, 34.2149985 ], [ -6.6211612, 34.211464 ], [ -6.6220274, 34.2107341 ], [ -6.6229241, 34.2101179 ], [ -6.6240776, 34.2095068 ], [ -6.6258483, 34.2087678 ], [ -6.631076, 34.2066391 ], [ -6.6329959, 34.205809 ], [ -6.6354738, 34.2044243 ], [ -6.6358962, 34.2041427 ], [ -6.6392188, 34.2019872 ], [ -6.6416408, 34.2001412 ], [ -6.6420488, 34.1997902 ], [ -6.6423756, 34.1994439 ], [ -6.6452626, 34.1962608 ], [ -6.6492204, 34.1917817 ], [ -6.6544054, 34.1856854 ], [ -6.6571998, 34.182449 ], [ -6.6587086, 34.1809451 ], [ -6.6590519, 34.1806029 ], [ -6.6603799, 34.1792792 ], [ -6.6641823, 34.1753333 ], [ -6.6659648, 34.1735355 ], [ -6.6669772, 34.1725143 ], [ -6.6674223, 34.1720653 ], [ -6.668281, 34.1711992 ], [ -6.6699618, 34.1696891 ], [ -6.6714246, 34.1686621 ], [ -6.6725773, 34.1680865 ], [ -6.674046, 34.1674778 ], [ -6.6763247, 34.1668293 ], [ -6.6818115, 34.1654034 ], [ -6.6853138, 34.164474 ], [ -6.6866429, 34.1639614 ], [ -6.6881204, 34.163303 ], [ -6.6900805, 34.162333 ], [ -6.6948207, 34.1598996 ], [ -6.6969344, 34.1590177 ], [ -6.7000502, 34.1578703 ], [ -6.7021721, 34.1569148 ], [ -6.7037951, 34.1559225 ], [ -6.7056646, 34.1543551 ], [ -6.7103043, 34.1501907 ], [ -6.7166656, 34.144505 ], [ -6.7192732, 34.1420389 ], [ -6.721006, 34.140472 ], [ -6.7240551, 34.1380203 ], [ -6.7252763, 34.136747 ], [ -6.726374, 34.1351248 ], [ -6.7276459, 34.1332816 ], [ -6.7285704, 34.1321405 ], [ -6.7298375, 34.1309644 ], [ -6.7307437, 34.1301474 ], [ -6.7333938, 34.1276177 ], [ -6.7340275, 34.1269526 ], [ -6.7343465, 34.126598 ], [ -6.7346552, 34.1262549 ], [ -6.7360105, 34.1247484 ], [ -6.7371542, 34.1234749 ], [ -6.7380155, 34.122511 ], [ -6.741604, 34.1187198 ], [ -6.7418379, 34.1184412 ] ], [ [ -6.7418379, 34.1184412 ], [ -6.7430662, 34.1171493 ], [ -6.7465649, 34.113252 ], [ -6.7499298, 34.109513 ], [ -6.7524917, 34.1066824 ], [ -6.7535048, 34.1055854 ], [ -6.7556171, 34.1032576 ], [ -6.7568303, 34.1019258 ], [ -6.7593632, 34.0991218 ], [ -6.7617117, 34.096514 ], [ -6.7647537, 34.0931651 ], [ -6.7688326, 34.0888561 ], [ -6.7724293, 34.085077 ], [ -6.7753025, 34.0820432 ], [ -6.779161, 34.0783693 ], [ -6.7832741, 34.0746899 ], [ -6.7851377, 34.0730338 ], [ -6.7868036, 34.0715045 ], [ -6.7887322, 34.0697337 ], [ -6.7902509, 34.0683378 ], [ -6.7904674, 34.0681391 ] ], [ [ -6.7904674, 34.0681391 ], [ -6.7906291, 34.0679881 ] ], [ [ -6.7906291, 34.0679881 ], [ -6.7934252, 34.0654354 ], [ -6.7971929, 34.0619114 ], [ -6.8000683, 34.0584983 ], [ -6.8021916, 34.0559619 ], [ -6.8029278, 34.0550775 ], [ -6.8036164, 34.0542503 ], [ -6.8050469, 34.0525909 ], [ -6.8051203, 34.0525026 ], [ -6.8064902, 34.0508546 ], [ -6.8075573, 34.0496076 ], [ -6.8079588, 34.0491383 ], [ -6.8090761, 34.0478153 ], [ -6.8092382, 34.0476233 ], [ -6.8098707, 34.0468744 ], [ -6.8103088, 34.0463564 ], [ -6.8120671, 34.0442771 ], [ -6.8124678, 34.0437467 ], [ -6.8127892, 34.0432502 ], [ -6.813169, 34.0426002 ], [ -6.8135059, 34.0419482 ], [ -6.8135791, 34.0417807 ], [ -6.8138382, 34.0411882 ], [ -6.8142718, 34.0402559 ], [ -6.8148385, 34.0391586 ], [ -6.8151433, 34.0385315 ], [ -6.8154212, 34.0379598 ], [ -6.8157407, 34.0372549 ], [ -6.8162599, 34.0361588 ], [ -6.8164422, 34.0356574 ] ], [ [ -6.8164422, 34.0356574 ], [ -6.816537, 34.0352939 ], [ -6.8165856, 34.0348743 ] ], [ [ -6.8165856, 34.0348743 ], [ -6.8165599, 34.0344018 ], [ -6.8164774, 34.0340233 ], [ -6.8162837, 34.0332351 ] ], [ [ -6.8162837, 34.0332351 ], [ -6.8161219, 34.0326372 ], [ -6.8158894, 34.0318337 ] ], [ [ -6.8158894, 34.0318337 ], [ -6.8157141, 34.031227 ], [ -6.8155492, 34.0307949 ], [ -6.8152514, 34.0302473 ], [ -6.8150085, 34.0299287 ], [ -6.814784, 34.0296557 ], [ -6.814357, 34.029246 ], [ -6.8139146, 34.0289199 ], [ -6.8126019, 34.0281374 ] ], [ [ -6.8126019, 34.0281374 ], [ -6.8117773, 34.0276587 ] ], [ [ -6.8117773, 34.0276587 ], [ -6.8112972, 34.0273883 ], [ -6.8107191, 34.0270744 ], [ -6.8101563, 34.0267881 ], [ -6.8097811, 34.0266134 ], [ -6.8094455, 34.0264609 ], [ -6.8090487, 34.0262944 ], [ -6.8086813, 34.0261639 ], [ -6.8083413, 34.0260588 ], [ -6.8080473, 34.0259707 ], [ -6.8067756, 34.025579 ], [ -6.8045307, 34.0248572 ], [ -6.8031938, 34.0243922 ], [ -6.8029013, 34.0242725 ], [ -6.8026346, 34.0241654 ], [ -6.8024041, 34.0240461 ], [ -6.802231, 34.0239367 ], [ -6.8018823, 34.0236818 ], [ -6.8017054, 34.0235468 ], [ -6.8014859, 34.0233107 ], [ -6.8012922, 34.0230737 ], [ -6.8011276, 34.022852 ] ], [ [ -6.800801, 34.0221336 ], [ -6.8011276, 34.022852 ] ], [ [ -6.805977, 34.0178506 ], [ -6.8055925, 34.0178127 ], [ -6.8052804, 34.0177836 ], [ -6.8049139, 34.0177726 ], [ -6.804555, 34.0177876 ], [ -6.8042012, 34.0178065 ], [ -6.8038709, 34.0178517 ], [ -6.803527, 34.0179217 ], [ -6.8032795, 34.0179865 ], [ -6.8029752, 34.0180993 ], [ -6.8028089, 34.0181703 ], [ -6.8025493, 34.0182852 ], [ -6.8023603, 34.0184058 ], [ -6.8021889, 34.0185082 ], [ -6.8020322, 34.0186169 ], [ -6.8019269, 34.0187099 ], [ -6.8017668, 34.0188422 ], [ -6.8014085, 34.0191613 ], [ -6.8012415, 34.0194086 ], [ -6.8010715, 34.0196692 ], [ -6.8008923, 34.0199794 ], [ -6.8007844, 34.0202792 ], [ -6.800741, 34.0204077 ], [ -6.8007146, 34.0205307 ], [ -6.8006787, 34.0206795 ], [ -6.8006575, 34.0208037 ], [ -6.8006533, 34.0209183 ], [ -6.8006401, 34.0211242 ], [ -6.8006405, 34.0213052 ], [ -6.8006421, 34.0214803 ], [ -6.8006798, 34.0216944 ], [ -6.8007438, 34.0219795 ], [ -6.800801, 34.0221336 ] ], [ [ -6.8083374, 34.0181004 ], [ -6.805977, 34.0178506 ] ], [ [ -6.8216734, 34.0171494 ], [ -6.8201902, 34.0171067 ], [ -6.819503, 34.0170818 ], [ -6.8187013, 34.0170556 ], [ -6.8178475, 34.017025 ], [ -6.817093, 34.0170148 ], [ -6.8167339, 34.0170196 ], [ -6.8162167, 34.0170434 ], [ -6.8158571, 34.017072 ], [ -6.8154955, 34.0171104 ], [ -6.8152663, 34.0171394 ], [ -6.8149417, 34.017189 ], [ -6.8145796, 34.0172523 ], [ -6.8141983, 34.0173259 ], [ -6.8139088, 34.0173892 ], [ -6.813594, 34.0174552 ], [ -6.813327, 34.0175168 ], [ -6.8130753, 34.0175711 ], [ -6.8129681, 34.0175942 ], [ -6.8126798, 34.0176564 ], [ -6.8123825, 34.0177199 ], [ -6.8122272, 34.0177527 ], [ -6.8119053, 34.0178206 ], [ -6.8114, 34.0179306 ], [ -6.8109539, 34.0180255 ], [ -6.8106755, 34.0180771 ], [ -6.8103865, 34.0181224 ], [ -6.8101445, 34.0181526 ], [ -6.8098433, 34.0181733 ], [ -6.8094473, 34.0181846 ], [ -6.8091006, 34.0181721 ], [ -6.8087857, 34.018145 ], [ -6.8083374, 34.0181004 ] ], [ [ -6.8359233, 34.01629 ], [ -6.8355686, 34.016409 ], [ -6.8352361, 34.0164769 ], [ -6.8345766, 34.0165428 ], [ -6.8339095, 34.0165887 ], [ -6.8326866, 34.0166385 ], [ -6.8324473, 34.0166482 ], [ -6.8323659, 34.0166513 ], [ -6.8317306, 34.0166783 ], [ -6.8309689, 34.016713 ], [ -6.8262654, 34.0169273 ], [ -6.8235222, 34.0170471 ], [ -6.8231667, 34.0170638 ], [ -6.8225085, 34.0171006 ], [ -6.8220438, 34.01712 ], [ -6.8216734, 34.0171494 ] ], [ [ -6.8382653, 34.0153 ], [ -6.8378875, 34.0154812 ], [ -6.8375051, 34.0156558 ], [ -6.8371184, 34.0158236 ], [ -6.8367276, 34.0159847 ], [ -6.8359233, 34.01629 ] ], [ [ -6.8388156, 34.0149561 ], [ -6.8386861, 34.0150507 ], [ -6.838551, 34.0151396 ], [ -6.8384105, 34.0152227 ], [ -6.8382653, 34.0153 ] ], [ [ -6.84099, 34.0126339 ], [ -6.8394682, 34.0143423 ], [ -6.8393695, 34.0144517 ], [ -6.8392667, 34.0145584 ], [ -6.8391598, 34.0146623 ], [ -6.8390489, 34.0147633 ], [ -6.8389341, 34.0148613 ], [ -6.8388156, 34.0149561 ] ], [ [ -6.8483231, 34.007831 ], [ -6.8441658, 34.0099655 ], [ -6.84099, 34.0126339 ] ], [ [ -6.850454, 34.0064927 ], [ -6.849777, 34.0069327 ], [ -6.8490791, 34.0073401 ], [ -6.8483231, 34.007831 ] ], [ [ -6.850756, 34.0062718 ], [ -6.850454, 34.0064927 ] ], [ [ -6.8522, 34.0051405 ], [ -6.8510777, 34.0060323 ], [ -6.850756, 34.0062718 ] ], [ [ -6.8525433, 34.0048691 ], [ -6.8522, 34.0051405 ] ], [ [ -6.8542421, 34.0035063 ], [ -6.8535687, 34.0040538 ], [ -6.8525433, 34.0048691 ] ], [ [ -6.855536, 34.0024877 ], [ -6.8550543, 34.0028639 ], [ -6.8544951, 34.0033006 ], [ -6.8542421, 34.0035063 ] ], [ [ -6.8576202, 34.0007891 ], [ -6.8571414, 34.0011829 ], [ -6.856644, 34.0015872 ], [ -6.855536, 34.0024877 ] ], [ [ -6.8608829, 33.9964472 ], [ -6.8606092, 33.9971631 ], [ -6.8603969, 33.9977451 ], [ -6.8602672, 33.9980008 ], [ -6.8601493, 33.9982139 ], [ -6.8600599, 33.9983879 ], [ -6.8598723, 33.9986956 ], [ -6.8596711, 33.9989715 ], [ -6.8595905, 33.9990791 ], [ -6.8594913, 33.9991869 ], [ -6.8594232, 33.9992628 ], [ -6.8593276, 33.999369 ], [ -6.8591732, 33.9995287 ], [ -6.8590186, 33.9996757 ], [ -6.8588584, 33.9998191 ], [ -6.8587154, 33.9999451 ], [ -6.8580267, 34.0004637 ], [ -6.8576202, 34.0007891 ] ], [ [ -6.8608829, 33.9964472 ], [ -6.8610636, 33.9959243 ], [ -6.8612744, 33.99547 ], [ -6.861843, 33.9938755 ], [ -6.8621314, 33.9931283 ], [ -6.8625511, 33.9922132 ], [ -6.8627523, 33.9918674 ], [ -6.8632539, 33.9911847 ], [ -6.8635127, 33.9908622 ], [ -6.8637474, 33.9905864 ], [ -6.8640371, 33.9902706 ], [ -6.8644595, 33.9898147 ], [ -6.8648578, 33.9894089 ], [ -6.8652831, 33.9889806 ], [ -6.8655833, 33.9886783 ], [ -6.8656705, 33.9885905 ], [ -6.8661037, 33.9881479 ], [ -6.8668185, 33.9874229 ], [ -6.8671726, 33.987047 ], [ -6.8675213, 33.9866878 ], [ -6.8685633, 33.9855947 ], [ -6.8689616, 33.9851722 ], [ -6.8695275, 33.9845294 ], [ -6.8697622, 33.9842614 ], [ -6.8699131, 33.9840891 ], [ -6.8703175, 33.9835386 ], [ -6.8705106, 33.9832684 ], [ -6.871397, 33.9820451 ], [ -6.8716384, 33.9817126 ], [ -6.8718638, 33.9813923 ], [ -6.872128, 33.9810042 ], [ -6.8760547, 33.9755849 ], [ -6.8786417, 33.9719676 ], [ -6.8795389, 33.9707036 ], [ -6.8803597, 33.9694657 ], [ -6.8806547, 33.9689563 ], [ -6.8807771, 33.9687154 ], [ -6.8809484, 33.9683437 ] ], [ [ -6.8809484, 33.9683437 ], [ -6.8811168, 33.9679535 ], [ -6.8814392, 33.9672239 ], [ -6.8815801, 33.9668797 ], [ -6.8816619, 33.9666873 ], [ -6.8821071, 33.9656417 ], [ -6.8826409, 33.9644149 ], [ -6.8828139, 33.96402 ], [ -6.8830043, 33.9636018 ], [ -6.8831357, 33.9633293 ], [ -6.8833765, 33.9628888 ], [ -6.8834536, 33.9627587 ], [ -6.8836822, 33.9623733 ], [ -6.8837634, 33.9622476 ], [ -6.8841188, 33.9617192 ], [ -6.8842529, 33.9615407 ], [ -6.884612, 33.9610888 ], [ -6.8850408, 33.9605685 ], [ -6.8857951, 33.9596886 ], [ -6.8864422, 33.9589295 ], [ -6.8875963, 33.9575546 ], [ -6.8904246, 33.9542301 ], [ -6.891519, 33.9529436 ], [ -6.8938669, 33.9501288 ] ], [ [ -6.9258741, 33.9216346 ], [ -6.9252233, 33.9221893 ], [ -6.9251344, 33.922265 ], [ -6.924541, 33.9227708 ], [ -6.9239918, 33.9232387 ], [ -6.9229521, 33.9241015 ], [ -6.9226132, 33.9244072 ], [ -6.9221035, 33.9248401 ], [ -6.9215383, 33.9253025 ], [ -6.9211259, 33.9256268 ], [ -6.920749, 33.9259173 ], [ -6.9204687, 33.9261187 ], [ -6.9191135, 33.9270534 ], [ -6.9182492, 33.9276421 ], [ -6.9169644, 33.9285067 ], [ -6.9161182, 33.9290943 ], [ -6.9153135, 33.9297107 ], [ -6.9148629, 33.9300668 ], [ -6.9143613, 33.9305086 ], [ -6.9138886, 33.9309308 ], [ -6.9132509, 33.9315846 ], [ -6.9124731, 33.9323813 ], [ -6.9116605, 33.9332804 ], [ -6.9109308, 33.9340859 ], [ -6.9107665, 33.9342945 ], [ -6.9105181, 33.934558 ], [ -6.909406, 33.935785 ], [ -6.9086077, 33.9366328 ], [ -6.9083334, 33.9369074 ], [ -6.9079144, 33.9373385 ], [ -6.9076585, 33.937573 ], [ -6.9072294, 33.9379658 ], [ -6.9069236, 33.9382361 ], [ -6.9064971, 33.9386055 ], [ -6.9047805, 33.939954 ], [ -6.9042273, 33.9403501 ], [ -6.9035157, 33.9408744 ], [ -6.9016772, 33.9422493 ], [ -6.9006782, 33.9429946 ], [ -6.9001041, 33.9434387 ], [ -6.8993209, 33.9440706 ], [ -6.8989856, 33.9443654 ], [ -6.898488, 33.9448282 ], [ -6.8980602, 33.9452488 ], [ -6.8975399, 33.945795 ], [ -6.8971483, 33.9462445 ], [ -6.8963208, 33.947218 ], [ -6.8946578, 33.9491915 ], [ -6.8943601, 33.9495442 ], [ -6.8938669, 33.9501288 ] ], [ [ -6.9311196, 33.9172033 ], [ -6.9307933, 33.9174789 ], [ -6.928449, 33.9194587 ], [ -6.9269429, 33.9207262 ], [ -6.9258741, 33.9216346 ] ], [ [ -6.9422621, 33.9068938 ], [ -6.9416748, 33.9074152 ], [ -6.9411524, 33.9079617 ], [ -6.9407254, 33.9084226 ], [ -6.9403741, 33.9088066 ], [ -6.9392395, 33.9100276 ], [ -6.9377495, 33.9115168 ], [ -6.9369864, 33.9121868 ], [ -6.9354066, 33.9135569 ], [ -6.9334024, 33.9152595 ], [ -6.9333742, 33.9152835 ], [ -6.9324656, 33.9160554 ], [ -6.9318192, 33.9166041 ], [ -6.9311196, 33.9172033 ] ], [ [ -6.993969, 33.8744107 ], [ -6.9939583, 33.8744113 ], [ -6.9931277, 33.8745082 ], [ -6.9919712, 33.8746836 ], [ -6.9911735, 33.8748636 ], [ -6.990432, 33.8750731 ], [ -6.9888706, 33.8756292 ], [ -6.9877225, 33.8761979 ], [ -6.9865613, 33.8768912 ], [ -6.9857002, 33.8775248 ], [ -6.9843042, 33.8788734 ], [ -6.982569, 33.8807635 ], [ -6.9802988, 33.8830651 ], [ -6.9783288, 33.8849877 ], [ -6.9767305, 33.8865202 ], [ -6.9748257, 33.8884589 ], [ -6.9735471, 33.8895961 ], [ -6.9721837, 33.890625 ], [ -6.9708399, 33.8913668 ], [ -6.9691112, 33.892087 ], [ -6.967959, 33.8924181 ], [ -6.9667367, 33.892634 ], [ -6.9649949, 33.892883 ], [ -6.9632769, 33.8931003 ], [ -6.9623835, 33.8932468 ], [ -6.9616027, 33.8934245 ], [ -6.9602654, 33.8937819 ], [ -6.9591891, 33.8942476 ], [ -6.9577497, 33.8950127 ], [ -6.9557666, 33.8962689 ], [ -6.9540135, 33.8973825 ], [ -6.9517873, 33.8988946 ], [ -6.9494015, 33.9006236 ], [ -6.9471804, 33.9023764 ], [ -6.9449159, 33.9042808 ], [ -6.9437286, 33.9053961 ], [ -6.9422621, 33.9068938 ] ], [ [ -6.9959155, 33.8742159 ], [ -6.9953248, 33.8742751 ], [ -6.994582, 33.8743494 ], [ -6.993969, 33.8744107 ] ], [ [ -7.0443412, 33.8514478 ], [ -7.0432502, 33.8520583 ], [ -7.0412761, 33.8533191 ], [ -7.0392855, 33.8545497 ], [ -7.0392491, 33.8545722 ], [ -7.0384807, 33.8550754 ], [ -7.0381115, 33.8553171 ], [ -7.0363045, 33.8564547 ], [ -7.0349867, 33.857159 ], [ -7.0342399, 33.857504 ], [ -7.0335041, 33.8577815 ], [ -7.0321846, 33.8582019 ], [ -7.0306983, 33.8586435 ], [ -7.0293614, 33.8590647 ], [ -7.0281722, 33.8595351 ], [ -7.0266874, 33.8603414 ], [ -7.0252379, 33.8613916 ], [ -7.0234583, 33.8627666 ], [ -7.0234138, 33.8628009 ], [ -7.0232185, 33.8629518 ], [ -7.0211582, 33.8646401 ], [ -7.0192006, 33.8665733 ], [ -7.018529, 33.8672125 ], [ -7.0174191, 33.8680497 ], [ -7.0154727, 33.8691531 ], [ -7.0123173, 33.8706362 ], [ -7.0101812, 33.8716211 ], [ -7.0097669, 33.8718036 ], [ -7.0091927, 33.8720424 ], [ -7.0087042, 33.8722293 ], [ -7.0080817, 33.8724343 ], [ -7.0073416, 33.8726591 ], [ -7.0067362, 33.8728418 ], [ -7.0062328, 33.8729843 ], [ -7.0054986, 33.8731523 ], [ -7.0050189, 33.8732584 ], [ -7.0042077, 33.8734195 ], [ -7.0034537, 33.8735305 ], [ -7.0028157, 33.8736077 ], [ -7.0012427, 33.8737514 ], [ -6.9998841, 33.8738757 ], [ -6.9989494, 33.8739698 ], [ -6.9974618, 33.8741007 ], [ -6.9959433, 33.8742157 ], [ -6.9959155, 33.8742159 ] ], [ [ -7.1101026, 33.8162823 ], [ -7.1100799, 33.8163004 ], [ -7.1092715, 33.8168964 ], [ -7.1084402, 33.8174939 ], [ -7.1080174, 33.8178311 ], [ -7.1070087, 33.8185627 ], [ -7.1049773, 33.8200041 ], [ -7.1015528, 33.8223918 ], [ -7.0985071, 33.8246188 ], [ -7.0952585, 33.8271441 ], [ -7.0915467, 33.8300433 ], [ -7.0888264, 33.8321404 ], [ -7.0864975, 33.8339395 ], [ -7.084821, 33.8352291 ], [ -7.0834054, 33.8363616 ], [ -7.0814288, 33.8379438 ], [ -7.0792826, 33.8395097 ], [ -7.0780367, 33.8402683 ], [ -7.076732, 33.8410268 ], [ -7.0754771, 33.8417362 ], [ -7.0744953, 33.8421887 ], [ -7.0729649, 33.8428545 ], [ -7.0714115, 33.8434651 ], [ -7.0697575, 33.8440179 ], [ -7.0688262, 33.8442928 ], [ -7.0678252, 33.8445708 ], [ -7.0651065, 33.845197 ], [ -7.0608507, 33.8461277 ], [ -7.0572258, 33.8469081 ], [ -7.0570933, 33.8469366 ], [ -7.0564164, 33.8470823 ], [ -7.0545704, 33.8474896 ], [ -7.0525967, 33.8480076 ], [ -7.0506259, 33.8486472 ], [ -7.0486419, 33.8494211 ], [ -7.0458675, 33.8506699 ], [ -7.0447725, 33.8512082 ], [ -7.0443412, 33.8514478 ] ], [ [ -7.112045, 33.8148959 ], [ -7.1111525, 33.8154831 ], [ -7.1105572, 33.8159173 ], [ -7.1101026, 33.8162823 ] ], [ [ -7.1510075, 33.7957402 ], [ -7.1485744, 33.7969567 ], [ -7.1459768, 33.7981933 ], [ -7.1405348, 33.8008571 ], [ -7.1385214, 33.801872 ], [ -7.136078, 33.8030765 ], [ -7.1310786, 33.8056387 ], [ -7.126913, 33.8079643 ], [ -7.123802, 33.8096289 ], [ -7.1230718, 33.8100084 ], [ -7.1216108, 33.8107237 ], [ -7.1207736, 33.8110251 ], [ -7.1186497, 33.8117379 ], [ -7.1184109, 33.8118147 ], [ -7.1178749, 33.8119772 ], [ -7.1169647, 33.8122745 ], [ -7.1163627, 33.8124952 ], [ -7.1156107, 33.8128148 ], [ -7.1145396, 33.8133318 ], [ -7.1137122, 33.8137832 ], [ -7.112883, 33.8143189 ], [ -7.1124621, 33.8146038 ], [ -7.1120809, 33.8148716 ], [ -7.112045, 33.8148959 ] ], [ [ -7.1518369, 33.7953305 ], [ -7.1510075, 33.7957402 ] ], [ [ -7.1518369, 33.7953305 ], [ -7.1518475, 33.7953247 ], [ -7.1583477, 33.792079 ], [ -7.1587636, 33.7918713 ], [ -7.1589855, 33.7917592 ], [ -7.1597634, 33.7913661 ], [ -7.1602535, 33.7911185 ], [ -7.1619822, 33.790272 ], [ -7.162071, 33.790228 ], [ -7.1641266, 33.7892103 ], [ -7.1660679, 33.7882245 ], [ -7.1671495, 33.7876755 ], [ -7.168512, 33.7869722 ], [ -7.1691531, 33.7866535 ], [ -7.1697029, 33.7864082 ], [ -7.1707946, 33.7859178 ], [ -7.1709824, 33.7858353 ], [ -7.1727902, 33.78522 ], [ -7.1732435, 33.7850685 ], [ -7.1751326, 33.7844398 ], [ -7.1752195, 33.7844109 ], [ -7.1756581, 33.784265 ], [ -7.1761242, 33.7841099 ], [ -7.1766391, 33.7839427 ], [ -7.1825856, 33.7820188 ] ], [ [ -7.1825856, 33.7820188 ], [ -7.1835771, 33.7816938 ] ], [ [ -7.2873715, 33.7330819 ], [ -7.2849937, 33.7347203 ], [ -7.2843902, 33.7351407 ], [ -7.283721, 33.7356024 ], [ -7.2828536, 33.7362237 ], [ -7.2809591, 33.7375734 ], [ -7.2789536, 33.7389502 ], [ -7.2780956, 33.7395465 ], [ -7.2780321, 33.7395907 ], [ -7.2767395, 33.7404891 ], [ -7.2748147, 33.7418155 ], [ -7.2730228, 33.7427006 ], [ -7.2720959, 33.7431585 ], [ -7.2697337, 33.7443841 ], [ -7.2677551, 33.7454977 ], [ -7.2654969, 33.7468842 ], [ -7.2621944, 33.7492911 ], [ -7.2595544, 33.7513166 ], [ -7.2571897, 33.7530201 ], [ -7.254193, 33.754715 ], [ -7.2499426, 33.7570624 ], [ -7.2479652, 33.7582912 ], [ -7.2437657, 33.7611724 ], [ -7.2416456, 33.7625367 ], [ -7.2391994, 33.7639009 ], [ -7.2371608, 33.7647568 ], [ -7.2353567, 33.7655363 ], [ -7.2332264, 33.7661464 ], [ -7.2300768, 33.7670022 ], [ -7.226601, 33.7679597 ], [ -7.2241445, 33.7687223 ], [ -7.2240945, 33.7687419 ], [ -7.2211886, 33.7698831 ], [ -7.2175294, 33.7714591 ], [ -7.2128407, 33.7736112 ], [ -7.2083049, 33.7756107 ], [ -7.2063988, 33.7763563 ], [ -7.2046049, 33.7769155 ], [ -7.2019955, 33.7773815 ], [ -7.1989173, 33.7778983 ], [ -7.1946975, 33.7785676 ], [ -7.1920065, 33.7790759 ], [ -7.1899374, 33.7795927 ], [ -7.1855239, 33.7810668 ], [ -7.1835771, 33.7816938 ] ], [ [ -7.3308517, 33.7063216 ], [ -7.3301688, 33.7064554 ], [ -7.3292783, 33.7066339 ], [ -7.3281035, 33.7069184 ], [ -7.3275778, 33.7070757 ], [ -7.3268293, 33.7073169 ], [ -7.3261079, 33.7075844 ], [ -7.3254085, 33.70786 ], [ -7.3250163, 33.7080329 ], [ -7.3247078, 33.7081891 ], [ -7.324449, 33.7083207 ], [ -7.3241526, 33.708497 ], [ -7.322782, 33.7093582 ], [ -7.3197779, 33.7112392 ], [ -7.3189185, 33.7117884 ], [ -7.315833, 33.7137715 ], [ -7.3134566, 33.7153244 ], [ -7.3110916, 33.7168571 ], [ -7.3066016, 33.7198232 ], [ -7.302157, 33.7228098 ], [ -7.3011706, 33.7234826 ], [ -7.294542, 33.7280646 ], [ -7.2873715, 33.7330819 ] ], [ [ -7.3331565, 33.7059671 ], [ -7.3308517, 33.7063216 ] ], [ [ -7.3583593, 33.7031988 ], [ -7.3583573, 33.7031988 ], [ -7.3512146, 33.7030968 ], [ -7.3501331, 33.7031825 ], [ -7.3491375, 33.7033325 ], [ -7.3488714, 33.7033824 ], [ -7.3478071, 33.7036538 ], [ -7.3446228, 33.704682 ], [ -7.3436357, 33.7049819 ], [ -7.3426487, 33.7052246 ], [ -7.341756, 33.7053924 ], [ -7.3408503, 33.7054853 ], [ -7.3395674, 33.7055245 ], [ -7.3387266, 33.7055362 ], [ -7.3369839, 33.7055602 ], [ -7.3360912, 33.7055959 ], [ -7.335145, 33.7056732 ], [ -7.3342445, 33.7057928 ], [ -7.3331677, 33.7059652 ], [ -7.3331565, 33.7059671 ] ], [ [ -7.3596661, 33.7032236 ], [ -7.3583593, 33.7031988 ] ], [ [ -7.3710059, 33.7024939 ], [ -7.3709987, 33.7024969 ], [ -7.3702882, 33.702754 ], [ -7.3695243, 33.7029825 ], [ -7.3685973, 33.7031681 ], [ -7.3677991, 33.7032824 ], [ -7.3669064, 33.7033823 ], [ -7.3661168, 33.703418 ], [ -7.3596661, 33.7032236 ] ], [ [ -7.3716324, 33.702244 ], [ -7.3710059, 33.7024939 ] ], [ [ -7.3899852, 33.6937088 ], [ -7.389983, 33.6937106 ], [ -7.3894304, 33.6940884 ], [ -7.3889653, 33.6944063 ], [ -7.3883281, 33.6948419 ], [ -7.3874994, 33.6954084 ], [ -7.3863874, 33.6961367 ], [ -7.3850618, 33.6969901 ], [ -7.3847909, 33.697154 ], [ -7.3844126, 33.6973597 ], [ -7.3836058, 33.6977882 ], [ -7.3827904, 33.6981238 ], [ -7.3817433, 33.6984951 ], [ -7.3800161, 33.6990925 ], [ -7.3794946, 33.6992729 ], [ -7.3792752, 33.6993487 ], [ -7.3787367, 33.699535 ], [ -7.3747653, 33.7009087 ], [ -7.373555, 33.7013871 ], [ -7.3724907, 33.7018441 ], [ -7.3716324, 33.702244 ] ], [ [ -7.390339, 33.6934759 ], [ -7.3899852, 33.6937088 ] ], [ [ -7.3918024, 33.6922601 ], [ -7.3912402, 33.6927761 ], [ -7.390339, 33.6934759 ] ], [ [ -7.392077, 33.6919673 ], [ -7.3918024, 33.6922601 ] ], [ [ -7.3936042, 33.6894867 ], [ -7.3932658, 33.6901409 ], [ -7.3929389, 33.6908231 ], [ -7.3924955, 33.6914629 ], [ -7.392077, 33.6919673 ] ], [ [ -7.3937244, 33.6891796 ], [ -7.3936042, 33.6894867 ] ], [ [ -7.3978291, 33.677849 ], [ -7.3966922, 33.6810167 ], [ -7.3964155, 33.6818025 ], [ -7.3956777, 33.6837275 ], [ -7.3937244, 33.6891796 ] ], [ [ -7.3980629, 33.6773598 ], [ -7.3978291, 33.677849 ] ], [ [ -7.3980629, 33.6773598 ], [ -7.3983935, 33.6767504 ], [ -7.3985383, 33.6765015 ], [ -7.3989788, 33.6758933 ], [ -7.3994704, 33.675285 ], [ -7.3997413, 33.6749993 ], [ -7.4002415, 33.6745083 ], [ -7.4016108, 33.6733676 ], [ -7.4027038, 33.6724346 ] ], [ [ -7.4045625, 33.6710149 ], [ -7.4027038, 33.6724346 ] ], [ [ -7.5002606, 33.6188182 ], [ -7.5002605, 33.6188182 ], [ -7.4894622, 33.6234603 ], [ -7.4874451, 33.6245467 ], [ -7.4758151, 33.6313218 ], [ -7.4726823, 33.6328725 ], [ -7.4709914, 33.6337301 ], [ -7.4685195, 33.6348735 ], [ -7.4659446, 33.6359454 ], [ -7.4624255, 33.6373174 ], [ -7.4599192, 33.6381749 ], [ -7.4580481, 33.6388037 ], [ -7.4549754, 33.639697 ], [ -7.4506667, 33.6410046 ], [ -7.4476884, 33.6422122 ], [ -7.4435685, 33.6441057 ], [ -7.4425172, 33.6446292 ], [ -7.4424296, 33.6446674 ], [ -7.437938, 33.6466923 ], [ -7.4347279, 33.64835 ], [ -7.430239, 33.6509221 ], [ -7.4278529, 33.652544 ], [ -7.4252608, 33.6544516 ], [ -7.4250168, 33.6546587 ], [ -7.4235629, 33.6558929 ], [ -7.4139371, 33.6635671 ], [ -7.4119377, 33.6651388 ], [ -7.4112918, 33.6656604 ], [ -7.4111755, 33.6657543 ], [ -7.4058925, 33.6700203 ], [ -7.4045734, 33.6710041 ], [ -7.4045625, 33.6710149 ] ], [ [ -7.5008673, 33.6185837 ], [ -7.5002606, 33.6188182 ] ], [ [ -7.5282928, 33.6071294 ], [ -7.5280438, 33.6072253 ], [ -7.524642, 33.608647 ], [ -7.5219597, 33.609768 ], [ -7.5188571, 33.6110676 ], [ -7.5163959, 33.6120969 ], [ -7.5154629, 33.6124817 ], [ -7.5008673, 33.6185837 ] ], [ [ -7.5286348, 33.6069864 ], [ -7.5282928, 33.6071294 ] ], [ [ -7.5349206, 33.6044699 ], [ -7.5316966, 33.605712 ], [ -7.529866, 33.6064671 ], [ -7.5286348, 33.6069864 ] ], [ [ -7.5352559, 33.6043448 ], [ -7.5349206, 33.6044699 ] ], [ [ -7.5424191, 33.6017041 ], [ -7.5411509, 33.6021987 ], [ -7.5401898, 33.6025559 ], [ -7.5352559, 33.6043448 ] ], [ [ -7.5453907, 33.6007017 ], [ -7.5432686, 33.6014184 ], [ -7.5424191, 33.6017041 ] ], [ [ -7.5458636, 33.6005369 ], [ -7.5453907, 33.6007017 ] ], [ [ -7.5556752, 33.6015146 ], [ -7.5553532, 33.6013093 ], [ -7.5544654, 33.6007278 ], [ -7.5540019, 33.6004186 ], [ -7.5535384, 33.6001672 ], [ -7.5530406, 33.5999457 ], [ -7.5523256, 33.5997171 ], [ -7.5516116, 33.5995572 ], [ -7.5507533, 33.5994428 ], [ -7.5500065, 33.5994357 ], [ -7.5492657, 33.5994987 ], [ -7.5486434, 33.599617 ], [ -7.5478693, 33.5998275 ], [ -7.5471903, 33.6000483 ], [ -7.5458636, 33.6005369 ] ], [ [ -7.5558757, 33.6016577 ], [ -7.5556752, 33.6015146 ] ], [ [ -7.5563586, 33.6019758 ], [ -7.5558757, 33.6016577 ] ], [ [ -7.5733901, 33.6062459 ], [ -7.5732731, 33.6061756 ], [ -7.573126, 33.6060873 ], [ -7.5728926, 33.6059175 ], [ -7.5726685, 33.6057311 ], [ -7.5725144, 33.6056047 ], [ -7.5722194, 33.6053746 ], [ -7.5718063, 33.6051222 ], [ -7.5713128, 33.6048854 ], [ -7.5709132, 33.6047648 ], [ -7.5705216, 33.6046799 ], [ -7.5700093, 33.6046084 ], [ -7.5690866, 33.6045101 ], [ -7.5647092, 33.6040544 ], [ -7.5605867, 33.6036277 ], [ -7.5600918, 33.6035629 ], [ -7.5594628, 33.6034445 ], [ -7.5589871, 33.6033236 ], [ -7.5583498, 33.6031111 ], [ -7.557698, 33.6028167 ], [ -7.5572312, 33.602552 ], [ -7.5567078, 33.6022108 ], [ -7.5563586, 33.6019758 ] ], [ [ -7.5733901, 33.6062459 ], [ -7.573815, 33.6064523 ] ], [ [ -7.573815, 33.6064523 ], [ -7.5741418, 33.6065709 ], [ -7.5745213, 33.606677 ], [ -7.5749853, 33.6067575 ], [ -7.5753971, 33.6067988 ], [ -7.5760743, 33.606791 ], [ -7.5766765, 33.6067139 ], [ -7.577284, 33.606562 ], [ -7.5778835, 33.6063196 ], [ -7.5781356, 33.6061778 ] ], [ [ -7.5781356, 33.6061778 ], [ -7.5784601, 33.6059734 ] ], [ [ -7.5784601, 33.6059734 ], [ -7.5787632, 33.6057511 ], [ -7.5795947, 33.6050898 ], [ -7.5799273, 33.6048564 ], [ -7.580272, 33.604662 ], [ -7.5807038, 33.6044599 ] ], [ [ -7.5807038, 33.6044599 ], [ -7.5877728, 33.6015339 ], [ -7.5928046, 33.59943 ], [ -7.5931171, 33.5993227 ], [ -7.5934309, 33.5992367 ], [ -7.5938064, 33.5991697 ], [ -7.5942825, 33.5991261 ], [ -7.5948551, 33.5990971 ], [ -7.595181, 33.5990736 ], [ -7.5955699, 33.5990155 ], [ -7.5959548, 33.5989217 ], [ -7.5961842, 33.5988513 ], [ -7.596911, 33.5986011 ], [ -7.5974542, 33.5984581 ], [ -7.5979584, 33.5983442 ], [ -7.5984997, 33.5982638 ], [ -7.6008627, 33.5979443 ], [ -7.6026772, 33.5977075 ], [ -7.6030644, 33.5976519 ], [ -7.603267, 33.597634 ], [ -7.6035539, 33.597624 ] ], [ [ -7.6035539, 33.597624 ], [ -7.604549, 33.5976742 ] ], [ [ -7.604549, 33.5976742 ], [ -7.6057708, 33.5977669 ] ], [ [ -7.6057708, 33.5977669 ], [ -7.6062374, 33.5978291 ] ], [ [ -7.6062374, 33.5978291 ], [ -7.6065104, 33.5978443 ], [ -7.6069256, 33.5978841 ] ], [ [ -7.6069256, 33.5978841 ], [ -7.6082398, 33.5979747 ], [ -7.6099912, 33.5981467 ], [ -7.610301, 33.5981881 ], [ -7.6106122, 33.5982573 ], [ -7.6108978, 33.5983355 ], [ -7.6111835, 33.5984416 ], [ -7.6114209, 33.5985612 ], [ -7.6116475, 33.5986963 ], [ -7.6118393, 33.5988427 ], [ -7.6120293, 33.5989919 ], [ -7.6122845, 33.5991923 ] ] ] } }
]
}
