{
"type": "FeatureCollection",
"name": "Stop-Bus-Tanger",
"crs": { "type": "name", "properties": { "name": "urn:ogc:def:crs:OGC:1.3:CRS84" } },
"features": [
{ "type": "Feature", "properties": { "name": "Dradeb-Z. I. Mghogha", "Number": "L10" }, "geometry": { "type": "MultiLineString", "coordinates": [ [ [ -5.8344152, 35.7865058 ], [ -5.8346445, 35.7860863 ], [ -5.8348399, 35.7856565 ], [ -5.8349874, 35.7852355 ] ], [ [ -5.8344152, 35.7865058 ], [ -5.8343885, 35.7865303 ] ], [ [ -5.8343885, 35.7865303 ], [ -5.8343082, 35.7865377 ], [ -5.8340936, 35.7865328 ], [ -5.8340077, 35.7865155 ], [ -5.8339777, 35.7865095 ] ], [ [ -5.8339777, 35.7865095 ], [ -5.8339194, 35.7864575 ] ], [ [ -5.823751, 35.7846784 ], [ -5.8238677, 35.7847774 ], [ -5.8239703, 35.7848563 ], [ -5.8240487, 35.784908 ], [ -5.8242781, 35.7850478 ], [ -5.8244571, 35.7851375 ], [ -5.8246502, 35.7852104 ], [ -5.8247642, 35.7852518 ], [ -5.8249305, 35.7852996 ], [ -5.8250955, 35.7853431 ], [ -5.8252524, 35.7853747 ], [ -5.8254267, 35.7853943 ], [ -5.8255635, 35.7854084 ], [ -5.8257204, 35.785415 ], [ -5.8260919, 35.7854291 ], [ -5.8263668, 35.7854367 ], [ -5.8269945, 35.7854574 ], [ -5.8272173, 35.7854689 ], [ -5.827412, 35.7854754 ], [ -5.8283008, 35.7854907 ], [ -5.828821, 35.7855025 ], [ -5.8288541, 35.7855033 ], [ -5.8291277, 35.7855095 ], [ -5.8292944, 35.7855101 ], [ -5.8295771, 35.7855121 ], [ -5.8299685, 35.7855122 ], [ -5.8303729, 35.7855256 ], [ -5.8309792, 35.7855338 ], [ -5.8314928, 35.7855438 ], [ -5.8317555, 35.7855485 ], [ -5.8320883, 35.7855545 ], [ -5.8325091, 35.7855532 ], [ -5.8325706, 35.7855632 ], [ -5.8328709, 35.7856211 ], [ -5.833045, 35.7856739 ], [ -5.8333044, 35.785811 ], [ -5.8333675, 35.785856 ], [ -5.8339194, 35.7864575 ] ], [ [ -5.823751, 35.7846784 ], [ -5.8236746, 35.7846061 ], [ -5.8236089, 35.784549 ], [ -5.8235543, 35.784518 ], [ -5.8234894, 35.7844832 ] ], [ [ -5.8234894, 35.7844832 ], [ -5.8234868, 35.7844719 ], [ -5.8234832, 35.7844611 ], [ -5.8234711, 35.784437 ], [ -5.8234542, 35.7844152 ], [ -5.8234337, 35.7843979 ], [ -5.8234143, 35.7843833 ], [ -5.8233799, 35.7843686 ], [ -5.8233421, 35.7843596 ], [ -5.8233028, 35.7843574 ] ], [ [ -5.8233028, 35.7843574 ], [ -5.8228734, 35.7840796 ] ], [ [ -5.8228734, 35.7840796 ], [ -5.822682, 35.7839682 ], [ -5.8225222, 35.7838668 ], [ -5.8222657, 35.7837025 ], [ -5.822141, 35.7836057 ], [ -5.8220398, 35.7835279 ], [ -5.8219385, 35.7834501 ] ], [ [ -5.8219385, 35.7834501 ], [ -5.8217722, 35.7833033 ], [ -5.8216891, 35.7832108 ], [ -5.821559, 35.7830563 ], [ -5.8214383, 35.7828975 ], [ -5.8213203, 35.7826929 ], [ -5.8212318, 35.7824917 ], [ -5.8211405, 35.7822348 ], [ -5.8209897, 35.7818647 ], [ -5.8209397, 35.7817578 ], [ -5.8208844, 35.7816474 ], [ -5.8208766, 35.7816076 ], [ -5.8208512, 35.7815078 ] ], [ [ -5.8208512, 35.7815078 ], [ -5.820883, 35.7814894 ], [ -5.8209084, 35.7814654 ], [ -5.8209259, 35.7814371 ], [ -5.8209345, 35.7814062 ] ], [ [ -5.8209345, 35.7814062 ], [ -5.8209322, 35.7813626 ], [ -5.8209204, 35.7813252 ], [ -5.82089, 35.7812903 ] ], [ [ -5.82089, 35.7812903 ], [ -5.8208671, 35.781274 ], [ -5.8208156, 35.7812527 ], [ -5.8207583, 35.7812463 ] ], [ [ -5.8207583, 35.7812463 ], [ -5.8207195, 35.7811252 ], [ -5.820643, 35.7809021 ], [ -5.8205692, 35.7806932 ], [ -5.8204566, 35.7803483 ], [ -5.8203359, 35.7799784 ], [ -5.820144, 35.7794487 ], [ -5.8200191, 35.7790896 ], [ -5.8199874, 35.7789989 ], [ -5.8199295, 35.7788407 ], [ -5.8197364, 35.7783159 ], [ -5.8195663, 35.7778383 ], [ -5.8195714, 35.7777065 ] ], [ [ -5.8195714, 35.7777065 ], [ -5.8195886, 35.777687 ], [ -5.8196736, 35.7776251 ], [ -5.8197327, 35.7775457 ], [ -5.8197602, 35.7774601 ], [ -5.8197573, 35.7773716 ], [ -5.8197508, 35.7773551 ], [ -5.8197379, 35.7773225 ], [ -5.819724, 35.7772873 ], [ -5.8196663, 35.7772166 ], [ -5.8195875, 35.777161 ], [ -5.8194932, 35.7771245 ] ], [ [ -5.8194932, 35.7771245 ], [ -5.8194203, 35.7771084 ], [ -5.8193996, 35.7771074 ], [ -5.8193471, 35.7771048 ] ], [ [ -5.8193471, 35.7771048 ], [ -5.8193059, 35.7770321 ], [ -5.819267, 35.7769744 ], [ -5.8191343, 35.7767176 ], [ -5.8190659, 35.776586 ], [ -5.8189666, 35.7764217 ], [ -5.8188111, 35.7761839 ], [ -5.8186334, 35.7759337 ], [ -5.8184583, 35.7756998 ], [ -5.8183839, 35.7756046 ], [ -5.8181828, 35.7753228 ], [ -5.8179681, 35.7750586 ], [ -5.8176136, 35.7745748 ], [ -5.8174045, 35.7742603 ], [ -5.8173544, 35.7741945 ], [ -5.8171297, 35.7739299 ], [ -5.8169983, 35.7737752 ], [ -5.8168411, 35.7736217 ], [ -5.8165284, 35.7733442 ], [ -5.8163548, 35.7732026 ], [ -5.8160232, 35.7729872 ] ], [ [ -5.8160232, 35.7729872 ], [ -5.8159887, 35.772948 ], [ -5.8159418, 35.772904 ], [ -5.8159069, 35.7728768 ], [ -5.8157131, 35.7727315 ], [ -5.8155857, 35.7726428 ], [ -5.8154657, 35.7725563 ], [ -5.8150835, 35.7722827 ], [ -5.8149353, 35.7721826 ], [ -5.81484, 35.7721129 ], [ -5.8147281, 35.7720373 ], [ -5.8146393, 35.7719781 ], [ -5.8144991, 35.7718874 ] ], [ [ -5.8144991, 35.7718874 ], [ -5.8144989, 35.7718428 ], [ -5.8144822, 35.7718003 ], [ -5.81445, 35.7717633 ], [ -5.8144054, 35.771736 ], [ -5.8143527, 35.771721 ] ], [ [ -5.8143527, 35.771721 ], [ -5.8143068, 35.7717189 ], [ -5.8142616, 35.7717262 ] ], [ [ -5.8142616, 35.7717262 ], [ -5.8142394, 35.7717337 ] ], [ [ -5.8142394, 35.7717337 ], [ -5.8141588, 35.7716597 ], [ -5.8141031, 35.7716222 ], [ -5.814024, 35.7715743 ], [ -5.8138798, 35.771496 ], [ -5.8134945, 35.7713302 ], [ -5.813283, 35.7712462 ], [ -5.8130816, 35.7711804 ] ], [ [ -5.8130816, 35.7711804 ], [ -5.8127964, 35.7710769 ], [ -5.812555, 35.7710009 ], [ -5.8120499, 35.7708645 ], [ -5.8118728, 35.7708262 ], [ -5.8116148, 35.7707762 ], [ -5.8113548, 35.7707245 ] ], [ [ -5.8113548, 35.7707245 ], [ -5.8113455, 35.7707119 ], [ -5.8113334, 35.7707011 ], [ -5.8113224, 35.7706942 ], [ -5.8113102, 35.7706887 ], [ -5.8112902, 35.7706835 ], [ -5.8112692, 35.7706821 ], [ -5.8112485, 35.7706846 ], [ -5.811229, 35.770691 ], [ -5.8112118, 35.7707008 ] ], [ [ -5.8112118, 35.7707008 ], [ -5.8109946, 35.770682 ], [ -5.8104989, 35.7706396 ], [ -5.8099356, 35.7705798 ], [ -5.8096071, 35.7705417 ], [ -5.8093986, 35.7705147 ], [ -5.8093453, 35.7705052 ], [ -5.8091092, 35.7704777 ] ], [ [ -5.8091092, 35.7704777 ], [ -5.808552, 35.7704035 ], [ -5.8080862, 35.7703377 ], [ -5.8078414, 35.7703073 ], [ -5.8062418, 35.7701442 ], [ -5.8060355, 35.7701219 ] ], [ [ -5.8060355, 35.7701219 ], [ -5.805852, 35.7700939 ], [ -5.8055985, 35.7700662 ], [ -5.8052941, 35.7700346 ], [ -5.8048649, 35.770002 ], [ -5.8043607, 35.7699421 ], [ -5.8041742, 35.7699149 ], [ -5.8039176, 35.7698579 ] ], [ [ -5.8039176, 35.7698579 ], [ -5.8039182, 35.7697812 ], [ -5.8039115, 35.7697315 ] ], [ [ -5.8039115, 35.7697315 ], [ -5.8038381, 35.7696004 ], [ -5.8037621, 35.7695337 ] ], [ [ -5.8037621, 35.7695337 ], [ -5.8036699, 35.7694773 ], [ -5.8036135, 35.7694505 ] ], [ [ -5.8036135, 35.7694505 ], [ -5.803438, 35.7694314 ] ], [ [ -5.803438, 35.7694314 ], [ -5.803309, 35.7694474 ], [ -5.8031902, 35.7694913 ], [ -5.8030906, 35.7695597 ] ], [ [ -5.8030906, 35.7695597 ], [ -5.8029163, 35.7695167 ], [ -5.8027929, 35.7694753 ], [ -5.8026789, 35.769434 ], [ -5.8025019, 35.7693469 ], [ -5.8023812, 35.7692784 ], [ -5.8023034, 35.7692283 ] ], [ [ -5.8023034, 35.7692283 ], [ -5.8021277, 35.7690727 ], [ -5.8019762, 35.7689051 ], [ -5.8018488, 35.7687833 ], [ -5.8015484, 35.7684949 ], [ -5.801481, 35.7684205 ], [ -5.8013271, 35.7682522 ], [ -5.8011236, 35.7680407 ], [ -5.8002622, 35.7671956 ], [ -5.7994748, 35.7664007 ], [ -5.7988221, 35.7657559 ], [ -5.7985954, 35.765532 ], [ -5.7984526, 35.7653962 ], [ -5.7979475, 35.7648908 ], [ -5.7973294, 35.7642035 ], [ -5.7972794, 35.7641506 ] ], [ [ -5.7972794, 35.7641506 ], [ -5.7972765, 35.7641322 ], [ -5.7972686, 35.7641147 ], [ -5.7972562, 35.764099 ], [ -5.7972362, 35.7640838 ], [ -5.797212, 35.7640733 ] ], [ [ -5.797212, 35.7640733 ], [ -5.7971227, 35.7640072 ], [ -5.7969403, 35.7638342 ], [ -5.7965313, 35.7634403 ], [ -5.7961169, 35.7629375 ], [ -5.7958433, 35.7625632 ], [ -5.7956287, 35.7622682 ], [ -5.795555, 35.7621376 ], [ -5.795536, 35.7621043 ], [ -5.7955068, 35.7620497 ] ], [ [ -5.7955068, 35.7620497 ], [ -5.7955234, 35.7620148 ], [ -5.7955284, 35.7619776 ], [ -5.7955213, 35.7619406 ], [ -5.7955027, 35.7619064 ], [ -5.7954279, 35.7617946 ], [ -5.7953833, 35.7617279 ], [ -5.7953544, 35.7616988 ], [ -5.7953172, 35.7616767 ], [ -5.7952742, 35.7616632 ], [ -5.7952283, 35.7616592 ], [ -5.7951827, 35.7616649 ] ], [ [ -5.7951827, 35.7616649 ], [ -5.7951031, 35.7615642 ], [ -5.7950373, 35.7614619 ], [ -5.7950173, 35.7614308 ], [ -5.794989, 35.7613868 ], [ -5.7948375, 35.7611876 ], [ -5.794234, 35.7603518 ], [ -5.7938799, 35.7598556 ], [ -5.7934776, 35.7592701 ], [ -5.7929386, 35.7585162 ], [ -5.7927076, 35.7581166 ], [ -5.7925505, 35.7578347 ], [ -5.7924725, 35.7576774 ], [ -5.792331, 35.7573623 ], [ -5.7921662, 35.7570376 ], [ -5.7921393, 35.7569686 ] ], [ [ -5.7921393, 35.7569686 ], [ -5.7921543, 35.7569477 ], [ -5.7921625, 35.7569244 ], [ -5.7921634, 35.7569002 ] ], [ [ -5.7921634, 35.7569002 ], [ -5.7921544, 35.7568715 ], [ -5.7921351, 35.7568464 ], [ -5.7921075, 35.7568272 ] ], [ [ -5.7921075, 35.7568272 ], [ -5.792082, 35.7568175 ], [ -5.7920545, 35.7568128 ] ], [ [ -5.7920545, 35.7568128 ], [ -5.7918213, 35.7565156 ], [ -5.7915679, 35.7561466 ], [ -5.7913318, 35.7557962 ], [ -5.7909093, 35.7550359 ], [ -5.7906334, 35.7545431 ], [ -5.7901123, 35.7535192 ] ], [ [ -5.7901123, 35.7535192 ], [ -5.7900497, 35.7534285 ], [ -5.7899985, 35.7533364 ], [ -5.7898998, 35.7531572 ], [ -5.7896715, 35.7527608 ] ], [ [ -5.7896715, 35.7527608 ], [ -5.7896513, 35.7527318 ], [ -5.7895725, 35.7526188 ] ], [ [ -5.7895725, 35.7526188 ], [ -5.7892409, 35.7521324 ] ], [ [ -5.7892409, 35.7521324 ], [ -5.7892248, 35.7521095 ], [ -5.7891393, 35.7519879 ] ], [ [ -5.7891393, 35.7519879 ], [ -5.7874191, 35.7494899 ] ], [ [ -5.7874191, 35.7494899 ], [ -5.7868508, 35.7486491 ] ], [ [ -5.7868508, 35.7486491 ], [ -5.786752, 35.7485204 ], [ -5.7866159, 35.7483668 ], [ -5.7863939, 35.748111 ], [ -5.7860577, 35.7477578 ], [ -5.7855074, 35.7472508 ], [ -5.7852054, 35.7469826 ], [ -5.7849916, 35.7468163 ], [ -5.7846142, 35.7465404 ], [ -5.7842877, 35.7463049 ], [ -5.7838351, 35.7459909 ], [ -5.7834522, 35.7457367 ], [ -5.7829191, 35.7454238 ], [ -5.7825972, 35.7452301 ], [ -5.7821949, 35.7450211 ], [ -5.7819401, 35.7448981 ], [ -5.7817067, 35.744787 ], [ -5.7813285, 35.7446205 ], [ -5.7806848, 35.7443571 ], [ -5.7798446, 35.7440104 ], [ -5.7795596, 35.7438945 ], [ -5.7792955, 35.7437811 ] ], [ [ -5.7792955, 35.7437811 ], [ -5.7791266, 35.7436971 ], [ -5.779001, 35.7436251 ], [ -5.7789353, 35.7435892 ], [ -5.7788651, 35.7435485 ] ], [ [ -5.7788651, 35.7435485 ], [ -5.7788484, 35.743525 ], [ -5.7788257, 35.743505 ], [ -5.7787982, 35.7434896 ], [ -5.7787671, 35.7434796 ], [ -5.778734, 35.7434754 ], [ -5.7787006, 35.7434772 ], [ -5.7786689, 35.7434841 ] ], [ [ -5.7786689, 35.7434841 ], [ -5.7785815, 35.7434544 ], [ -5.7785511, 35.7434422 ], [ -5.7785132, 35.7434255 ], [ -5.7784595, 35.7433989 ], [ -5.7783868, 35.7433568 ], [ -5.7782214, 35.7432657 ], [ -5.7780582, 35.7431667 ], [ -5.7773458, 35.7427104 ], [ -5.7766141, 35.7422345 ], [ -5.7748985, 35.7411275 ], [ -5.7744757, 35.7408932 ], [ -5.7740407, 35.740677 ], [ -5.7729979, 35.7401953 ], [ -5.7717071, 35.7396112 ], [ -5.7702394, 35.7389297 ], [ -5.7697882, 35.7387099 ], [ -5.7693192, 35.7384485 ], [ -5.7689812, 35.7382201 ], [ -5.7686661, 35.7379865 ], [ -5.7678398, 35.7373052 ], [ -5.7669075, 35.7365532 ], [ -5.7667849, 35.7364505 ], [ -5.7666701, 35.7363453 ], [ -5.7665879, 35.7362612 ] ], [ [ -5.7665879, 35.7362612 ], [ -5.7664973, 35.7361626 ], [ -5.7663804, 35.7360401 ], [ -5.7663548, 35.7360102 ], [ -5.7663259, 35.7359767 ], [ -5.7662789, 35.7359197 ] ], [ [ -5.7662789, 35.7359197 ], [ -5.7662823, 35.7359066 ], [ -5.766283, 35.7358932 ], [ -5.7662774, 35.7358691 ], [ -5.7662632, 35.7358474 ], [ -5.7662418, 35.7358301 ] ], [ [ -5.7662418, 35.7358301 ], [ -5.7662187, 35.7358185 ], [ -5.7662012, 35.7358136 ], [ -5.7661832, 35.7358098 ] ], [ [ -5.7661832, 35.7358098 ], [ -5.7661504, 35.7358108 ], [ -5.7661194, 35.7358194 ], [ -5.7660928, 35.7358349 ], [ -5.7660735, 35.7358562 ] ], [ [ -5.7660735, 35.7358562 ], [ -5.7660629, 35.7358777 ], [ -5.7660583, 35.735902 ], [ -5.7660607, 35.7359264 ], [ -5.7660663, 35.7359425 ], [ -5.7660749, 35.7359578 ] ] ] } },
{ "type": "Feature", "properties": { "name": "Gare Ferroviaire -Boukhalef", "Number": "L2" }, "geometry": { "type": "MultiLineString", "coordinates": [ [ [ -5.7850352, 35.7709081 ], [ -5.7846722, 35.7720077 ] ], [ [ -5.7846722, 35.7720077 ], [ -5.7846394, 35.772045 ], [ -5.784603, 35.7720801 ], [ -5.7845632, 35.7721127 ] ], [ [ -5.7845632, 35.7721127 ], [ -5.784518, 35.7721223 ] ], [ [ -5.784518, 35.7721223 ], [ -5.7844529, 35.7721433 ], [ -5.7843972, 35.7721779 ], [ -5.7843552, 35.7722234 ], [ -5.78433, 35.7722764 ], [ -5.7843235, 35.7723331 ], [ -5.7843362, 35.772389 ] ], [ [ -5.7843362, 35.772389 ], [ -5.7843487, 35.7724145 ] ], [ [ -5.7843487, 35.7724145 ], [ -5.7843894, 35.7724637 ], [ -5.7844456, 35.7725014 ], [ -5.7845002, 35.7725217 ], [ -5.784559, 35.7725312 ], [ -5.784619, 35.7725293 ] ], [ [ -5.784619, 35.7725293 ], [ -5.7846645, 35.7725212 ], [ -5.7847066, 35.7725051 ], [ -5.7847434, 35.772482 ] ], [ [ -5.7847434, 35.772482 ], [ -5.7848836, 35.7724725 ], [ -5.7849685, 35.7724704 ], [ -5.7850292, 35.7724741 ], [ -5.7861169, 35.7725417 ], [ -5.7861773, 35.7725454 ], [ -5.7863294, 35.7725647 ], [ -5.786547, 35.7726356 ] ], [ [ -5.786547, 35.7726356 ], [ -5.7866053, 35.7726592 ], [ -5.7866685, 35.7726717 ], [ -5.7867601, 35.7726696 ], [ -5.7868464, 35.7726446 ], [ -5.786919, 35.7725993 ], [ -5.78694, 35.7725741 ] ], [ [ -5.78694, 35.7725741 ], [ -5.7870188, 35.7725705 ], [ -5.7870921, 35.7725616 ], [ -5.7873678, 35.7725485 ] ], [ [ -5.7873678, 35.7725485 ], [ -5.7880037, 35.7725192 ], [ -5.7887851, 35.77246 ], [ -5.789357, 35.7723756 ] ], [ [ -5.789357, 35.7723756 ], [ -5.7894474, 35.7723719 ], [ -5.7897789, 35.7723645 ], [ -5.7901036, 35.7723553 ], [ -5.7906077, 35.7723465 ], [ -5.7908955, 35.7723499 ] ], [ [ -5.7908955, 35.7723499 ], [ -5.7909545, 35.7724552 ], [ -5.7910542, 35.7725379 ], [ -5.7911545, 35.7725807 ], [ -5.7913027, 35.7726006 ], [ -5.7914498, 35.7725761 ], [ -5.7915486, 35.7725296 ], [ -5.791628, 35.772463 ] ], [ [ -5.791628, 35.772463 ], [ -5.7916901, 35.7723607 ] ], [ [ -5.7916901, 35.7723607 ], [ -5.7917036, 35.7723082 ], [ -5.7917067, 35.7722546 ] ], [ [ -5.7917067, 35.7722546 ], [ -5.7918077, 35.7721815 ], [ -5.7918777, 35.7721567 ], [ -5.7920928, 35.7721184 ], [ -5.7927454, 35.7720332 ], [ -5.7939456, 35.7718681 ], [ -5.7945607, 35.7718077 ], [ -5.7947036, 35.7718027 ] ], [ [ -5.7947036, 35.7718027 ], [ -5.7947184, 35.7718323 ], [ -5.7947432, 35.771857 ] ], [ [ -5.7947432, 35.771857 ], [ -5.7947681, 35.7718714 ], [ -5.7947965, 35.7718809 ], [ -5.794826, 35.7718847 ], [ -5.7948622, 35.771882 ], [ -5.7948962, 35.7718714 ], [ -5.7949254, 35.7718537 ], [ -5.7949503, 35.7718258 ], [ -5.7949631, 35.7717929 ] ], [ [ -5.7949631, 35.7717929 ], [ -5.795091, 35.7717826 ], [ -5.7957347, 35.7717985 ], [ -5.7959305, 35.7718039 ], [ -5.7962711, 35.7718148 ], [ -5.7967412, 35.771824 ], [ -5.7969685, 35.7718322 ], [ -5.7971388, 35.7718398 ], [ -5.7980186, 35.7718485 ], [ -5.7983518, 35.7718556 ], [ -5.7985192, 35.7718465 ], [ -5.7986281, 35.7718409 ], [ -5.7986858, 35.7718295 ], [ -5.7987512, 35.7718088 ] ], [ [ -5.7987512, 35.7718088 ], [ -5.7988541, 35.7717522 ], [ -5.7989828, 35.7716793 ], [ -5.7991109, 35.7716135 ], [ -5.7994019, 35.7714818 ], [ -5.7998063, 35.7713077 ], [ -5.8001367, 35.7711733 ], [ -5.8008631, 35.7708852 ] ], [ [ -5.8008631, 35.7708852 ], [ -5.8011273, 35.7707805 ], [ -5.8015252, 35.7706215 ], [ -5.8018104, 35.7705043 ], [ -5.8021131, 35.7703758 ], [ -5.8026567, 35.7701563 ], [ -5.8030692, 35.7700549 ] ], [ [ -5.8030692, 35.7700549 ], [ -5.8031458, 35.7701212 ] ], [ [ -5.8031458, 35.7701212 ], [ -5.803254, 35.7701706 ], [ -5.8033468, 35.7701947 ], [ -5.8034437, 35.770203 ] ], [ [ -5.8034437, 35.770203 ], [ -5.8035056, 35.7701998 ], [ -5.8035597, 35.7701901 ], [ -5.8036679, 35.7701579 ], [ -5.8036976, 35.7701413 ], [ -5.8037577, 35.7701077 ], [ -5.8038389, 35.770033 ] ], [ [ -5.8038389, 35.770033 ], [ -5.8040321, 35.7700183 ], [ -5.804244, 35.7700172 ], [ -5.8045223, 35.7700471 ], [ -5.8051439, 35.7701091 ], [ -5.8058309, 35.7701618 ] ], [ [ -5.8058309, 35.7701618 ], [ -5.8060628, 35.77019 ], [ -5.8062301, 35.7702096 ], [ -5.8076146, 35.7703483 ] ], [ [ -5.8076146, 35.7703483 ], [ -5.8077478, 35.7703649 ], [ -5.8078341, 35.7703749 ], [ -5.8080768, 35.7704028 ] ], [ [ -5.8080768, 35.7704028 ], [ -5.808786, 35.7705006 ], [ -5.8090866, 35.7705451 ] ], [ [ -5.8090866, 35.7705451 ], [ -5.8093874, 35.7705775 ], [ -5.8098439, 35.7706234 ], [ -5.8109851, 35.7707439 ], [ -5.8111823, 35.7707662 ] ], [ [ -5.8111823, 35.7707662 ], [ -5.8111888, 35.770785 ], [ -5.811201, 35.7708017 ], [ -5.8112182, 35.7708152 ], [ -5.8112392, 35.7708246 ], [ -5.8112612, 35.7708291 ], [ -5.8112838, 35.7708291 ], [ -5.8113058, 35.7708246 ], [ -5.8113257, 35.7708157 ], [ -5.8113423, 35.7708032 ] ], [ [ -5.8113423, 35.7708032 ], [ -5.8115506, 35.7708329 ], [ -5.8116924, 35.7708556 ], [ -5.8118155, 35.7708803 ], [ -5.811978, 35.7709154 ], [ -5.8122843, 35.7709976 ], [ -5.8126962, 35.7711232 ], [ -5.8130336, 35.77125 ] ], [ [ -5.8130336, 35.77125 ], [ -5.813965, 35.7717011 ], [ -5.8140491, 35.7717544 ], [ -5.8141462, 35.7718226 ] ], [ [ -5.8141462, 35.7718226 ], [ -5.8141386, 35.7718522 ], [ -5.8141394, 35.7718828 ] ], [ [ -5.8141394, 35.7718828 ], [ -5.8141538, 35.7719253 ], [ -5.814183, 35.7719625 ], [ -5.8142245, 35.771991 ], [ -5.8142746, 35.7720083 ] ], [ [ -5.8142746, 35.7720083 ], [ -5.8143176, 35.7720129 ], [ -5.8143608, 35.7720091 ] ], [ [ -5.8143608, 35.7720091 ], [ -5.8144303, 35.7720313 ], [ -5.8144766, 35.7720536 ], [ -5.8145656, 35.7721051 ], [ -5.8147187, 35.7722081 ], [ -5.8149353, 35.7723599 ], [ -5.815127, 35.7724959 ], [ -5.8153269, 35.7726352 ], [ -5.8155884, 35.7728115 ], [ -5.8157641, 35.7729235 ], [ -5.8158593, 35.7729801 ], [ -5.8159798, 35.7730462 ] ], [ [ -5.8159798, 35.7730462 ], [ -5.8161476, 35.7731782 ], [ -5.8163314, 35.7733087 ] ], [ [ -5.8163314, 35.7733087 ], [ -5.816444, 35.7734012 ], [ -5.816672, 35.773584 ], [ -5.8168088, 35.7737048 ], [ -5.8169054, 35.7738136 ], [ -5.8170293, 35.7739624 ], [ -5.8171165, 35.7740671 ], [ -5.8173077, 35.7742886 ], [ -5.8174873, 35.7745539 ], [ -5.8175977, 35.7747162 ], [ -5.8178312, 35.7750191 ], [ -5.8178854, 35.7750877 ], [ -5.8181325, 35.7753853 ], [ -5.8182779, 35.7755952 ], [ -5.8183732, 35.7757155 ], [ -5.8184286, 35.775789 ], [ -5.8185663, 35.775974 ], [ -5.8186635, 35.7761023 ], [ -5.818748, 35.7762199 ], [ -5.8188831, 35.7764292 ], [ -5.8189545, 35.7765342 ], [ -5.8190211, 35.7766708 ], [ -5.8191353, 35.7768872 ], [ -5.8191909, 35.7769986 ], [ -5.8192187, 35.7770602 ], [ -5.8191962, 35.7771447 ] ], [ [ -5.8191962, 35.7771447 ], [ -5.8191083, 35.7771953 ], [ -5.8190393, 35.7772658 ], [ -5.8189978, 35.7773492 ], [ -5.818987, 35.7774387 ], [ -5.8190078, 35.777527 ], [ -5.8190585, 35.777607 ], [ -5.8191351, 35.7776721 ], [ -5.8192312, 35.7777169 ] ], [ [ -5.8192312, 35.7777169 ], [ -5.8193027, 35.7777337 ], [ -5.8194025, 35.7777379 ] ], [ [ -5.8194025, 35.7777379 ], [ -5.819498, 35.7778547 ], [ -5.8196891, 35.7783738 ], [ -5.8198624, 35.7788531 ], [ -5.8199121, 35.7789883 ], [ -5.8199255, 35.7790226 ], [ -5.8200704, 35.7794333 ], [ -5.8202639, 35.7799806 ], [ -5.8203265, 35.7801666 ], [ -5.8203869, 35.7803516 ], [ -5.8204961, 35.7807133 ], [ -5.8205571, 35.7808995 ], [ -5.8206316, 35.7811437 ], [ -5.8206443, 35.7811844 ], [ -5.820665, 35.7812645 ] ], [ [ -5.820665, 35.7812645 ], [ -5.8206321, 35.7812954 ], [ -5.8206102, 35.7813217 ], [ -5.8205961, 35.7813513 ] ], [ [ -5.8205961, 35.7813513 ], [ -5.8205905, 35.781387 ], [ -5.8205962, 35.7814228 ], [ -5.820613, 35.7814561 ] ], [ [ -5.820613, 35.7814561 ], [ -5.8206459, 35.7814899 ], [ -5.8206898, 35.7815139 ], [ -5.8207406, 35.7815261 ] ], [ [ -5.8207406, 35.7815261 ], [ -5.8207979, 35.7815246 ], [ -5.8208512, 35.7815078 ] ], [ [ -5.8208512, 35.7815078 ], [ -5.820883, 35.7814894 ], [ -5.8209084, 35.7814654 ], [ -5.8209259, 35.7814371 ], [ -5.8209345, 35.7814062 ] ], [ [ -5.8209345, 35.7814062 ], [ -5.8209991, 35.7813569 ], [ -5.8210525, 35.7813285 ], [ -5.8211302, 35.781288 ] ], [ [ -5.8228311, 35.7808042 ], [ -5.8226238, 35.7808923 ], [ -5.8220847, 35.781055 ], [ -5.8217253, 35.7811496 ], [ -5.8216478, 35.7811654 ], [ -5.8211685, 35.7812789 ], [ -5.8211302, 35.781288 ] ], [ [ -5.8242489, 35.7801928 ], [ -5.824239, 35.7801973 ], [ -5.8241357, 35.780244 ], [ -5.8240081, 35.7802944 ], [ -5.8230872, 35.7806882 ], [ -5.8228311, 35.7808042 ] ], [ [ -5.8242489, 35.7801928 ], [ -5.8243108, 35.7801938 ], [ -5.8243599, 35.7802114 ], [ -5.8244078, 35.7802285 ] ], [ [ -5.8244078, 35.7802285 ], [ -5.8244282, 35.7802383 ], [ -5.8244559, 35.7802444 ], [ -5.8244978, 35.780245 ] ], [ [ -5.8244978, 35.780245 ], [ -5.8245455, 35.7802283 ], [ -5.8245644, 35.7802148 ] ], [ [ -5.8245644, 35.7802148 ], [ -5.8245848, 35.7801862 ], [ -5.8245892, 35.7801503 ], [ -5.8245809, 35.7801152 ] ], [ [ -5.8245809, 35.7801152 ], [ -5.8245505, 35.7800841 ] ], [ [ -5.8245505, 35.7800841 ], [ -5.8245744, 35.7799512 ] ], [ [ -5.8245744, 35.7799512 ], [ -5.8253244, 35.7790691 ] ], [ [ -5.8253244, 35.7790691 ], [ -5.8253502, 35.7790837 ], [ -5.8253797, 35.7790925 ], [ -5.825411, 35.7790948 ], [ -5.825442, 35.7790905 ], [ -5.825467, 35.7790816 ], [ -5.8254889, 35.7790683 ], [ -5.8255066, 35.7790514 ], [ -5.8255192, 35.7790317 ] ], [ [ -5.8255192, 35.7790317 ], [ -5.8259327, 35.7786851 ] ], [ [ -5.8259327, 35.7786851 ], [ -5.8262904, 35.7785074 ], [ -5.8265204, 35.7783769 ], [ -5.8267772, 35.7782322 ], [ -5.8269013, 35.7781386 ], [ -5.8270186, 35.7780472 ], [ -5.8271192, 35.7779553 ], [ -5.8272077, 35.7778666 ], [ -5.8272914, 35.7777825 ], [ -5.8274652, 35.7775973 ], [ -5.8277147, 35.777321 ], [ -5.8279503, 35.7770543 ], [ -5.8280352, 35.776969 ], [ -5.8280841, 35.7769167 ], [ -5.8282182, 35.7767802 ], [ -5.8283772, 35.7765903 ], [ -5.8284724, 35.7764467 ], [ -5.8285314, 35.7763477 ], [ -5.8285502, 35.776302 ], [ -5.8285783, 35.7762248 ], [ -5.8286092, 35.7760583 ], [ -5.8286414, 35.7759038 ], [ -5.8286829, 35.7757297 ], [ -5.8287245, 35.7755153 ], [ -5.8287741, 35.7752771 ], [ -5.8288184, 35.7750333 ], [ -5.8288626, 35.7747493 ], [ -5.8288854, 35.7745959 ], [ -5.828923, 35.7743903 ], [ -5.828982, 35.7741901 ], [ -5.8290544, 35.7739213 ], [ -5.8290745, 35.7738484 ], [ -5.8291456, 35.7736286 ], [ -5.829206, 35.773485 ], [ -5.8293562, 35.773225 ], [ -5.8294891, 35.7729939 ], [ -5.8295506, 35.7728594 ], [ -5.8297558, 35.7724753 ], [ -5.8298886, 35.772262 ], [ -5.8299898, 35.7720966 ], [ -5.8301206, 35.7719116 ], [ -5.830252, 35.7717364 ], [ -5.8304626, 35.7714775 ], [ -5.8306162, 35.7712858 ], [ -5.8307938, 35.7710955 ], [ -5.8309937, 35.7709018 ], [ -5.8311801, 35.7707093 ], [ -5.8314349, 35.7704568 ], [ -5.8315294, 35.7703591 ], [ -5.8316018, 35.7702811 ], [ -5.8316334, 35.7702397 ], [ -5.8316595, 35.7702033 ], [ -5.8316843, 35.7701608 ], [ -5.8316997, 35.7701342 ], [ -5.8317232, 35.7700863 ], [ -5.8317507, 35.7700275 ], [ -5.8317876, 35.7699476 ], [ -5.8318479, 35.7698126 ], [ -5.8318792, 35.7697506 ], [ -5.831911, 35.7696875 ], [ -5.8319566, 35.7695972 ], [ -5.8320102, 35.7694992 ], [ -5.8320786, 35.7693883 ], [ -5.8321604, 35.7692566 ], [ -5.8322597, 35.7690999 ], [ -5.8324125, 35.7688627 ], [ -5.8325279, 35.768694 ], [ -5.8326513, 35.768521 ], [ -5.8327854, 35.768323 ], [ -5.8329289, 35.7681222 ], [ -5.8329979, 35.7680243 ], [ -5.83313, 35.7678257 ], [ -5.8333044, 35.7675515 ], [ -5.8336316, 35.7670509 ], [ -5.8338287, 35.7667299 ], [ -5.8340051, 35.7664829 ], [ -5.8340457, 35.7664273 ], [ -5.8341316, 35.7663098 ], [ -5.8342485, 35.7661499 ] ], [ [ -5.8342485, 35.7661499 ], [ -5.8342978, 35.7661232 ], [ -5.8343374, 35.7660928 ], [ -5.8343934, 35.7660432 ], [ -5.8344195, 35.7660158 ], [ -5.8344577, 35.7659755 ] ], [ [ -5.8344577, 35.7659755 ], [ -5.8344989, 35.7659636 ], [ -5.8345301, 35.7659385 ], [ -5.8345452, 35.7659052 ] ], [ [ -5.8345452, 35.7659052 ], [ -5.834612, 35.765861 ], [ -5.8346944, 35.7658125 ], [ -5.8348654, 35.7657016 ], [ -5.8350243, 35.7655873 ], [ -5.8352617, 35.7654186 ], [ -5.8354448, 35.7652891 ], [ -5.8357398, 35.765065 ], [ -5.836, 35.7648668 ], [ -5.8362199, 35.764689 ], [ -5.8364519, 35.7645013 ], [ -5.8367081, 35.7643087 ], [ -5.837034, 35.7640682 ], [ -5.8373096, 35.7638663 ], [ -5.8374551, 35.7637569 ], [ -5.8376321, 35.7636302 ], [ -5.8378749, 35.7634381 ], [ -5.8382921, 35.763123 ], [ -5.8385637, 35.7629216 ] ], [ [ -5.8385637, 35.7629216 ], [ -5.8386417, 35.7629132 ] ], [ [ -5.8386417, 35.7629132 ], [ -5.8386987, 35.7628828 ], [ -5.8387356, 35.7628363 ], [ -5.8387449, 35.7627685 ], [ -5.838738, 35.7627466 ] ], [ [ -5.838738, 35.7627466 ], [ -5.8388104, 35.7626824 ], [ -5.8391365, 35.7623933 ], [ -5.8405106, 35.7611751 ], [ -5.8407745, 35.7609752 ], [ -5.8410809, 35.7607345 ], [ -5.8411443, 35.7606882 ], [ -5.8412645, 35.7606005 ], [ -5.8413628, 35.7605267 ], [ -5.8418524, 35.7601657 ], [ -5.8419853, 35.7600677 ], [ -5.8429014, 35.759438 ], [ -5.8429969, 35.7593673 ], [ -5.8434375, 35.7590291 ], [ -5.8439186, 35.7586598 ] ], [ [ -5.8439186, 35.7586598 ], [ -5.8441999, 35.7584665 ], [ -5.8446102, 35.7582442 ], [ -5.8451327, 35.7580774 ], [ -5.845277, 35.7580313 ], [ -5.845661, 35.7578392 ], [ -5.8465752, 35.7572964 ], [ -5.8466623, 35.7572507 ], [ -5.8469272, 35.7571118 ], [ -5.8470155, 35.7570715 ], [ -5.8471007, 35.7570514 ] ], [ [ -5.8471007, 35.7570514 ], [ -5.8471535, 35.7570478 ], [ -5.8472011, 35.757029 ], [ -5.8472373, 35.7569975 ], [ -5.847257, 35.7569576 ], [ -5.8472578, 35.756915 ] ], [ [ -5.8472578, 35.756915 ], [ -5.8473553, 35.7568387 ], [ -5.8475632, 35.7567065 ], [ -5.8476839, 35.7566297 ], [ -5.8478554, 35.7565265 ], [ -5.8480378, 35.7564046 ], [ -5.8481944, 35.7562889 ], [ -5.8482982, 35.7562125 ], [ -5.848831, 35.7557569 ], [ -5.8490037, 35.7556097 ], [ -5.8491522, 35.7554817 ], [ -5.849517, 35.7551508 ], [ -5.8497155, 35.7549669 ], [ -5.8498582, 35.7548041 ], [ -5.8498996, 35.7547493 ], [ -5.8500298, 35.7546459 ], [ -5.8507121, 35.7538298 ], [ -5.8508061, 35.7537034 ], [ -5.8508312, 35.7536697 ], [ -5.8509528, 35.7534843 ] ], [ [ -5.8509528, 35.7534843 ], [ -5.8509677, 35.7534849 ], [ -5.8509872, 35.7534836 ] ], [ [ -5.8509872, 35.7534836 ], [ -5.85101, 35.7534798 ], [ -5.851048, 35.7534698 ], [ -5.8510831, 35.7534546 ], [ -5.851115, 35.7534345 ] ], [ [ -5.851115, 35.7534345 ], [ -5.851144, 35.7534068 ] ], [ [ -5.851144, 35.7534068 ], [ -5.8511728, 35.7533611 ], [ -5.8511848, 35.7533106 ], [ -5.8511823, 35.7532844 ], [ -5.8511733, 35.7532431 ] ], [ [ -5.8511733, 35.7532431 ], [ -5.8512864, 35.7531879 ], [ -5.8513482, 35.7531394 ], [ -5.8514705, 35.7530195 ], [ -5.8514912, 35.7530004 ] ], [ [ -5.8514912, 35.7530004 ], [ -5.8518262, 35.7526915 ], [ -5.8519985, 35.7525336 ], [ -5.8525162, 35.7520591 ], [ -5.8525908, 35.7519256 ], [ -5.8527623, 35.7517409 ], [ -5.8528781, 35.7516244 ], [ -5.8530048, 35.751507 ], [ -5.8531563, 35.7513828 ], [ -5.8532716, 35.751293 ], [ -5.8534405, 35.7511781 ], [ -5.853628, 35.7510733 ], [ -5.8542285, 35.7507983 ], [ -5.8552973, 35.7503319 ], [ -5.8553812, 35.7502943 ], [ -5.8564438, 35.7498256 ], [ -5.8566282, 35.7497242 ], [ -5.8567673, 35.7496306 ], [ -5.8571248, 35.7493789 ], [ -5.8578269, 35.7488049 ], [ -5.8583917, 35.7483474 ], [ -5.8585452, 35.7482308 ], [ -5.8589588, 35.7478991 ], [ -5.8593149, 35.7476385 ], [ -5.859593, 35.7474349 ], [ -5.8597254, 35.7473451 ], [ -5.8599146, 35.7472219 ], [ -5.8605017, 35.7468227 ], [ -5.8608017, 35.7466402 ], [ -5.8610054, 35.7465393 ] ], [ [ -5.8610054, 35.7465393 ], [ -5.8610409, 35.7465361 ], [ -5.8610786, 35.7465236 ], [ -5.8611102, 35.7465028 ], [ -5.861133, 35.7464754 ], [ -5.8611385, 35.7464645 ] ], [ [ -5.8611385, 35.7464645 ], [ -5.8617178, 35.7458926 ], [ -5.8621368, 35.7454957 ], [ -5.8623619, 35.7453095 ], [ -5.8626719, 35.7450874 ], [ -5.863052, 35.7448719 ], [ -5.8641561, 35.7442475 ], [ -5.8644483, 35.7440825 ], [ -5.8648549, 35.7438541 ], [ -5.8652398, 35.7436441 ], [ -5.8657163, 35.7433712 ], [ -5.8657574, 35.7433435 ], [ -5.8658935, 35.7432538 ], [ -5.8661961, 35.7430427 ], [ -5.866578, 35.7427379 ], [ -5.8669968, 35.7424104 ], [ -5.867119, 35.7423221 ], [ -5.8673491, 35.7421367 ], [ -5.8676946, 35.7418737 ], [ -5.867959, 35.7416636 ], [ -5.8681892, 35.7415076 ], [ -5.8683332, 35.7414164 ], [ -5.8684326, 35.7413479 ], [ -5.8692046, 35.7408818 ], [ -5.8694204, 35.7407418 ], [ -5.8695804, 35.7406249 ], [ -5.8697206, 35.740516 ], [ -5.8699232, 35.7403104 ], [ -5.8702452, 35.7399879 ], [ -5.8703209, 35.7399093 ], [ -5.8704034, 35.7398358 ], [ -5.8704864, 35.7397745 ], [ -5.8705894, 35.7397085 ], [ -5.8707472, 35.7396275 ], [ -5.8708844, 35.7395716 ], [ -5.870986, 35.7395337 ], [ -5.8711531, 35.7394861 ], [ -5.8713663, 35.7394438 ], [ -5.8715941, 35.7394046 ], [ -5.8722198, 35.7393099 ], [ -5.8733168, 35.7391431 ], [ -5.8736936, 35.7390817 ], [ -5.874141, 35.7389907 ], [ -5.874251, 35.7389667 ], [ -5.8743784, 35.7389395 ], [ -5.874643, 35.7388625 ] ], [ [ -5.874643, 35.7388625 ], [ -5.8747955, 35.7388155 ], [ -5.8752873, 35.7386521 ] ], [ [ -5.8752873, 35.7386521 ], [ -5.8753243, 35.7386592 ], [ -5.8753622, 35.7386578 ] ], [ [ -5.8753622, 35.7386578 ], [ -5.8753986, 35.7386481 ], [ -5.8754303, 35.7386307 ], [ -5.8754549, 35.7386069 ] ], [ [ -5.8754549, 35.7386069 ], [ -5.8754678, 35.7385856 ], [ -5.8754756, 35.7385583 ] ], [ [ -5.8754756, 35.7385583 ], [ -5.8755907, 35.7384715 ], [ -5.8757061, 35.7383942 ], [ -5.875808, 35.7383376 ], [ -5.8760373, 35.7382135 ], [ -5.8762938, 35.7380864 ], [ -5.8763646, 35.7380513 ], [ -5.8766623, 35.7378967 ], [ -5.8768514, 35.7377911 ], [ -5.8771464, 35.737593 ], [ -5.8775152, 35.7373622 ], [ -5.8776909, 35.7372686 ], [ -5.8779264, 35.737143 ] ], [ [ -5.8779264, 35.737143 ], [ -5.8779491, 35.7371482 ], [ -5.8779726, 35.7371494 ], [ -5.877996, 35.7371467 ] ], [ [ -5.877996, 35.7371467 ], [ -5.878025, 35.737137 ], [ -5.8780496, 35.7371213 ], [ -5.8780679, 35.7371006 ], [ -5.8780785, 35.7370767 ], [ -5.8780809, 35.7370564 ], [ -5.8780795, 35.7370475 ] ], [ [ -5.8780795, 35.7370475 ], [ -5.8780736, 35.7370275 ] ], [ [ -5.8780736, 35.7370275 ], [ -5.8782778, 35.7368975 ], [ -5.8788349, 35.7365257 ], [ -5.8790106, 35.7363934 ], [ -5.8792426, 35.7362224 ], [ -5.8793753, 35.7361081 ], [ -5.8795095, 35.7359819 ], [ -5.8796932, 35.7358186 ], [ -5.88007, 35.7354408 ], [ -5.8804643, 35.7350555 ], [ -5.8807378, 35.7348008 ], [ -5.8809759, 35.7345792 ], [ -5.8811074, 35.7344703 ] ], [ [ -5.8811074, 35.7344703 ], [ -5.881271, 35.7344012 ], [ -5.8813374, 35.7343718 ], [ -5.8814752, 35.7343002 ] ], [ [ -5.8814752, 35.7343002 ], [ -5.8815345, 35.7342915 ], [ -5.8815616, 35.7342872 ], [ -5.8816841, 35.7342532 ] ], [ [ -5.8816841, 35.7342532 ], [ -5.8817464, 35.7342308 ], [ -5.8818289, 35.7341911 ], [ -5.8818812, 35.7341661 ], [ -5.8819456, 35.7341378 ], [ -5.8820676, 35.7340817 ], [ -5.882195, 35.7340333 ], [ -5.8823244, 35.7339941 ], [ -5.8824424, 35.7339571 ], [ -5.8825953, 35.7339277 ], [ -5.8827683, 35.7339092 ], [ -5.8829561, 35.7338972 ], [ -5.883168, 35.7338928 ], [ -5.883408, 35.7338994 ], [ -5.8834968, 35.7339022 ], [ -5.883856, 35.7339135 ], [ -5.8841443, 35.7339244 ], [ -5.8843133, 35.7339331 ], [ -5.8844876, 35.733944 ], [ -5.8851729, 35.7339843 ], [ -5.8853473, 35.7339843 ], [ -5.8855833, 35.7339919 ], [ -5.886046, 35.7340278 ], [ -5.8863477, 35.7340452 ], [ -5.8865127, 35.7340431 ], [ -5.887485, 35.7340808 ], [ -5.889852, 35.7341911 ] ], [ [ -5.889852, 35.7341911 ], [ -5.8915526, 35.7342825 ], [ -5.8917967, 35.7342957 ], [ -5.8920145, 35.7343059 ] ], [ [ -5.8920145, 35.7343059 ], [ -5.8926475, 35.7343268 ] ] ] } },
{ "type": "Feature", "properties": { "name": "Iberia-Mediouna", "Number": "L5" }, "geometry": { "type": "MultiLineString", "coordinates": [ [ [ -5.8176427, 35.7819312 ], [ -5.8178146, 35.7821381 ], [ -5.8179273, 35.7822599 ] ], [ [ -5.8179273, 35.7822599 ], [ -5.8180647, 35.7822135 ], [ -5.81817, 35.7821642 ], [ -5.8184664, 35.7820467 ] ], [ [ -5.8184664, 35.7820467 ], [ -5.8187936, 35.7819237 ], [ -5.8190793, 35.7818193 ], [ -5.8192858, 35.7817453 ], [ -5.8194628, 35.7816844 ], [ -5.8197727, 35.7816119 ] ], [ [ -5.8197727, 35.7816119 ], [ -5.820126, 35.7815246 ], [ -5.8202972, 35.781477 ] ], [ [ -5.8202972, 35.781477 ], [ -5.8204517, 35.7814671 ], [ -5.820613, 35.7814561 ] ], [ [ -5.820613, 35.7814561 ], [ -5.8206459, 35.7814899 ], [ -5.8206898, 35.7815139 ], [ -5.8207406, 35.7815261 ] ], [ [ -5.8207406, 35.7815261 ], [ -5.8207979, 35.7815246 ], [ -5.8208512, 35.7815078 ] ], [ [ -5.8208512, 35.7815078 ], [ -5.820883, 35.7814894 ], [ -5.8209084, 35.7814654 ], [ -5.8209259, 35.7814371 ], [ -5.8209345, 35.7814062 ] ], [ [ -5.8209345, 35.7814062 ], [ -5.8209991, 35.7813569 ], [ -5.8210525, 35.7813285 ], [ -5.8211302, 35.781288 ] ], [ [ -5.8228311, 35.7808042 ], [ -5.8226238, 35.7808923 ], [ -5.8220847, 35.781055 ], [ -5.8217253, 35.7811496 ], [ -5.8216478, 35.7811654 ], [ -5.8211685, 35.7812789 ], [ -5.8211302, 35.781288 ] ], [ [ -5.8242489, 35.7801928 ], [ -5.824239, 35.7801973 ], [ -5.8241357, 35.780244 ], [ -5.8240081, 35.7802944 ], [ -5.8230872, 35.7806882 ], [ -5.8228311, 35.7808042 ] ], [ [ -5.8242489, 35.7801928 ], [ -5.8243108, 35.7801938 ], [ -5.8243599, 35.7802114 ], [ -5.8244078, 35.7802285 ] ], [ [ -5.8244078, 35.7802285 ], [ -5.8244282, 35.7802383 ], [ -5.8244559, 35.7802444 ], [ -5.8244978, 35.780245 ] ], [ [ -5.8244978, 35.780245 ], [ -5.8245455, 35.7802283 ], [ -5.8245644, 35.7802148 ] ], [ [ -5.8245644, 35.7802148 ], [ -5.8246565, 35.7801963 ], [ -5.8247164, 35.78018 ], [ -5.8249748, 35.7801273 ] ], [ [ -5.8312438, 35.7789927 ], [ -5.8311539, 35.779034 ], [ -5.8309601, 35.7791162 ], [ -5.8307844, 35.7791885 ], [ -5.8306805, 35.7792321 ], [ -5.830586, 35.779268 ], [ -5.830482, 35.779299 ], [ -5.8301588, 35.7793817 ], [ -5.8290457, 35.7796515 ], [ -5.8286973, 35.7797403 ], [ -5.8281876, 35.7798681 ], [ -5.8278137, 35.7799766 ], [ -5.8275108, 35.7800448 ], [ -5.8272453, 35.7801046 ], [ -5.8271112, 35.7801264 ], [ -5.8269314, 35.7801525 ], [ -5.8268107, 35.7801563 ], [ -5.8266538, 35.7801579 ], [ -5.8265137, 35.7800918 ], [ -5.8263685, 35.7800385 ], [ -5.8262656, 35.7800187 ], [ -5.8261717, 35.7800078 ], [ -5.8260705, 35.7800051 ], [ -5.8259719, 35.7800132 ], [ -5.8258666, 35.7800241 ], [ -5.8256158, 35.7800589 ], [ -5.8253275, 35.7800948 ], [ -5.8252309, 35.780109 ], [ -5.8249748, 35.7801273 ] ], [ [ -5.8314456, 35.7788977 ], [ -5.8313511, 35.7789508 ], [ -5.8312438, 35.7789927 ] ], [ [ -5.8314456, 35.7788977 ], [ -5.8315058, 35.7788934 ], [ -5.8315651, 35.7788869 ] ], [ [ -5.8315651, 35.7788869 ], [ -5.8315961, 35.7789066 ], [ -5.8316326, 35.7789184 ], [ -5.8316718, 35.7789213 ], [ -5.8317104, 35.7789152 ], [ -5.8317453, 35.7789005 ], [ -5.8317737, 35.7788784 ], [ -5.8317933, 35.7788508 ], [ -5.8318025, 35.7788197 ] ], [ [ -5.8318025, 35.7788197 ], [ -5.831915, 35.7787011 ] ], [ [ -5.8333927, 35.77855 ], [ -5.8332722, 35.7785031 ], [ -5.8330878, 35.778459 ], [ -5.8329832, 35.778446 ], [ -5.8328779, 35.7784411 ], [ -5.8327498, 35.7784422 ], [ -5.8326378, 35.7784579 ], [ -5.8325131, 35.7784726 ], [ -5.8323683, 35.7785129 ], [ -5.8321899, 35.7785684 ], [ -5.8320773, 35.7786228 ], [ -5.8319981, 35.7786619 ], [ -5.831915, 35.7787011 ] ], [ [ -5.8333927, 35.77855 ], [ -5.8334779, 35.7786628 ], [ -5.8335509, 35.7787334 ], [ -5.8336504, 35.7788068 ] ], [ [ -5.8336504, 35.7788068 ], [ -5.8336629, 35.7788379 ] ], [ [ -5.8336629, 35.7788379 ], [ -5.8336703, 35.7789659 ], [ -5.833753, 35.7791624 ] ], [ [ -5.8421684, 35.7807971 ], [ -5.8420128, 35.7807085 ], [ -5.8417835, 35.7805681 ], [ -5.8416608, 35.7804936 ], [ -5.8415589, 35.7804321 ], [ -5.8412907, 35.7802657 ], [ -5.8411163, 35.7801536 ], [ -5.8408012, 35.7799665 ], [ -5.8405463, 35.7798163 ], [ -5.8403379, 35.7797099 ], [ -5.8402017, 35.7796596 ], [ -5.8400944, 35.7796314 ], [ -5.8399375, 35.7796074 ], [ -5.8398342, 35.7795971 ], [ -5.8396968, 35.7795906 ], [ -5.839562, 35.7795818 ], [ -5.8394446, 35.7795873 ], [ -5.8393494, 35.7796036 ], [ -5.8392797, 35.7796243 ], [ -5.8392059, 35.7796493 ], [ -5.8391456, 35.7796852 ], [ -5.8388458, 35.7798783 ], [ -5.8384207, 35.7801917 ], [ -5.8381632, 35.780356 ], [ -5.8380546, 35.7804082 ], [ -5.8379795, 35.7804354 ], [ -5.8378936, 35.780455 ], [ -5.8375785, 35.780493 ], [ -5.8373089, 35.7805284 ], [ -5.836922, 35.7805703 ], [ -5.8366022, 35.780604 ], [ -5.8363245, 35.7806225 ], [ -5.8361495, 35.780628 ], [ -5.8360349, 35.7806182 ], [ -5.8359531, 35.7806089 ], [ -5.8358934, 35.7806029 ], [ -5.8355863, 35.7805567 ], [ -5.835318, 35.780511 ], [ -5.835021, 35.7804571 ], [ -5.8345932, 35.7803842 ], [ -5.8344685, 35.780344 ], [ -5.8343303, 35.7802929 ], [ -5.8342311, 35.7802385 ], [ -5.834156, 35.7801851 ], [ -5.8340862, 35.7801307 ], [ -5.8340259, 35.7800578 ], [ -5.8339186, 35.7799262 ], [ -5.8338448, 35.7797891 ], [ -5.833818, 35.7797053 ], [ -5.8337714, 35.7794707 ], [ -5.8337577, 35.7793521 ], [ -5.833753, 35.7791624 ] ], [ [ -5.8421684, 35.7807971 ], [ -5.8423534, 35.780974 ] ], [ [ -5.8423534, 35.780974 ], [ -5.8423484, 35.7810053 ], [ -5.8423517, 35.7810367 ], [ -5.8423621, 35.7810648 ], [ -5.8423793, 35.7810906 ] ], [ [ -5.8423793, 35.7810906 ], [ -5.8424257, 35.7811288 ], [ -5.842486, 35.7811508 ] ], [ [ -5.842486, 35.7811508 ], [ -5.8425183, 35.7811547 ], [ -5.842551, 35.7811538 ], [ -5.8426015, 35.7811425 ], [ -5.8426458, 35.7811199 ], [ -5.8426803, 35.7810879 ] ], [ [ -5.8426803, 35.7810879 ], [ -5.8427021, 35.7810491 ], [ -5.8427091, 35.7810068 ], [ -5.8427008, 35.7809647 ] ], [ [ -5.8427008, 35.7809647 ], [ -5.8426775, 35.7809259 ], [ -5.8426413, 35.7808943 ] ], [ [ -5.8426413, 35.7808943 ], [ -5.8428058, 35.7806047 ] ], [ [ -5.8452685, 35.779039 ], [ -5.8451659, 35.7790672 ], [ -5.8449823, 35.7791178 ], [ -5.8446616, 35.7792257 ], [ -5.8443487, 35.7793554 ], [ -5.844225, 35.7794178 ], [ -5.8440641, 35.7795048 ], [ -5.8437914, 35.7796832 ], [ -5.8436747, 35.7797686 ], [ -5.8435206, 35.7798937 ], [ -5.8433869, 35.7800002 ], [ -5.8431733, 35.7802077 ], [ -5.8430308, 35.7803571 ], [ -5.8429723, 35.7804177 ], [ -5.8429053, 35.7804872 ], [ -5.8428058, 35.7806047 ] ], [ [ -5.8455832, 35.7818307 ], [ -5.8457351, 35.7815049 ], [ -5.8458652, 35.7813275 ], [ -5.8459617, 35.7811676 ], [ -5.8460556, 35.7810055 ], [ -5.8460891, 35.7809239 ], [ -5.8461012, 35.7808836 ], [ -5.8461294, 35.7807727 ], [ -5.8461508, 35.7805708 ], [ -5.8461569, 35.7804212 ], [ -5.8461354, 35.7802118 ], [ -5.8461213, 35.7800578 ], [ -5.8460784, 35.7799077 ], [ -5.8460362, 35.7797586 ], [ -5.8459543, 35.7795552 ], [ -5.845896, 35.7794529 ], [ -5.8458169, 35.7793659 ], [ -5.8457553, 35.7793071 ], [ -5.8456465, 35.7792464 ], [ -5.8455332, 35.7791939 ], [ -5.8453519, 35.7791339 ], [ -5.8452939, 35.7790928 ], [ -5.8452685, 35.779039 ] ], [ [ -5.8436155, 35.7854455 ], [ -5.8437476, 35.7852393 ], [ -5.8438006, 35.7851425 ], [ -5.8439346, 35.7848715 ], [ -5.8440372, 35.7846485 ], [ -5.8441097, 35.784475 ], [ -5.8441941, 35.7842215 ], [ -5.8443256, 35.7839386 ], [ -5.8443551, 35.7838679 ], [ -5.8443993, 35.7838059 ], [ -5.8444691, 35.7837145 ], [ -5.8445415, 35.7836481 ], [ -5.8447467, 35.7834719 ], [ -5.8448365, 35.7833892 ], [ -5.8449371, 35.7832804 ], [ -5.8450136, 35.783176 ], [ -5.8450779, 35.7830694 ], [ -5.8451638, 35.782917 ], [ -5.8452778, 35.7826853 ], [ -5.8453529, 35.7824971 ], [ -5.8454563, 35.7821343 ], [ -5.8455446, 35.7819248 ], [ -5.8455832, 35.7818307 ] ], [ [ -5.841188, 35.7898762 ], [ -5.8412701, 35.7897648 ], [ -5.8414033, 35.7896037 ], [ -5.8415305, 35.7894693 ], [ -5.8416785, 35.7893357 ], [ -5.8418361, 35.7892116 ], [ -5.8419908, 35.7890998 ], [ -5.8420956, 35.7890149 ], [ -5.8421885, 35.7889215 ], [ -5.8422752, 35.7888172 ], [ -5.8424011, 35.788627 ], [ -5.8426399, 35.7882178 ], [ -5.8430086, 35.787731 ], [ -5.8431253, 35.7875536 ], [ -5.8432041, 35.7874442 ], [ -5.8434091, 35.7871098 ], [ -5.8436207, 35.7867453 ], [ -5.8436736, 35.7866068 ], [ -5.8436718, 35.7864838 ], [ -5.8436116, 35.7861837 ], [ -5.8435743, 35.7860284 ], [ -5.8435514, 35.7858729 ], [ -5.843558, 35.7856578 ], [ -5.8435803, 35.7855357 ], [ -5.8436077, 35.7854912 ], [ -5.8436155, 35.7854455 ] ], [ [ -5.8519196, 35.7893466 ], [ -5.8515917, 35.7895245 ], [ -5.8510505, 35.7897993 ], [ -5.8503233, 35.7901927 ], [ -5.850144, 35.7903148 ], [ -5.850012, 35.7904168 ], [ -5.8499765, 35.7904443 ], [ -5.849757, 35.7906165 ], [ -5.8494902, 35.7908296 ], [ -5.8494426, 35.7908652 ], [ -5.8493862, 35.7909066 ], [ -5.8493447, 35.790933 ], [ -5.849297, 35.7909561 ], [ -5.8491737, 35.7910012 ], [ -5.8490333, 35.7910443 ], [ -5.8484551, 35.7911643 ], [ -5.8479633, 35.7913085 ], [ -5.8478151, 35.791258 ], [ -5.8476542, 35.7911818 ], [ -5.8472559, 35.7910687 ], [ -5.8467038, 35.7908763 ], [ -5.8461138, 35.7906747 ], [ -5.845866, 35.7906072 ], [ -5.8456156, 35.7905321 ], [ -5.8453906, 35.7904575 ], [ -5.8451499, 35.7904075 ], [ -5.8447392, 35.7903296 ], [ -5.8442383, 35.7902598 ], [ -5.8440278, 35.7902327 ], [ -5.8439303, 35.7902265 ], [ -5.843716, 35.7902128 ], [ -5.8434458, 35.7902223 ], [ -5.8430488, 35.7902621 ], [ -5.8428665, 35.7902898 ], [ -5.8425902, 35.790342 ], [ -5.842448, 35.7903692 ], [ -5.8422241, 35.7904334 ], [ -5.8420685, 35.7904823 ], [ -5.8419241, 35.7905265 ], [ -5.8417843, 35.7905912 ], [ -5.8416206, 35.7907007 ], [ -5.8415173, 35.7907652 ], [ -5.8414234, 35.7907935 ], [ -5.8413041, 35.7907913 ], [ -5.8411753, 35.790775 ], [ -5.8410589, 35.7907426 ], [ -5.8409713, 35.7906857 ], [ -5.8409138, 35.7906164 ], [ -5.8408725, 35.790532 ], [ -5.8408668, 35.7904066 ], [ -5.8408927, 35.7902821 ], [ -5.8410514, 35.7900639 ], [ -5.841188, 35.7898762 ] ], [ [ -5.8657879, 35.7875565 ], [ -5.8657175, 35.7875505 ], [ -5.865455, 35.7875256 ], [ -5.8653279, 35.7875135 ], [ -5.8650235, 35.7874847 ], [ -5.8647902, 35.7874657 ], [ -5.8637984, 35.7873797 ], [ -5.8631983, 35.7873275 ], [ -5.8628415, 35.7872856 ], [ -5.8624499, 35.787224 ], [ -5.8622058, 35.7871591 ], [ -5.8619531, 35.7871094 ], [ -5.861717, 35.7870822 ], [ -5.8615132, 35.7870838 ], [ -5.8613623, 35.7870998 ], [ -5.8612309, 35.7871241 ], [ -5.8609526, 35.7871643 ], [ -5.8607615, 35.787173 ], [ -5.8605777, 35.7871673 ], [ -5.8602163, 35.7871442 ], [ -5.8599199, 35.7871279 ], [ -5.859065, 35.7870664 ], [ -5.8586063, 35.7870136 ], [ -5.8581825, 35.7869571 ], [ -5.8580592, 35.7869446 ], [ -5.8575737, 35.786882 ], [ -5.8573376, 35.7868586 ], [ -5.8571184, 35.7868417 ], [ -5.8569581, 35.7868336 ], [ -5.8566584, 35.7868379 ], [ -5.8564324, 35.7868385 ], [ -5.8563184, 35.7868559 ], [ -5.8560911, 35.7868749 ], [ -5.8559067, 35.7869157 ], [ -5.8558255, 35.7869519 ], [ -5.8557545, 35.7869919 ], [ -5.8556864, 35.7870286 ], [ -5.8556197, 35.7870762 ], [ -5.8554708, 35.7871969 ], [ -5.855328, 35.7873536 ], [ -5.8549458, 35.7878138 ], [ -5.8546434, 35.7881799 ], [ -5.8544804, 35.7883218 ], [ -5.8542917, 35.7884537 ], [ -5.8542497, 35.7884793 ], [ -5.8541857, 35.7885166 ], [ -5.8541156, 35.7885421 ], [ -5.8537009, 35.7886993 ], [ -5.8529777, 35.7889289 ], [ -5.8522421, 35.7891992 ], [ -5.8519196, 35.7893466 ] ], [ [ -5.8657879, 35.7875565 ], [ -5.8660246, 35.7875821 ], [ -5.8662151, 35.787594 ], [ -5.8665007, 35.7876071 ], [ -5.8666949, 35.7876146 ] ], [ [ -5.8666949, 35.7876146 ], [ -5.8667458, 35.7876437 ], [ -5.8668062, 35.7876557 ], [ -5.8668371, 35.7876524 ], [ -5.8668678, 35.7876492 ], [ -5.8669224, 35.7876249 ] ], [ [ -5.8669224, 35.7876249 ], [ -5.867186, 35.7876484 ], [ -5.8672719, 35.7876517 ], [ -5.8673014, 35.7876511 ], [ -5.8674831, 35.7876571 ], [ -5.8676715, 35.7876609 ], [ -5.8678553, 35.7876571 ] ], [ [ -5.889785, 35.7836133 ], [ -5.8896683, 35.7836917 ], [ -5.8895597, 35.7837559 ], [ -5.889435, 35.783813 ], [ -5.8893176, 35.7838489 ], [ -5.8891124, 35.7838891 ], [ -5.8888409, 35.7839223 ], [ -5.8882682, 35.783968 ], [ -5.8879919, 35.7839963 ], [ -5.8878163, 35.7840148 ], [ -5.887721, 35.7840316 ], [ -5.8876198, 35.7840583 ], [ -5.8875252, 35.7840937 ], [ -5.8872899, 35.784197 ], [ -5.8870518, 35.7843194 ], [ -5.886793, 35.7844652 ], [ -5.8865764, 35.7846066 ], [ -5.8863907, 35.7847551 ], [ -5.8861969, 35.7849161 ], [ -5.886054, 35.7850538 ], [ -5.885814, 35.7853421 ], [ -5.8854613, 35.7857642 ], [ -5.8852816, 35.7859839 ], [ -5.8848687, 35.7864459 ], [ -5.8845636, 35.7867398 ], [ -5.8842356, 35.7870926 ], [ -5.8840377, 35.7872709 ], [ -5.883858, 35.7874075 ], [ -5.8837038, 35.7875157 ], [ -5.883581, 35.7875859 ], [ -5.8833323, 35.7876963 ], [ -5.8831231, 35.787767 ], [ -5.8829255, 35.787832 ], [ -5.8827308, 35.7878832 ], [ -5.8825323, 35.7879226 ], [ -5.8823513, 35.787953 ], [ -5.8821675, 35.7879813 ], [ -5.8819905, 35.7879933 ], [ -5.8817115, 35.788002 ], [ -5.8814138, 35.7880042 ], [ -5.8810209, 35.7880042 ], [ -5.8807983, 35.7879933 ], [ -5.8806454, 35.7879813 ], [ -5.8805126, 35.7879672 ], [ -5.8801109, 35.7879133 ], [ -5.8796382, 35.7878497 ], [ -5.8789448, 35.7877572 ], [ -5.878741, 35.7877355 ], [ -5.8785734, 35.7877224 ], [ -5.8784084, 35.7877148 ], [ -5.8781067, 35.787705 ], [ -5.8778773, 35.7876985 ], [ -5.8773838, 35.7876941 ], [ -5.8767428, 35.7876919 ], [ -5.8761714, 35.7876985 ], [ -5.8757276, 35.7877006 ], [ -5.8754191, 35.7876952 ], [ -5.8751012, 35.7876919 ], [ -5.8748169, 35.7876843 ], [ -5.8742456, 35.7876832 ], [ -5.8740002, 35.7876865 ], [ -5.8736314, 35.7876832 ], [ -5.8734289, 35.7876873 ], [ -5.8728817, 35.7876865 ], [ -5.8722514, 35.7876843 ], [ -5.8714977, 35.7876832 ], [ -5.8710417, 35.7876832 ], [ -5.8706702, 35.78768 ], [ -5.8704919, 35.78768 ], [ -5.8701673, 35.7876789 ], [ -5.8694726, 35.7876756 ], [ -5.8686773, 35.787668 ], [ -5.8678553, 35.7876571 ] ], [ [ -5.9100171, 35.7702774 ], [ -5.9098855, 35.7705134 ], [ -5.9097353, 35.7708246 ], [ -5.9096929, 35.7709249 ], [ -5.9096436, 35.7710413 ], [ -5.9095475, 35.7712685 ], [ -5.9093464, 35.7717128 ], [ -5.9093135, 35.7717856 ], [ -5.9091881, 35.7720803 ], [ -5.9090253, 35.7724134 ], [ -5.9089947, 35.7724759 ], [ -5.9088651, 35.772698 ], [ -5.9087551, 35.7728885 ], [ -5.9085372, 35.7732529 ], [ -5.9083177, 35.7736199 ], [ -5.9080165, 35.774093 ], [ -5.9075922, 35.77472 ], [ -5.9071898, 35.7751965 ], [ -5.9068554, 35.7755677 ], [ -5.9065515, 35.7758559 ], [ -5.9062108, 35.7761606 ], [ -5.9058622, 35.7764783 ], [ -5.9055483, 35.776735 ], [ -5.9054196, 35.776833 ], [ -5.905264, 35.7769157 ], [ -5.9050924, 35.7769875 ], [ -5.9049234, 35.7770528 ], [ -5.904631, 35.777142 ], [ -5.9040356, 35.7773248 ], [ -5.9037674, 35.7774096 ], [ -5.9033543, 35.7775228 ], [ -5.9030271, 35.7775989 ], [ -5.9028339, 35.7776272 ], [ -5.9025858, 35.7776359 ], [ -5.9023404, 35.7776441 ], [ -5.902237, 35.7776428 ], [ -5.9021337, 35.7776389 ], [ -5.9020307, 35.7776324 ], [ -5.9019442, 35.7776283 ], [ -5.9018575, 35.777629 ], [ -5.9017711, 35.7776345 ], [ -5.9016854, 35.7776448 ], [ -5.9011227, 35.7777926 ], [ -5.9008813, 35.7778753 ], [ -5.9004844, 35.7780276 ], [ -5.8999546, 35.7782909 ], [ -5.8996542, 35.7784999 ], [ -5.8993712, 35.7787087 ], [ -5.8991472, 35.7788752 ], [ -5.8990011, 35.7789992 ], [ -5.8987878, 35.7791777 ], [ -5.8984941, 35.7793213 ], [ -5.897963, 35.7795704 ], [ -5.8971248, 35.7799784 ], [ -5.8966501, 35.7802102 ], [ -5.8964302, 35.7803016 ], [ -5.8961445, 35.7803995 ], [ -5.8958589, 35.78048 ], [ -5.8956403, 35.7805398 ], [ -5.8955075, 35.7805833 ], [ -5.8953922, 35.7806432 ], [ -5.8953023, 35.7807074 ], [ -5.8951668, 35.7808205 ], [ -5.8950864, 35.7808804 ], [ -5.8949965, 35.780925 ], [ -5.8948718, 35.7809598 ], [ -5.8946264, 35.7810055 ], [ -5.8944333, 35.7810501 ], [ -5.8941892, 35.7811208 ], [ -5.8938217, 35.7812448 ], [ -5.8932316, 35.781457 ], [ -5.8927663, 35.7816398 ], [ -5.8923425, 35.7818269 ], [ -5.8920863, 35.7819651 ], [ -5.8918731, 35.7820902 ], [ -5.8916532, 35.7822469 ], [ -5.8913822, 35.7824525 ], [ -5.891165, 35.7826211 ], [ -5.8909424, 35.7827626 ], [ -5.8906312, 35.7829508 ], [ -5.8903563, 35.7831335 ], [ -5.8901417, 35.7832902 ], [ -5.8899808, 35.7834273 ], [ -5.889785, 35.7836133 ] ] ] } },
{ "type": "Feature", "properties": { "name": "Castilla-El Mnar", "Number": "L16" }, "geometry": { "type": "MultiLineString", "coordinates": [ [ [ -5.8139402, 35.7664513 ], [ -5.8140728, 35.7666323 ], [ -5.8141842, 35.7667843 ], [ -5.814312, 35.7669444 ], [ -5.8145023, 35.7671828 ] ], [ [ -5.8145023, 35.7671828 ], [ -5.8144577, 35.7672235 ], [ -5.8144231, 35.7672701 ] ], [ [ -5.8144231, 35.7672701 ], [ -5.8144028, 35.7673117 ], [ -5.8143905, 35.7673554 ] ], [ [ -5.8143905, 35.7673554 ], [ -5.814387, 35.7674183 ], [ -5.8143999, 35.7674804 ] ], [ [ -5.8143999, 35.7674804 ], [ -5.814254, 35.7676401 ] ], [ [ -5.814254, 35.7676401 ], [ -5.8142218, 35.7676565 ], [ -5.8139856, 35.7677894 ], [ -5.8138892, 35.7678436 ] ], [ [ -5.8138892, 35.7678436 ], [ -5.813413, 35.7681046 ] ], [ [ -5.813413, 35.7681046 ], [ -5.813247, 35.7681888 ], [ -5.8126408, 35.7684964 ], [ -5.8119408, 35.7688687 ], [ -5.8118241, 35.768927 ], [ -5.8117064, 35.768988 ], [ -5.8112417, 35.7692316 ], [ -5.811024, 35.7693455 ], [ -5.8103913, 35.7696787 ], [ -5.8102748, 35.76974 ], [ -5.8097376, 35.7700225 ], [ -5.8095352, 35.7701243 ], [ -5.8093496, 35.7702305 ], [ -5.8092798, 35.7702729 ], [ -5.8092389, 35.7702996 ], [ -5.8092075, 35.7703207 ], [ -5.809186, 35.7703409 ], [ -5.8091699, 35.7703611 ], [ -5.8091404, 35.7704068 ], [ -5.8091243, 35.7704361 ], [ -5.8091092, 35.7704777 ] ], [ [ -5.8091092, 35.7704777 ], [ -5.808552, 35.7704035 ], [ -5.8080862, 35.7703377 ], [ -5.8078414, 35.7703073 ], [ -5.8062418, 35.7701442 ], [ -5.8060355, 35.7701219 ] ], [ [ -5.8060355, 35.7701219 ], [ -5.805852, 35.7700939 ], [ -5.8055985, 35.7700662 ], [ -5.8052941, 35.7700346 ], [ -5.8048649, 35.770002 ], [ -5.8043607, 35.7699421 ], [ -5.8041742, 35.7699149 ], [ -5.8039176, 35.7698579 ] ], [ [ -5.8039176, 35.7698579 ], [ -5.8039182, 35.7697812 ], [ -5.8039115, 35.7697315 ] ], [ [ -5.8039115, 35.7697315 ], [ -5.8038381, 35.7696004 ], [ -5.8037621, 35.7695337 ] ], [ [ -5.8037621, 35.7695337 ], [ -5.8036699, 35.7694773 ], [ -5.8036135, 35.7694505 ] ], [ [ -5.8036135, 35.7694505 ], [ -5.803438, 35.7694314 ] ], [ [ -5.803438, 35.7694314 ], [ -5.803309, 35.7694474 ], [ -5.8031902, 35.7694913 ], [ -5.8030906, 35.7695597 ] ], [ [ -5.8030906, 35.7695597 ], [ -5.8030165, 35.7696496 ], [ -5.8029893, 35.7697187 ], [ -5.802976, 35.7697526 ], [ -5.8029723, 35.7698606 ] ], [ [ -5.8029723, 35.7698606 ], [ -5.8029981, 35.7699494 ] ], [ [ -5.8029981, 35.7699494 ], [ -5.8026239, 35.770092 ], [ -5.8025109, 35.770135 ], [ -5.8015336, 35.7705254 ] ], [ [ -5.8015336, 35.7705254 ], [ -5.801268, 35.770632 ], [ -5.8008438, 35.7707985 ], [ -5.8004747, 35.7709619 ], [ -5.800111, 35.7711106 ], [ -5.7993784, 35.7714285 ], [ -5.7989882, 35.7716021 ], [ -5.7988212, 35.771688 ], [ -5.7987689, 35.7717168 ], [ -5.7987149, 35.7717454 ], [ -5.7986633, 35.7717628 ], [ -5.7986217, 35.771777 ], [ -5.7985956, 35.7717868 ], [ -5.7985741, 35.7717911 ], [ -5.7985175, 35.7718009 ], [ -5.79849, 35.7718055 ], [ -5.7984366, 35.7718009 ], [ -5.7982902, 35.7717947 ], [ -5.7980159, 35.7717854 ], [ -5.797517, 35.7717687 ], [ -5.7971066, 35.7717625 ], [ -5.796947, 35.7717549 ], [ -5.7968552, 35.7717566 ], [ -5.7962463, 35.7717397 ], [ -5.7960579, 35.7717343 ], [ -5.7955087, 35.7717152 ], [ -5.7950935, 35.7717096 ], [ -5.7949223, 35.7716989 ] ], [ [ -5.7949223, 35.7716989 ], [ -5.7948932, 35.7716823 ], [ -5.7948597, 35.7716725 ], [ -5.7948242, 35.7716704 ], [ -5.7947893, 35.771676 ] ], [ [ -5.7947893, 35.771676 ], [ -5.7947604, 35.7716875 ], [ -5.7947329, 35.7717066 ] ], [ [ -5.7947329, 35.7717066 ], [ -5.794555, 35.7717244 ], [ -5.7940717, 35.7717783 ], [ -5.7932756, 35.7718946 ], [ -5.7924031, 35.7720162 ], [ -5.7920074, 35.772064 ], [ -5.7918415, 35.7720742 ], [ -5.7917847, 35.7720778 ], [ -5.7916414, 35.7720852 ] ], [ [ -5.7916414, 35.7720852 ], [ -5.7915622, 35.7720117 ], [ -5.7914602, 35.7719598 ], [ -5.791344, 35.771934 ], [ -5.7912236, 35.7719366 ], [ -5.7911108, 35.7719586 ] ], [ [ -5.7911108, 35.7719586 ], [ -5.7910423, 35.7720016 ], [ -5.7909846, 35.7720457 ], [ -5.7909383, 35.7720979 ], [ -5.7908979, 35.7721569 ] ], [ [ -5.7908979, 35.7721569 ], [ -5.7908833, 35.772244 ] ], [ [ -5.7908833, 35.772244 ], [ -5.7906103, 35.7722544 ], [ -5.7899608, 35.772266 ] ], [ [ -5.7899608, 35.772266 ], [ -5.7893369, 35.7722848 ] ], [ [ -5.7893369, 35.7722848 ], [ -5.7891477, 35.7722796 ], [ -5.7887352, 35.7722684 ], [ -5.7880223, 35.7722851 ], [ -5.7870762, 35.7723082 ], [ -5.7869867, 35.7723016 ], [ -5.7868718, 35.7722717 ] ], [ [ -5.7868718, 35.7722717 ], [ -5.7868344, 35.7722521 ], [ -5.7867833, 35.772235 ], [ -5.7867232, 35.7722261 ], [ -5.7866599, 35.7722284 ], [ -5.7865987, 35.7722423 ], [ -5.7865428, 35.7722672 ] ], [ [ -5.7865428, 35.7722672 ], [ -5.7865026, 35.7722969 ], [ -5.7864703, 35.7723288 ] ], [ [ -5.7864703, 35.7723288 ], [ -5.7863718, 35.7723443 ], [ -5.7862712, 35.7723571 ], [ -5.7861304, 35.772362 ], [ -5.785886, 35.7723525 ] ], [ [ -5.785886, 35.7723525 ], [ -5.7852693, 35.7723222 ], [ -5.7851505, 35.7723141 ], [ -5.7850439, 35.772295 ], [ -5.7849778, 35.7722785 ], [ -5.7848986, 35.7722485 ], [ -5.7847867, 35.7722046 ] ], [ [ -5.7847867, 35.7722046 ], [ -5.7847588, 35.7721755 ], [ -5.7847249, 35.772151 ], [ -5.7846482, 35.7721203 ], [ -5.7845632, 35.7721127 ] ], [ [ -5.7845632, 35.7721127 ], [ -5.784518, 35.7721223 ] ], [ [ -5.784518, 35.7721223 ], [ -5.7843001, 35.772105 ] ], [ [ -5.7843001, 35.772105 ], [ -5.7841006, 35.7720545 ], [ -5.7839143, 35.771979 ], [ -5.7837304, 35.7718919 ], [ -5.7834397, 35.7717344 ], [ -5.7831667, 35.7716064 ], [ -5.78298, 35.7715235 ], [ -5.7827434, 35.7714509 ], [ -5.7825714, 35.7714272 ] ], [ [ -5.7825714, 35.7714272 ], [ -5.7824274, 35.7713817 ] ], [ [ -5.7805122, 35.770884 ], [ -5.7806209, 35.770894 ], [ -5.780749, 35.7709008 ], [ -5.7808982, 35.770921 ], [ -5.7810432, 35.7709468 ], [ -5.7810843, 35.7709556 ], [ -5.7811718, 35.7709745 ], [ -5.7813244, 35.7710091 ], [ -5.7816176, 35.7710964 ], [ -5.7819621, 35.7712051 ], [ -5.7822785, 35.7713161 ], [ -5.7823658, 35.7713545 ], [ -5.7824274, 35.7713817 ] ], [ [ -5.7799536, 35.7708686 ], [ -5.7805122, 35.770884 ] ], [ [ -5.7753405, 35.7726844 ], [ -5.7757656, 35.7725819 ], [ -5.7763124, 35.7724036 ], [ -5.7765304, 35.7723022 ], [ -5.7767836, 35.7721796 ], [ -5.777342, 35.7718638 ], [ -5.7778786, 35.771531 ], [ -5.7781273, 35.7713872 ], [ -5.7785665, 35.7711968 ], [ -5.7793853, 35.7709296 ], [ -5.7794214, 35.7709257 ], [ -5.7796258, 35.7709062 ], [ -5.7798149, 35.7708831 ], [ -5.7799536, 35.7708686 ] ], [ [ -5.7753405, 35.7726844 ], [ -5.7751345, 35.7726353 ], [ -5.7750451, 35.7726303 ], [ -5.77494, 35.7726302 ] ], [ [ -5.77494, 35.7726302 ], [ -5.7749065, 35.7726083 ], [ -5.774866, 35.7725963 ], [ -5.7748229, 35.7725957 ], [ -5.7747819, 35.7726064 ], [ -5.7747619, 35.7726186 ], [ -5.7747475, 35.7726273 ], [ -5.7747232, 35.7726562 ], [ -5.7747119, 35.77269 ] ], [ [ -5.7747119, 35.77269 ], [ -5.7746391, 35.7727415 ], [ -5.7745436, 35.7727849 ], [ -5.7743923, 35.7728322 ] ], [ [ -5.7708368, 35.7722378 ], [ -5.7711359, 35.7723457 ], [ -5.7714339, 35.7724459 ], [ -5.7716077, 35.772505 ], [ -5.7716758, 35.7725286 ], [ -5.7718638, 35.7725858 ], [ -5.7720067, 35.7726245 ], [ -5.7721539, 35.7726636 ], [ -5.7722794, 35.7726988 ], [ -5.7724957, 35.772741 ], [ -5.7727356, 35.7727823 ], [ -5.7730838, 35.7728229 ], [ -5.7732901, 35.7728443 ], [ -5.7734955, 35.7728575 ], [ -5.7737246, 35.7728679 ], [ -5.773948, 35.772869 ], [ -5.7741372, 35.7728634 ], [ -5.7743923, 35.7728322 ] ], [ [ -5.7686676, 35.7716288 ], [ -5.7689795, 35.7716683 ], [ -5.7690322, 35.7716765 ], [ -5.7691389, 35.7716935 ], [ -5.7692645, 35.7717222 ], [ -5.7695076, 35.7718029 ], [ -5.7696846, 35.7718523 ], [ -5.7697406, 35.7718679 ], [ -5.7700492, 35.77196 ], [ -5.770435, 35.7720944 ], [ -5.7708368, 35.7722378 ] ], [ [ -5.7669717, 35.7715715 ], [ -5.7680118, 35.7715789 ], [ -5.7680685, 35.7715772 ], [ -5.7686676, 35.7716288 ] ], [ [ -5.7615593, 35.7689603 ], [ -5.7620488, 35.7689899 ], [ -5.7623351, 35.7690408 ], [ -5.7624362, 35.7690672 ], [ -5.7628337, 35.7692545 ], [ -5.7629849, 35.7693458 ], [ -5.7630479, 35.7693877 ], [ -5.763115, 35.7694399 ], [ -5.7632022, 35.7695107 ], [ -5.7632867, 35.7695868 ], [ -5.7633966, 35.7696984 ], [ -5.7635997, 35.769917 ], [ -5.7636371, 35.7699572 ], [ -5.7645647, 35.7709552 ], [ -5.7646854, 35.7710662 ], [ -5.7647833, 35.771138 ], [ -5.7649, 35.7712098 ], [ -5.7650435, 35.771286 ], [ -5.7652313, 35.7713718 ], [ -5.7653573, 35.7714198 ], [ -5.7654968, 35.7714601 ], [ -5.7657085, 35.7715223 ], [ -5.7658379, 35.7715529 ], [ -5.7659673, 35.7715696 ], [ -5.7661197, 35.7715808 ], [ -5.7669717, 35.7715715 ] ], [ [ -5.7615593, 35.7689603 ], [ -5.7611239, 35.7689091 ] ], [ [ -5.7611239, 35.7689091 ], [ -5.7610751, 35.7688981 ], [ -5.7610247, 35.768902 ], [ -5.7609813, 35.7689192 ], [ -5.7609477, 35.7689474 ], [ -5.7609315, 35.7689738 ] ], [ [ -5.7609315, 35.7689738 ], [ -5.7607837, 35.7690923 ] ], [ [ -5.7606693, 35.7691287 ], [ -5.7607837, 35.7690923 ] ], [ [ -5.7604872, 35.7692048 ], [ -5.7606693, 35.7691287 ] ], [ [ -5.7593089, 35.7706777 ], [ -5.7593827, 35.7703034 ], [ -5.7594126, 35.7702091 ], [ -5.7594417, 35.7701173 ], [ -5.7596563, 35.7697669 ], [ -5.7598615, 35.7695646 ], [ -5.7601495, 35.7693672 ], [ -5.7603019, 35.7692867 ], [ -5.7604872, 35.7692048 ] ], [ [ -5.7623268, 35.777534 ], [ -5.7624119, 35.777247 ], [ -5.7624701, 35.7769674 ], [ -5.7625264, 35.7766527 ], [ -5.7625428, 35.7763479 ], [ -5.7625304, 35.7760307 ], [ -5.7624916, 35.7757583 ], [ -5.762424, 35.7754834 ], [ -5.7623575, 35.7752113 ], [ -5.7622277, 35.774908 ], [ -5.7620176, 35.7745211 ], [ -5.761862, 35.7742781 ], [ -5.7613399, 35.7736314 ], [ -5.7610046, 35.7732498 ], [ -5.7602675, 35.7724141 ], [ -5.7596891, 35.7717323 ], [ -5.7595356, 35.771509 ], [ -5.7594819, 35.77141 ], [ -5.7593693, 35.7711119 ], [ -5.7593103, 35.770817 ], [ -5.7593089, 35.7706777 ] ], [ [ -5.7623268, 35.777534 ], [ -5.7622844, 35.7776055 ], [ -5.7622353, 35.7776742 ], [ -5.7621797, 35.7777394 ], [ -5.7621179, 35.777801 ], [ -5.7620551, 35.7778623 ] ], [ [ -5.7620551, 35.7778623 ], [ -5.7620309, 35.7778864 ], [ -5.7620145, 35.7779145 ], [ -5.7620068, 35.777945 ], [ -5.7620083, 35.777976 ], [ -5.7620189, 35.7780059 ] ], [ [ -5.7620189, 35.7780059 ], [ -5.7620066, 35.7781088 ], [ -5.7619998, 35.7782117 ], [ -5.7619979, 35.7783148 ] ], [ [ -5.7593076, 35.7827386 ], [ -5.7595235, 35.7826614 ], [ -5.7598212, 35.782459 ], [ -5.7600573, 35.7821914 ], [ -5.7601753, 35.7820227 ], [ -5.7602052, 35.7819712 ], [ -5.7603483, 35.7817246 ], [ -5.7604126, 35.7815902 ], [ -5.7604529, 35.7814962 ], [ -5.7605071, 35.7813849 ], [ -5.7616226, 35.7790952 ], [ -5.7616407, 35.7790529 ], [ -5.7617189, 35.7788708 ], [ -5.761849, 35.7786402 ], [ -5.7618862, 35.7785557 ], [ -5.7619979, 35.7783148 ] ], [ [ -5.7546566, 35.7883736 ], [ -5.7547519, 35.7881695 ], [ -5.7548484, 35.7879813 ], [ -5.7549343, 35.7877964 ], [ -5.755004, 35.78763 ], [ -5.7551515, 35.7873297 ], [ -5.7552937, 35.7870425 ], [ -5.7554238, 35.7867574 ], [ -5.7555726, 35.7863745 ], [ -5.7556826, 35.786109 ], [ -5.7557926, 35.7858675 ], [ -5.7558972, 35.7856717 ], [ -5.7560071, 35.7854802 ], [ -5.7561037, 35.7852996 ], [ -5.7562003, 35.785106 ], [ -5.7562727, 35.7848862 ], [ -5.7563867, 35.7845958 ], [ -5.7565456, 35.7842219 ], [ -5.7566643, 35.7840311 ], [ -5.7567501, 35.7838875 ], [ -5.7569271, 35.7836895 ], [ -5.7571644, 35.7834371 ], [ -5.7572263, 35.7834014 ], [ -5.7575628, 35.7832271 ], [ -5.7577425, 35.7831455 ], [ -5.7579115, 35.7830868 ], [ -5.7583568, 35.7829867 ], [ -5.7588986, 35.7828463 ], [ -5.7593076, 35.7827386 ] ], [ [ -5.7546566, 35.7883736 ], [ -5.7545909, 35.7884372 ], [ -5.7545521, 35.7884828 ], [ -5.754501, 35.7885307 ], [ -5.754458, 35.7885991 ] ], [ [ -5.754458, 35.7885991 ], [ -5.7543926, 35.7886165 ], [ -5.7543382, 35.7886507 ], [ -5.754301, 35.7886977 ], [ -5.7542856, 35.7887521 ], [ -5.7542935, 35.7888075 ], [ -5.7543129, 35.788844 ] ], [ [ -5.7543129, 35.788844 ], [ -5.7542842, 35.788927 ], [ -5.7542724, 35.7889922 ], [ -5.75426, 35.7891696 ] ], [ [ -5.75426, 35.7891696 ], [ -5.7540867, 35.7894402 ], [ -5.7539499, 35.7896469 ], [ -5.7537863, 35.7898492 ], [ -5.7535905, 35.7901168 ], [ -5.7532606, 35.7905411 ], [ -5.7530916, 35.7907499 ], [ -5.7529092, 35.7909719 ], [ -5.752759, 35.7911416 ], [ -5.7525712, 35.7913308 ], [ -5.7523406, 35.7915593 ], [ -5.7520106, 35.7918769 ], [ -5.7518283, 35.7920575 ], [ -5.751721, 35.7921532 ], [ -5.7516244, 35.7922316 ], [ -5.7515305, 35.7923088 ], [ -5.7512764, 35.7925313 ] ], [ [ -5.7512764, 35.7925313 ], [ -5.750956, 35.792677 ] ], [ [ -5.750956, 35.792677 ], [ -5.7509027, 35.7926731 ], [ -5.7508518, 35.7926865 ] ], [ [ -5.7508518, 35.7926865 ], [ -5.7508048, 35.7927225 ], [ -5.7507842, 35.7927722 ] ], [ [ -5.7507842, 35.7927722 ], [ -5.7507852, 35.7927972 ] ], [ [ -5.7507852, 35.7927972 ], [ -5.7506314, 35.7929865 ] ], [ [ -5.7506314, 35.7929865 ], [ -5.7503906, 35.7931279 ], [ -5.7501921, 35.7932672 ], [ -5.7499628, 35.7934227 ], [ -5.7496811, 35.7936142 ], [ -5.749366, 35.7938198 ], [ -5.7490844, 35.7940058 ], [ -5.7489127, 35.7941244 ], [ -5.7487598, 35.794231 ], [ -5.748615, 35.7943321 ], [ -5.7482743, 35.7945856 ], [ -5.7481349, 35.7946944 ], [ -5.7480155, 35.7947945 ], [ -5.747868, 35.7949261 ], [ -5.7477124, 35.7950675 ], [ -5.7475448, 35.7952274 ], [ -5.7473584, 35.7954297 ], [ -5.7471988, 35.7956027 ], [ -5.7470982, 35.7957234 ], [ -5.747011, 35.7958333 ], [ -5.7469212, 35.7959606 ], [ -5.746834, 35.7960944 ], [ -5.7467441, 35.7962412 ], [ -5.7467051, 35.7963125 ], [ -5.7466476, 35.7964174 ], [ -5.7464987, 35.7967089 ], [ -5.7464075, 35.7969015 ], [ -5.7463257, 35.7970581 ], [ -5.7462198, 35.7972289 ], [ -5.7460843, 35.7974486 ], [ -5.7459489, 35.7976553 ], [ -5.7454848, 35.7983841 ], [ -5.745239, 35.7989226 ], [ -5.7450664, 35.7993565 ], [ -5.7449725, 35.7995371 ], [ -5.7448143, 35.7997416 ], [ -5.7445434, 35.7999874 ], [ -5.7443342, 35.8001854 ], [ -5.7441679, 35.8004138 ], [ -5.7439962, 35.8007597 ], [ -5.7439265, 35.8010512 ], [ -5.7439044, 35.8012758 ], [ -5.7439131, 35.8015494 ], [ -5.7439022, 35.8016416 ], [ -5.7439445, 35.8018198 ], [ -5.7439822, 35.8022357 ], [ -5.7439827, 35.8024245 ], [ -5.7439056, 35.802725 ], [ -5.7438941, 35.8027749 ], [ -5.7436802, 35.8031325 ], [ -5.7434296, 35.8034876 ], [ -5.7432358, 35.8038639 ], [ -5.7430601, 35.8041457 ], [ -5.7428911, 35.8043947 ], [ -5.7427892, 35.8045524 ], [ -5.7427235, 35.8047983 ], [ -5.7426919, 35.8050107 ], [ -5.7426766, 35.8051137 ], [ -5.7426377, 35.8054693 ], [ -5.7425746, 35.805887 ], [ -5.7425331, 35.8062002 ], [ -5.7424982, 35.8064536 ], [ -5.7424767, 35.8065885 ], [ -5.7424338, 35.8067506 ], [ -5.7423694, 35.806892 ], [ -5.7423252, 35.8069953 ], [ -5.7421978, 35.807165 ], [ -5.7421267, 35.8072596 ], [ -5.7419738, 35.8073988 ], [ -5.7418491, 35.8075163 ], [ -5.7416546, 35.8076479 ], [ -5.7413287, 35.8078241 ], [ -5.7410726, 35.8079546 ], [ -5.7407346, 35.8081144 ], [ -5.7404718, 35.8082341 ], [ -5.7403265, 35.8083018 ], [ -5.7402395, 35.8083559 ], [ -5.7401406, 35.8084347 ], [ -5.7400604, 35.8085162 ], [ -5.7399742, 35.8086293 ], [ -5.7399252, 35.808719 ], [ -5.7398863, 35.8088102 ], [ -5.7398616, 35.8088747 ] ], [ [ -5.7398616, 35.8088747 ], [ -5.7397723, 35.8090328 ], [ -5.7397178, 35.8091377 ], [ -5.7396316, 35.8093514 ], [ -5.7395498, 35.8095283 ] ], [ [ -5.7395498, 35.8095283 ], [ -5.7392588, 35.8097872 ], [ -5.7390428, 35.8099481 ], [ -5.738847, 35.8100955 ], [ -5.7387102, 35.8101722 ], [ -5.7386392, 35.810201 ], [ -5.7385701, 35.8102146 ], [ -5.7384662, 35.81022 ] ], [ [ -5.7384662, 35.81022 ], [ -5.7380122, 35.8101852 ], [ -5.737799, 35.8101504 ], [ -5.7376125, 35.8101189 ], [ -5.7375321, 35.8100982 ], [ -5.7373993, 35.8100438 ], [ -5.737119, 35.8098938 ], [ -5.7369728, 35.8098165 ], [ -5.7367301, 35.8096501 ], [ -5.7366221, 35.8095672 ], [ -5.7365839, 35.8095468 ], [ -5.7363854, 35.809363 ], [ -5.7362647, 35.8092456 ], [ -5.736144, 35.8091129 ], [ -5.7360582, 35.809015 ], [ -5.7359979, 35.8089443 ], [ -5.7359107, 35.8088769 ], [ -5.7358262, 35.8088214 ], [ -5.7357578, 35.8087844 ], [ -5.7357026, 35.8087596 ], [ -5.7356187, 35.8087209 ], [ -5.7354998, 35.8086889 ], [ -5.7353246, 35.8086648 ], [ -5.7350684, 35.8086504 ], [ -5.7348995, 35.8086615 ], [ -5.7347139, 35.8086715 ], [ -5.7345884, 35.8086626 ], [ -5.7343429, 35.8086213 ], [ -5.7340197, 35.8085538 ], [ -5.7336254, 35.8084549 ], [ -5.7334028, 35.8084233 ], [ -5.7332379, 35.8084092 ], [ -5.7330944, 35.8084084 ], [ -5.7326612, 35.8084059 ], [ -5.7323742, 35.8084124 ], [ -5.7320926, 35.8084211 ], [ -5.7319383, 35.8084124 ], [ -5.7317908, 35.8084027 ], [ -5.7315937, 35.8083646 ], [ -5.7313724, 35.8082993 ], [ -5.730958, 35.8081666 ], [ -5.7307327, 35.8081014 ], [ -5.7302928, 35.8079426 ], [ -5.7302208, 35.8079171 ] ] ] } },
{ "type": "Feature", "properties": { "name": "Dradeb-Gzenaya", "Number": "L9A" }, "geometry": { "type": "MultiLineString", "coordinates": [ [ [ -5.8344152, 35.7865058 ], [ -5.8346445, 35.7860863 ], [ -5.8348399, 35.7856565 ], [ -5.8349874, 35.7852355 ] ], [ [ -5.8344152, 35.7865058 ], [ -5.8343885, 35.7865303 ] ], [ [ -5.8343885, 35.7865303 ], [ -5.8343082, 35.7865377 ], [ -5.8340936, 35.7865328 ], [ -5.8340077, 35.7865155 ], [ -5.8339777, 35.7865095 ] ], [ [ -5.8339777, 35.7865095 ], [ -5.8339194, 35.7864575 ] ], [ [ -5.823751, 35.7846784 ], [ -5.8238677, 35.7847774 ], [ -5.8239703, 35.7848563 ], [ -5.8240487, 35.784908 ], [ -5.8242781, 35.7850478 ], [ -5.8244571, 35.7851375 ], [ -5.8246502, 35.7852104 ], [ -5.8247642, 35.7852518 ], [ -5.8249305, 35.7852996 ], [ -5.8250955, 35.7853431 ], [ -5.8252524, 35.7853747 ], [ -5.8254267, 35.7853943 ], [ -5.8255635, 35.7854084 ], [ -5.8257204, 35.785415 ], [ -5.8260919, 35.7854291 ], [ -5.8263668, 35.7854367 ], [ -5.8269945, 35.7854574 ], [ -5.8272173, 35.7854689 ], [ -5.827412, 35.7854754 ], [ -5.8283008, 35.7854907 ], [ -5.828821, 35.7855025 ], [ -5.8288541, 35.7855033 ], [ -5.8291277, 35.7855095 ], [ -5.8292944, 35.7855101 ], [ -5.8295771, 35.7855121 ], [ -5.8299685, 35.7855122 ], [ -5.8303729, 35.7855256 ], [ -5.8309792, 35.7855338 ], [ -5.8314928, 35.7855438 ], [ -5.8317555, 35.7855485 ], [ -5.8320883, 35.7855545 ], [ -5.8325091, 35.7855532 ], [ -5.8325706, 35.7855632 ], [ -5.8328709, 35.7856211 ], [ -5.833045, 35.7856739 ], [ -5.8333044, 35.785811 ], [ -5.8333675, 35.785856 ], [ -5.8339194, 35.7864575 ] ], [ [ -5.823751, 35.7846784 ], [ -5.8236746, 35.7846061 ], [ -5.8236089, 35.784549 ], [ -5.8235543, 35.784518 ], [ -5.8234894, 35.7844832 ] ], [ [ -5.8234894, 35.7844832 ], [ -5.8234868, 35.7844719 ], [ -5.8234832, 35.7844611 ], [ -5.8234711, 35.784437 ], [ -5.8234542, 35.7844152 ], [ -5.8234337, 35.7843979 ], [ -5.8234143, 35.7843833 ], [ -5.8233799, 35.7843686 ], [ -5.8233421, 35.7843596 ], [ -5.8233028, 35.7843574 ] ], [ [ -5.8233028, 35.7843574 ], [ -5.8228734, 35.7840796 ] ], [ [ -5.8228734, 35.7840796 ], [ -5.822682, 35.7839682 ], [ -5.8225222, 35.7838668 ], [ -5.8222657, 35.7837025 ], [ -5.822141, 35.7836057 ], [ -5.8220398, 35.7835279 ], [ -5.8219385, 35.7834501 ] ], [ [ -5.8219385, 35.7834501 ], [ -5.8217722, 35.7833033 ], [ -5.8216891, 35.7832108 ], [ -5.821559, 35.7830563 ], [ -5.8214383, 35.7828975 ], [ -5.8213203, 35.7826929 ], [ -5.8212318, 35.7824917 ], [ -5.8211405, 35.7822348 ], [ -5.8209897, 35.7818647 ], [ -5.8209397, 35.7817578 ], [ -5.8208844, 35.7816474 ], [ -5.8208766, 35.7816076 ], [ -5.8208512, 35.7815078 ] ], [ [ -5.8208512, 35.7815078 ], [ -5.820883, 35.7814894 ], [ -5.8209084, 35.7814654 ], [ -5.8209259, 35.7814371 ], [ -5.8209345, 35.7814062 ] ], [ [ -5.8209345, 35.7814062 ], [ -5.8209322, 35.7813626 ], [ -5.8209204, 35.7813252 ], [ -5.82089, 35.7812903 ] ], [ [ -5.82089, 35.7812903 ], [ -5.8208671, 35.781274 ], [ -5.8208156, 35.7812527 ], [ -5.8207583, 35.7812463 ] ], [ [ -5.8207583, 35.7812463 ], [ -5.8207195, 35.7811252 ], [ -5.820643, 35.7809021 ], [ -5.8205692, 35.7806932 ], [ -5.8204566, 35.7803483 ], [ -5.8203359, 35.7799784 ], [ -5.820144, 35.7794487 ], [ -5.8200191, 35.7790896 ], [ -5.8199874, 35.7789989 ], [ -5.8199295, 35.7788407 ], [ -5.8197364, 35.7783159 ], [ -5.8195663, 35.7778383 ], [ -5.8195714, 35.7777065 ] ], [ [ -5.8195714, 35.7777065 ], [ -5.8195886, 35.777687 ], [ -5.8196736, 35.7776251 ], [ -5.8197327, 35.7775457 ], [ -5.8197602, 35.7774601 ], [ -5.8197573, 35.7773716 ], [ -5.8197508, 35.7773551 ], [ -5.8197379, 35.7773225 ], [ -5.819724, 35.7772873 ], [ -5.8196663, 35.7772166 ], [ -5.8195875, 35.777161 ], [ -5.8194932, 35.7771245 ] ], [ [ -5.8194932, 35.7771245 ], [ -5.8194203, 35.7771084 ], [ -5.8193996, 35.7771074 ], [ -5.8193471, 35.7771048 ] ], [ [ -5.8193471, 35.7771048 ], [ -5.8193059, 35.7770321 ], [ -5.819267, 35.7769744 ], [ -5.8191343, 35.7767176 ], [ -5.8190659, 35.776586 ], [ -5.8189666, 35.7764217 ], [ -5.8188111, 35.7761839 ], [ -5.8186334, 35.7759337 ], [ -5.8184583, 35.7756998 ], [ -5.8183839, 35.7756046 ], [ -5.8181828, 35.7753228 ], [ -5.8179681, 35.7750586 ], [ -5.8176136, 35.7745748 ], [ -5.8174045, 35.7742603 ], [ -5.8173544, 35.7741945 ], [ -5.8171297, 35.7739299 ], [ -5.8169983, 35.7737752 ], [ -5.8168411, 35.7736217 ], [ -5.8165284, 35.7733442 ], [ -5.8163548, 35.7732026 ], [ -5.8160232, 35.7729872 ] ], [ [ -5.8160232, 35.7729872 ], [ -5.8159887, 35.772948 ], [ -5.8159418, 35.772904 ], [ -5.8159069, 35.7728768 ], [ -5.8157131, 35.7727315 ], [ -5.8155857, 35.7726428 ], [ -5.8154657, 35.7725563 ], [ -5.8150835, 35.7722827 ], [ -5.8149353, 35.7721826 ], [ -5.81484, 35.7721129 ], [ -5.8147281, 35.7720373 ], [ -5.8146393, 35.7719781 ], [ -5.8144991, 35.7718874 ] ], [ [ -5.8144991, 35.7718874 ], [ -5.8144989, 35.7718428 ], [ -5.8144822, 35.7718003 ], [ -5.81445, 35.7717633 ], [ -5.8144054, 35.771736 ], [ -5.8143527, 35.771721 ] ], [ [ -5.8143527, 35.771721 ], [ -5.8143318, 35.7715438 ] ], [ [ -5.8146317, 35.7678156 ], [ -5.8145705, 35.7680879 ], [ -5.8144994, 35.7684002 ], [ -5.8144525, 35.7685384 ], [ -5.8143988, 35.7686614 ], [ -5.8143559, 35.7687963 ], [ -5.8143009, 35.7689933 ], [ -5.8142634, 35.7692 ], [ -5.814254, 35.7692882 ], [ -5.8142594, 35.7694253 ], [ -5.8142754, 35.7696113 ], [ -5.8143076, 35.7698866 ], [ -5.8143194, 35.769966 ], [ -5.8143358, 35.770076 ], [ -5.8144004, 35.7704085 ], [ -5.8144256, 35.7707637 ], [ -5.8144055, 35.7709726 ], [ -5.8143854, 35.7711652 ], [ -5.8143626, 35.7713523 ], [ -5.8143318, 35.7715438 ] ], [ [ -5.8146317, 35.7678156 ], [ -5.8147254, 35.7676972 ] ], [ [ -5.8147254, 35.7676972 ], [ -5.8148139, 35.7676941 ], [ -5.8148922, 35.7676734 ], [ -5.8149754, 35.7676376 ] ], [ [ -5.8149754, 35.7676376 ], [ -5.8150258, 35.7676002 ], [ -5.8150668, 35.7675558 ] ], [ [ -5.8150668, 35.7675558 ], [ -5.8150993, 35.7675007 ], [ -5.8151173, 35.7674413 ] ], [ [ -5.8244061, 35.7664807 ], [ -5.8242627, 35.7665025 ], [ -5.8240762, 35.7665329 ], [ -5.823914, 35.7665612 ], [ -5.8237503, 35.766583 ], [ -5.823574, 35.7666084 ], [ -5.8234781, 35.7666222 ], [ -5.8233011, 35.7666472 ], [ -5.8230825, 35.7666777 ], [ -5.8227231, 35.7667266 ], [ -5.8223945, 35.7667745 ], [ -5.8219694, 35.76683 ], [ -5.8216448, 35.7668768 ], [ -5.8213404, 35.7669192 ], [ -5.8210829, 35.7669551 ], [ -5.8207221, 35.7670052 ], [ -5.8201347, 35.7670846 ], [ -5.81955, 35.7671641 ], [ -5.8192965, 35.7672043 ], [ -5.8183604, 35.7673153 ], [ -5.8179702, 35.7673621 ], [ -5.8174016, 35.7674111 ], [ -5.817014, 35.767447 ], [ -5.8165902, 35.7674764 ], [ -5.8161382, 35.7675123 ], [ -5.8159746, 35.7675166 ], [ -5.815748, 35.7675166 ], [ -5.8155249, 35.7674913 ], [ -5.8154704, 35.7674851 ], [ -5.8152873, 35.7674624 ], [ -5.8151173, 35.7674413 ] ], [ [ -5.8269556, 35.7655492 ], [ -5.8268391, 35.765612 ], [ -5.8267273, 35.7656742 ], [ -5.8266646, 35.7657092 ], [ -5.8264124, 35.7658474 ], [ -5.8262113, 35.7659649 ], [ -5.8260021, 35.7660802 ], [ -5.8259612, 35.7661026 ], [ -5.8257942, 35.7661934 ], [ -5.8257245, 35.7662282 ], [ -5.8256691, 35.766256 ], [ -5.8255649, 35.7663088 ], [ -5.825528, 35.7663251 ], [ -5.8254871, 35.7663392 ], [ -5.8254401, 35.7663485 ], [ -5.8253972, 35.7663556 ], [ -5.8252484, 35.7663773 ], [ -5.825011, 35.7664034 ], [ -5.8248125, 35.7664252 ], [ -5.8245657, 35.7664557 ], [ -5.8244061, 35.7664807 ] ], [ [ -5.8270086, 35.7655231 ], [ -5.8269556, 35.7655492 ] ], [ [ -5.8324736, 35.7602931 ], [ -5.8324385, 35.7604296 ], [ -5.8323817, 35.7607382 ], [ -5.8323334, 35.7610701 ], [ -5.8322221, 35.7615609 ], [ -5.8321644, 35.7618449 ], [ -5.8321443, 35.7619167 ], [ -5.8320156, 35.7625164 ], [ -5.8319921, 35.7625904 ], [ -5.8319619, 35.7626393 ], [ -5.8319445, 35.7626641 ], [ -5.8319227, 35.7626867 ], [ -5.8318929, 35.7627141 ], [ -5.8318567, 35.7627416 ], [ -5.8317396, 35.7628159 ], [ -5.8314912, 35.7629516 ], [ -5.8313036, 35.7630808 ], [ -5.8311415, 35.7631925 ], [ -5.8310329, 35.7632624 ], [ -5.8308555, 35.7633576 ], [ -5.8305945, 35.7635052 ], [ -5.8303682, 35.7636352 ], [ -5.8301575, 35.763764 ], [ -5.8301444, 35.7637743 ], [ -5.83013, 35.7637841 ], [ -5.82973, 35.764021 ], [ -5.8294404, 35.7641712 ], [ -5.8293363, 35.7642277 ], [ -5.8290881, 35.7643571 ], [ -5.8288979, 35.7644595 ], [ -5.8285853, 35.7646278 ], [ -5.8285037, 35.7646765 ], [ -5.8283132, 35.7647947 ], [ -5.8281346, 35.76491 ], [ -5.828022, 35.7649719 ], [ -5.8278637, 35.7650591 ], [ -5.8278193, 35.7650834 ], [ -5.8276565, 35.7651755 ], [ -5.8274867, 35.7652619 ], [ -5.8272372, 35.7653914 ], [ -5.8271141, 35.7654616 ], [ -5.8270086, 35.7655231 ] ], [ [ -5.8324957, 35.7602087 ], [ -5.8324736, 35.7602931 ] ], [ [ -5.8324957, 35.7602087 ], [ -5.832331, 35.7601565 ], [ -5.8317272, 35.7599611 ], [ -5.831049, 35.7597315 ], [ -5.8308198, 35.7596575 ], [ -5.8306857, 35.7596153 ], [ -5.8305799, 35.7595797 ], [ -5.8303436, 35.7595043 ], [ -5.8301566, 35.7594423 ], [ -5.829962, 35.7593742 ], [ -5.8296629, 35.7592635 ], [ -5.82944, 35.759166 ], [ -5.8293028, 35.7590942 ], [ -5.8291858, 35.7590103 ], [ -5.8290998, 35.7589147 ], [ -5.8290602, 35.7588253 ] ], [ [ -5.8290602, 35.7588253 ], [ -5.8290614, 35.7587665 ] ], [ [ -5.8290614, 35.7587665 ], [ -5.8291085, 35.7587344 ], [ -5.8291715, 35.7586675 ], [ -5.8295601, 35.7582573 ], [ -5.830015, 35.7576924 ], [ -5.8302905, 35.7573587 ], [ -5.8303418, 35.7572655 ], [ -5.8303942, 35.7571457 ] ], [ [ -5.8303942, 35.7571457 ], [ -5.830877, 35.7565635 ], [ -5.8312967, 35.7560411 ], [ -5.831663, 35.7555351 ], [ -5.8318813, 35.7552261 ], [ -5.8319425, 35.7551525 ], [ -5.8320336, 35.7550374 ] ], [ [ -5.8320336, 35.7550374 ], [ -5.8320625, 35.7550341 ], [ -5.8320966, 35.7550247 ], [ -5.8321415, 35.7549977 ], [ -5.8321666, 35.7549697 ], [ -5.8321839, 35.7549325 ], [ -5.8321878, 35.7548973 ], [ -5.8321762, 35.7548591 ], [ -5.8321627, 35.7548372 ] ], [ [ -5.8321627, 35.7548372 ], [ -5.8322134, 35.7547225 ], [ -5.8322905, 35.7545473 ], [ -5.8324702, 35.7542159 ], [ -5.8326713, 35.7538721 ], [ -5.8328712, 35.7535216 ], [ -5.833118, 35.7530873 ], [ -5.8334184, 35.752553 ], [ -5.8336249, 35.752196 ], [ -5.8336704, 35.7521152 ], [ -5.8338029, 35.7518606 ], [ -5.8338896, 35.7517401 ] ], [ [ -5.8338896, 35.7517401 ], [ -5.8339375, 35.7517328 ], [ -5.8339676, 35.7517234 ], [ -5.834004, 35.7516962 ], [ -5.8340236, 35.751673 ], [ -5.8340401, 35.7516379 ], [ -5.8340368, 35.7515734 ] ], [ [ -5.8340368, 35.7515734 ], [ -5.834097, 35.7514493 ], [ -5.8341613, 35.7513699 ], [ -5.8342257, 35.7512948 ], [ -5.8343115, 35.751199 ], [ -5.8344162, 35.751088 ], [ -5.8345221, 35.750977 ], [ -5.8346991, 35.7508235 ], [ -5.8349405, 35.7506472 ], [ -5.8351001, 35.7505645 ], [ -5.835257, 35.7504818 ], [ -5.8354367, 35.7504045 ], [ -5.8356312, 35.7503392 ], [ -5.8357827, 35.7502956 ], [ -5.8359276, 35.7502554 ], [ -5.8360201, 35.7502314 ], [ -5.8361274, 35.7502129 ], [ -5.8362588, 35.7501922 ], [ -5.8364359, 35.7501683 ], [ -5.8367497, 35.7501269 ], [ -5.8370702, 35.7500812 ], [ -5.8374144, 35.750038 ], [ -5.8376141, 35.7500054 ], [ -5.8376303, 35.7500027 ], [ -5.8378306, 35.7499724 ], [ -5.8380492, 35.7499354 ], [ -5.8383154, 35.7498891 ], [ -5.8384663, 35.7498608 ], [ -5.8386648, 35.749814 ], [ -5.8388579, 35.7497629 ], [ -5.8390155, 35.7497122 ], [ -5.8391865, 35.7496508 ], [ -5.839332, 35.7495909 ], [ -5.839452, 35.7495337 ], [ -5.8396029, 35.7494554 ], [ -5.8397383, 35.7493678 ], [ -5.8398758, 35.7492818 ], [ -5.8400032, 35.749186 ], [ -5.8400951, 35.7491093 ] ], [ [ -5.8400951, 35.7491093 ], [ -5.8403787, 35.7489329 ], [ -5.8407421, 35.7485471 ], [ -5.8412898, 35.7479354 ] ], [ [ -5.8412898, 35.7479354 ], [ -5.8413783, 35.7479276 ], [ -5.8414608, 35.7479005 ], [ -5.8415479, 35.7478422 ], [ -5.8416002, 35.747769 ] ], [ [ -5.8416002, 35.747769 ], [ -5.8416211, 35.7476964 ], [ -5.841616, 35.747622 ], [ -5.8415852, 35.7475518 ] ], [ [ -5.8415852, 35.7475518 ], [ -5.8422896, 35.746609 ], [ -5.8423208, 35.7465672 ], [ -5.8424716, 35.746362 ], [ -5.8425444, 35.7461933 ] ], [ [ -5.8425444, 35.7461933 ], [ -5.8432555, 35.7452679 ], [ -5.843762, 35.7446666 ], [ -5.8439053, 35.7445049 ], [ -5.8439314, 35.7444808 ] ], [ [ -5.8439314, 35.7444808 ], [ -5.8440004, 35.7444742 ], [ -5.8440618, 35.7444477 ], [ -5.844107, 35.7444049 ], [ -5.8441328, 35.7443499 ], [ -5.8441347, 35.7443008 ], [ -5.8441174, 35.7442695 ] ], [ [ -5.8441174, 35.7442695 ], [ -5.8442753, 35.7440019 ], [ -5.8447259, 35.7434183 ], [ -5.8451721, 35.742844 ], [ -5.8459201, 35.7419167 ], [ -5.8466309, 35.7410415 ] ], [ [ -5.8466309, 35.7410415 ], [ -5.8468683, 35.7407813 ], [ -5.847111, 35.7405506 ], [ -5.8477239, 35.7401032 ], [ -5.8478782, 35.7399982 ], [ -5.8482702, 35.7397772 ], [ -5.8489056, 35.7395211 ], [ -5.8493924, 35.7393658 ] ], [ [ -5.8493924, 35.7393658 ], [ -5.8513793, 35.7388535 ], [ -5.8514974, 35.7388256 ], [ -5.8524865, 35.738583 ], [ -5.8528635, 35.7385088 ], [ -5.8529665, 35.7384944 ] ], [ [ -5.8529665, 35.7384944 ], [ -5.8530036, 35.7385132 ], [ -5.8530594, 35.7385311 ], [ -5.8531192, 35.7385344 ], [ -5.8531775, 35.7385228 ] ], [ [ -5.8531775, 35.7385228 ], [ -5.8532158, 35.7385055 ], [ -5.8532484, 35.7384817 ], [ -5.8532736, 35.7384527 ], [ -5.8532902, 35.7384197 ] ], [ [ -5.8532902, 35.7384197 ], [ -5.8532977, 35.7383766 ] ], [ [ -5.8532977, 35.7383766 ], [ -5.8534636, 35.7383283 ], [ -5.8544482, 35.7380796 ], [ -5.8553031, 35.7378802 ], [ -5.8553676, 35.7378652 ], [ -5.85559, 35.7378071 ], [ -5.8556592, 35.7378015 ], [ -5.8558417, 35.7377965 ] ], [ [ -5.8558417, 35.7377965 ], [ -5.8558901, 35.7378036 ], [ -5.8559389, 35.737799 ], [ -5.8559841, 35.7377832 ], [ -5.8560217, 35.7377576 ] ], [ [ -5.8560217, 35.7377576 ], [ -5.8563816, 35.7376109 ], [ -5.8565709, 35.7375544 ], [ -5.857165, 35.7374008 ], [ -5.8572677, 35.7373753 ], [ -5.857337, 35.7373563 ] ], [ [ -5.857337, 35.7373563 ], [ -5.8574059, 35.7373375 ], [ -5.8581926, 35.7371227 ], [ -5.8590724, 35.7368669 ], [ -5.859928, 35.7365719 ], [ -5.8612245, 35.7360638 ] ], [ [ -5.8612245, 35.7360638 ], [ -5.8614448, 35.7359775 ], [ -5.8623192, 35.7356161 ], [ -5.8629012, 35.7353788 ], [ -5.8634403, 35.735173 ], [ -5.8636388, 35.7350936 ], [ -5.8643839, 35.7347894 ], [ -5.8649826, 35.7345427 ], [ -5.8652857, 35.734423 ], [ -5.8656921, 35.7342532 ], [ -5.8661413, 35.7340703 ], [ -5.8667321, 35.7338389 ], [ -5.8673819, 35.7335548 ], [ -5.8674388, 35.7335358 ], [ -5.8674871, 35.7335238 ], [ -5.8675816, 35.7335042 ] ], [ [ -5.8675816, 35.7335042 ], [ -5.867601, 35.7335117 ], [ -5.8676216, 35.733517 ], [ -5.8676728, 35.7335201 ], [ -5.8677225, 35.7335099 ], [ -5.8677656, 35.7334872 ], [ -5.8677976, 35.7334546 ], [ -5.8678149, 35.7334159 ] ], [ [ -5.8678149, 35.7334159 ], [ -5.8678894, 35.7333697 ], [ -5.8679558, 35.7333382 ], [ -5.8680309, 35.733305 ], [ -5.8680964, 35.7332784 ], [ -5.8680967, 35.7332783 ], [ -5.8691158, 35.7329115 ], [ -5.8692145, 35.7328809 ], [ -5.8707478, 35.7323929 ], [ -5.8718839, 35.7320313 ], [ -5.8728026, 35.7317308 ] ], [ [ -5.8728026, 35.7317308 ], [ -5.8733726, 35.7315686 ], [ -5.8735657, 35.7315207 ], [ -5.873664, 35.7314879 ] ], [ [ -5.873664, 35.7314879 ], [ -5.8737062, 35.7315076 ] ], [ [ -5.8737062, 35.7315076 ], [ -5.8737429, 35.7315102 ], [ -5.8737854, 35.7315089 ], [ -5.8738259, 35.7314983 ], [ -5.8738615, 35.7314793 ], [ -5.8738894, 35.7314532 ], [ -5.8739015, 35.7314317 ] ], [ [ -5.8739015, 35.7314317 ], [ -5.8739065, 35.7314204 ], [ -5.8739116, 35.7314025 ] ], [ [ -5.8739116, 35.7314025 ], [ -5.8740363, 35.7313578 ], [ -5.8741885, 35.7313005 ], [ -5.8745049, 35.7311869 ], [ -5.8749409, 35.7310497 ], [ -5.8756082, 35.7308642 ], [ -5.8762077, 35.7306715 ], [ -5.8771183, 35.7303841 ], [ -5.8778237, 35.7301609 ], [ -5.8778405, 35.7301557 ], [ -5.8786686, 35.7298986 ], [ -5.8792064, 35.7297374 ], [ -5.879496, 35.7296438 ], [ -5.8803879, 35.7293542 ], [ -5.8806124, 35.7292824 ], [ -5.8811577, 35.7291082 ], [ -5.8818876, 35.728884 ] ], [ [ -5.8818876, 35.728884 ], [ -5.8823136, 35.7287707 ], [ -5.8824089, 35.7287456 ], [ -5.8825363, 35.7287228 ] ], [ [ -5.8825363, 35.7287228 ], [ -5.8827835, 35.7286803 ] ], [ [ -5.8827835, 35.7286803 ], [ -5.8828533, 35.7287039 ], [ -5.8829283, 35.7287095 ], [ -5.883002, 35.7286967 ], [ -5.8830669, 35.7286668 ] ], [ [ -5.8830669, 35.7286668 ], [ -5.8830897, 35.7286508 ], [ -5.8831175, 35.7286241 ], [ -5.8831392, 35.728594 ], [ -5.8831529, 35.7285672 ] ], [ [ -5.8831529, 35.7285672 ], [ -5.8832322, 35.7285194 ], [ -5.8833331, 35.7284731 ], [ -5.8834621, 35.7284177 ], [ -5.8835874, 35.7283652 ], [ -5.8840696, 35.728194 ] ], [ [ -5.8831529, 35.7285672 ], [ -5.8832322, 35.7285194 ], [ -5.8833331, 35.7284731 ], [ -5.8834621, 35.7284177 ], [ -5.8835874, 35.7283652 ], [ -5.8840696, 35.728194 ] ], [ [ -5.8840696, 35.728194 ], [ -5.8847489, 35.7279736 ], [ -5.8848155, 35.727952 ], [ -5.8852053, 35.7278265 ], [ -5.8856025, 35.7276973 ], [ -5.8865056, 35.7274035 ] ], [ [ -5.8865056, 35.7274035 ], [ -5.8881038, 35.7268829 ], [ -5.8892273, 35.7265272 ], [ -5.8904442, 35.7261316 ], [ -5.8906408, 35.7260694 ], [ -5.8917148, 35.7257294 ], [ -5.8930653, 35.725302 ] ], [ [ -5.8930653, 35.725302 ], [ -5.8933242, 35.7252182 ], [ -5.8935079, 35.7251572 ], [ -5.8938901, 35.7250451 ], [ -5.8941215, 35.7249808 ] ], [ [ -5.8941215, 35.7249808 ], [ -5.8944901, 35.7248703 ] ], [ [ -5.8944901, 35.7248703 ], [ -5.894513, 35.7248807 ] ], [ [ -5.894513, 35.7248807 ], [ -5.8945504, 35.7248914 ], [ -5.8945896, 35.7248957 ], [ -5.8946292, 35.7248934 ], [ -5.8946673, 35.7248846 ], [ -5.8947024, 35.7248698 ], [ -5.8947331, 35.7248494 ], [ -5.894758, 35.7248244 ] ], [ [ -5.894758, 35.7248244 ], [ -5.8947732, 35.7248015 ], [ -5.8947836, 35.7247768 ] ], [ [ -5.8947836, 35.7247768 ], [ -5.8949308, 35.7247108 ] ], [ [ -5.8949308, 35.7247108 ], [ -5.89525, 35.7245932 ], [ -5.8956121, 35.7244898 ], [ -5.8963081, 35.7242459 ], [ -5.8968996, 35.7240304 ], [ -5.8971651, 35.7239095 ], [ -5.8973421, 35.7238224 ], [ -5.8974937, 35.7237397 ], [ -5.8976573, 35.723633 ], [ -5.8977914, 35.7235415 ], [ -5.8980395, 35.7233553 ], [ -5.8986457, 35.7229155 ], [ -5.8992626, 35.7224821 ], [ -5.8998393, 35.7220858 ], [ -5.9005279, 35.7215931 ] ], [ [ -5.9005279, 35.7215931 ], [ -5.9008223, 35.721402 ], [ -5.9009577, 35.7213138 ], [ -5.9012823, 35.7210961 ], [ -5.9016685, 35.7208228 ], [ -5.9020615, 35.7205517 ], [ -5.9025, 35.720249 ], [ -5.9027682, 35.7200606 ], [ -5.902901, 35.7199637 ], [ -5.9031196, 35.7197754 ], [ -5.9033664, 35.7195173 ], [ -5.9035876, 35.7192582 ], [ -5.9038129, 35.7188967 ], [ -5.9039176, 35.718717 ], [ -5.9040047, 35.7185265 ], [ -5.9040557, 35.7184002 ], [ -5.9040973, 35.7182662 ], [ -5.9041308, 35.718178 ], [ -5.904159, 35.7180441 ], [ -5.904222, 35.7173984 ] ], [ [ -5.904222, 35.7173984 ], [ -5.9042824, 35.717245 ], [ -5.9043011, 35.7171578 ], [ -5.9043036, 35.7170828 ], [ -5.904285, 35.7169053 ], [ -5.904171, 35.7161648 ] ], [ [ -5.904171, 35.7161648 ], [ -5.904045, 35.7156982 ], [ -5.9039985, 35.7155815 ] ], [ [ -5.9039985, 35.7155815 ], [ -5.9040121, 35.7155588 ] ], [ [ -5.9040121, 35.7155588 ], [ -5.9040243, 35.7155334 ], [ -5.904031, 35.7155067 ], [ -5.9040319, 35.7154795 ], [ -5.904027, 35.7154525 ], [ -5.9040165, 35.7154267 ], [ -5.9040006, 35.7154027 ] ], [ [ -5.9040006, 35.7154027 ], [ -5.9039741, 35.7153751 ], [ -5.9039407, 35.715353 ] ], [ [ -5.9039407, 35.715353 ], [ -5.9036681, 35.7141942 ], [ -5.9035883, 35.7138395 ], [ -5.9035569, 35.713694 ], [ -5.9035353, 35.7135474 ], [ -5.9035238, 35.7134 ], [ -5.9035223, 35.7132524 ], [ -5.903578, 35.7128272 ], [ -5.9035997, 35.7126879 ], [ -5.9036239, 35.7125423 ] ], [ [ -5.9036239, 35.7125423 ], [ -5.9037076, 35.7123792 ], [ -5.9037908, 35.7122474 ], [ -5.9039008, 35.712089 ], [ -5.9040919, 35.7118484 ], [ -5.9053973, 35.7105112 ], [ -5.905414, 35.7104919 ], [ -5.9058505, 35.7099971 ] ], [ [ -5.9058505, 35.7099971 ], [ -5.9059939, 35.7098781 ], [ -5.9061329, 35.7097557 ], [ -5.9062674, 35.70963 ], [ -5.9063971, 35.709501 ], [ -5.9064218, 35.7094749 ], [ -5.9065221, 35.709369 ], [ -5.9067036, 35.7091666 ], [ -5.9068774, 35.7089801 ], [ -5.9072584, 35.708582 ], [ -5.9072794, 35.7085599 ], [ -5.9073364, 35.7085089 ], [ -5.9073822, 35.7084779 ], [ -5.9074328, 35.7084538 ] ], [ [ -5.9074328, 35.7084538 ], [ -5.9074821, 35.7084395 ], [ -5.9075264, 35.7084168 ], [ -5.9075367, 35.7084097 ], [ -5.9075734, 35.7083763 ], [ -5.9075997, 35.7083369 ], [ -5.9076142, 35.7082937 ], [ -5.9076162, 35.708249 ], [ -5.9076121, 35.7082252 ] ], [ [ -5.9076121, 35.7082252 ], [ -5.9076505, 35.7081805 ], [ -5.9076897, 35.7081364 ], [ -5.9077311, 35.7080927 ], [ -5.9082853, 35.7075208 ], [ -5.9091638, 35.7066151 ], [ -5.9092009, 35.7065769 ], [ -5.9092417, 35.7065412 ], [ -5.9092862, 35.7065086 ], [ -5.9093341, 35.7064792 ] ], [ [ -5.9093341, 35.7064792 ], [ -5.9093946, 35.7064624 ], [ -5.9094479, 35.7064336 ] ], [ [ -5.9094479, 35.7064336 ], [ -5.9094868, 35.7063991 ], [ -5.9095149, 35.7063582 ], [ -5.9095308, 35.7063133 ], [ -5.9095325, 35.7062728 ] ], [ [ -5.9095325, 35.7062728 ], [ -5.909532, 35.7062527 ], [ -5.9095309, 35.7062448 ] ], [ [ -5.9095309, 35.7062448 ], [ -5.9095237, 35.7062197 ], [ -5.9094996, 35.7061763 ], [ -5.909463, 35.7061391 ], [ -5.9094163, 35.7061103 ], [ -5.9093623, 35.7060917 ], [ -5.9093044, 35.7060845 ], [ -5.909246, 35.706089 ] ], [ [ -5.909246, 35.706089 ], [ -5.9091854, 35.7061017 ] ], [ [ -5.9091854, 35.7061017 ], [ -5.9091417, 35.7060916 ], [ -5.9091, 35.7060771 ], [ -5.9090609, 35.7060584 ], [ -5.9090222, 35.7060337 ], [ -5.9089884, 35.7060085 ], [ -5.908949, 35.7059747 ], [ -5.9089066, 35.7059437 ], [ -5.9088611, 35.7059158 ], [ -5.9088128, 35.7058913 ], [ -5.9087619, 35.7058726 ] ], [ [ -5.9087619, 35.7058726 ], [ -5.9078877, 35.7052522 ] ] ] } },
{ "type": "Feature", "properties": { "name": "Boukhalef-Gare Ferroviaire", "Number": "L2" }, "geometry": { "type": "MultiLineString", "coordinates": [ [ [ -5.8920145, 35.7343059 ], [ -5.8926475, 35.7343268 ] ], [ [ -5.889852, 35.7341911 ], [ -5.8915526, 35.7342825 ], [ -5.8917967, 35.7342957 ], [ -5.8920145, 35.7343059 ] ], [ [ -5.8816841, 35.7342532 ], [ -5.8817464, 35.7342308 ], [ -5.8818289, 35.7341911 ], [ -5.8818812, 35.7341661 ], [ -5.8819456, 35.7341378 ], [ -5.8820676, 35.7340817 ], [ -5.882195, 35.7340333 ], [ -5.8823244, 35.7339941 ], [ -5.8824424, 35.7339571 ], [ -5.8825953, 35.7339277 ], [ -5.8827683, 35.7339092 ], [ -5.8829561, 35.7338972 ], [ -5.883168, 35.7338928 ], [ -5.883408, 35.7338994 ], [ -5.8834968, 35.7339022 ], [ -5.883856, 35.7339135 ], [ -5.8841443, 35.7339244 ], [ -5.8843133, 35.7339331 ], [ -5.8844876, 35.733944 ], [ -5.8851729, 35.7339843 ], [ -5.8853473, 35.7339843 ], [ -5.8855833, 35.7339919 ], [ -5.886046, 35.7340278 ], [ -5.8863477, 35.7340452 ], [ -5.8865127, 35.7340431 ], [ -5.887485, 35.7340808 ], [ -5.889852, 35.7341911 ] ], [ [ -5.8816841, 35.7342532 ], [ -5.8816032, 35.7342376 ], [ -5.8815563, 35.7342265 ], [ -5.8815114, 35.7342183 ], [ -5.8814668, 35.7342112 ], [ -5.8814396, 35.7342096 ], [ -5.8813748, 35.7342159 ] ], [ [ -5.8813748, 35.7342159 ], [ -5.8813741, 35.7342088 ], [ -5.8813722, 35.734197 ], [ -5.8813604, 35.7341699 ], [ -5.8813395, 35.7341468 ], [ -5.8813112, 35.7341297 ], [ -5.8812779, 35.73412 ], [ -5.8812427, 35.7341187 ], [ -5.8812029, 35.7341277 ], [ -5.8811693, 35.7341472 ], [ -5.8811458, 35.7341748 ] ], [ [ -5.8811458, 35.7341748 ], [ -5.8811353, 35.7342071 ], [ -5.881139, 35.7342404 ] ], [ [ -5.881139, 35.7342404 ], [ -5.8809022, 35.734491 ], [ -5.880646, 35.7347414 ], [ -5.8803865, 35.7349999 ], [ -5.8800399, 35.7353276 ], [ -5.8797663, 35.735597 ], [ -5.8795698, 35.7357848 ], [ -5.8793538, 35.7359836 ], [ -5.8792161, 35.7361033 ], [ -5.8790964, 35.7362018 ], [ -5.8789388, 35.7363128 ], [ -5.8787363, 35.73645 ], [ -5.8785137, 35.7366045 ], [ -5.8779989, 35.73697 ] ], [ [ -5.8779989, 35.73697 ], [ -5.8779704, 35.7369665 ], [ -5.8779418, 35.7369691 ], [ -5.8779149, 35.7369774 ], [ -5.8778914, 35.736991 ], [ -5.877873, 35.737009 ], [ -5.8778608, 35.7370302 ], [ -5.8778556, 35.7370532 ], [ -5.8778578, 35.7370765 ] ], [ [ -5.8778578, 35.7370765 ], [ -5.8777466, 35.7371411 ], [ -5.8765597, 35.7378304 ], [ -5.8764821, 35.7378755 ], [ -5.8762237, 35.7380111 ], [ -5.8761178, 35.7380616 ], [ -5.8753968, 35.738445 ] ], [ [ -5.8753968, 35.738445 ], [ -5.8753347, 35.7384331 ] ], [ [ -5.8753347, 35.7384331 ], [ -5.8753012, 35.738438 ], [ -5.8752687, 35.7384488 ], [ -5.8752399, 35.7384643 ], [ -5.8752092, 35.7384951 ], [ -5.8751996, 35.7385317 ] ], [ [ -5.8751996, 35.7385317 ], [ -5.8751975, 35.7385617 ] ], [ [ -5.8751975, 35.7385617 ], [ -5.8750925, 35.7386004 ], [ -5.875004, 35.7386396 ], [ -5.8748967, 35.7386821 ], [ -5.874707, 35.7387436 ], [ -5.8746131, 35.7387759 ], [ -5.8744823, 35.7388165 ], [ -5.8743529, 35.7388459 ], [ -5.8742617, 35.7388715 ], [ -5.8740371, 35.7389232 ], [ -5.873738, 35.7389793 ], [ -5.8735536, 35.739007 ], [ -5.8733015, 35.7390495 ], [ -5.8728274, 35.7391219 ], [ -5.8724338, 35.7391855 ], [ -5.8721964, 35.7392209 ], [ -5.8718906, 35.7392715 ], [ -5.8717864, 35.7392863 ], [ -5.8715435, 35.7393179 ], [ -5.871335, 35.7393519 ], [ -5.871147, 35.7393929 ], [ -5.8709388, 35.7394463 ], [ -5.8708372, 35.7394838 ], [ -5.8706816, 35.7395491 ], [ -5.8705086, 35.7396373 ], [ -5.8704007, 35.7397108 ], [ -5.8703175, 35.7397766 ] ], [ [ -5.8703175, 35.7397766 ], [ -5.870164, 35.7399181 ], [ -5.8699896, 35.7401075 ], [ -5.8698414, 35.7402597 ], [ -5.8697415, 35.740365 ], [ -5.8696403, 35.7404532 ], [ -5.8694979, 35.7405695 ], [ -5.8693626, 35.7406694 ], [ -5.8691346, 35.7408096 ], [ -5.8683712, 35.7412765 ], [ -5.8681127, 35.7414381 ], [ -5.8678952, 35.7416009 ], [ -5.8674323, 35.7419545 ], [ -5.8672649, 35.7420872 ], [ -5.8669219, 35.7423464 ], [ -5.8665009, 35.7426752 ], [ -5.8661028, 35.7429801 ], [ -5.8658051, 35.7431776 ], [ -5.8656702, 35.7432658 ], [ -5.8655829, 35.7433237 ], [ -5.865164, 35.7435673 ], [ -5.8647908, 35.7437816 ], [ -5.8643868, 35.7440135 ], [ -5.8640931, 35.7441752 ], [ -5.8629728, 35.7447908 ], [ -5.8625954, 35.7450156 ], [ -5.8622903, 35.7452361 ], [ -5.8620603, 35.7454369 ], [ -5.8613308, 35.7461259 ], [ -5.8612074, 35.7462162 ], [ -5.8610326, 35.7463165 ] ], [ [ -5.8610326, 35.7463165 ], [ -5.8609854, 35.7463162 ], [ -5.8609426, 35.7463281 ], [ -5.8609068, 35.7463505 ], [ -5.8608818, 35.7463811 ], [ -5.8608703, 35.7464166 ], [ -5.8608732, 35.7464518 ] ], [ [ -5.8608732, 35.7464518 ], [ -5.8608091, 35.7464948 ], [ -5.8607303, 35.746552 ], [ -5.8605362, 35.7466946 ], [ -5.8598474, 35.7471394 ], [ -5.8595578, 35.7473435 ], [ -5.8595155, 35.7473678 ], [ -5.8592454, 35.7475666 ], [ -5.858459, 35.7481522 ], [ -5.8583388, 35.7482385 ], [ -5.8582462, 35.7483185 ], [ -5.8578693, 35.7486268 ], [ -5.8575484, 35.7488884 ], [ -5.8568687, 35.7494426 ], [ -5.8566132, 35.7496281 ], [ -5.8564646, 35.7497128 ], [ -5.8563236, 35.7497831 ], [ -5.8553557, 35.7502034 ], [ -5.8552441, 35.7502509 ], [ -5.8547657, 35.7504544 ], [ -5.8537328, 35.7509111 ], [ -5.8536337, 35.7509622 ], [ -5.8533839, 35.751096 ], [ -5.8531557, 35.7512459 ], [ -5.8526695, 35.7516285 ], [ -5.8524619, 35.7518318 ], [ -5.852302, 35.7519253 ], [ -5.8521019, 35.7520718 ], [ -5.8513229, 35.7527932 ], [ -5.8512508, 35.752844 ], [ -5.8510096, 35.753047 ], [ -5.8508971, 35.7531257 ] ], [ [ -5.8508971, 35.7531257 ], [ -5.8508791, 35.7531306 ], [ -5.8508228, 35.7531561 ], [ -5.8507778, 35.7531934 ], [ -5.8507475, 35.7532395 ], [ -5.8507346, 35.7532907 ], [ -5.85074, 35.7533428 ], [ -5.8507529, 35.7533744 ] ], [ [ -5.8507529, 35.7533744 ], [ -5.8505653, 35.7535454 ], [ -5.8505377, 35.7535813 ], [ -5.8504831, 35.7536521 ], [ -5.8501229, 35.7540955 ], [ -5.8498144, 35.7545327 ], [ -5.8497459, 35.7546833 ] ], [ [ -5.8497459, 35.7546833 ], [ -5.8496901, 35.7547594 ], [ -5.8495801, 35.7549051 ], [ -5.8494212, 35.7550706 ], [ -5.8490845, 35.7554035 ], [ -5.8489352, 35.7555456 ], [ -5.8487621, 35.7556954 ], [ -5.8482249, 35.7561616 ], [ -5.8480396, 35.7563119 ], [ -5.8477943, 35.7564623 ], [ -5.8476274, 35.756557 ], [ -5.847498, 35.7566337 ], [ -5.8472747, 35.7567561 ], [ -5.8471643, 35.756824 ] ], [ [ -5.8471643, 35.756824 ], [ -5.8471245, 35.7568173 ], [ -5.847084, 35.7568198 ], [ -5.847046, 35.7568313 ], [ -5.8470043, 35.7568589 ], [ -5.8469779, 35.756897 ], [ -5.8469705, 35.7569402 ] ], [ [ -5.8469705, 35.7569402 ], [ -5.8468922, 35.7569774 ], [ -5.8468394, 35.7570106 ], [ -5.8465504, 35.757175 ], [ -5.8464833, 35.7572351 ], [ -5.8463412, 35.7573176 ], [ -5.8456962, 35.7576883 ], [ -5.8453166, 35.7579122 ], [ -5.845077, 35.7579951 ], [ -5.8444663, 35.7582063 ], [ -5.8441874, 35.7583587 ], [ -5.8441289, 35.7583947 ], [ -5.843967, 35.7585144 ] ], [ [ -5.843967, 35.7585144 ], [ -5.8432863, 35.7590298 ], [ -5.8429428, 35.7592898 ], [ -5.8428511, 35.7593575 ], [ -5.8412898, 35.7604623 ], [ -5.841204, 35.7605274 ], [ -5.8410039, 35.7606751 ], [ -5.8409503, 35.7607232 ], [ -5.8406428, 35.7609725 ], [ -5.8402109, 35.7613307 ], [ -5.8398234, 35.7616367 ], [ -5.8390392, 35.762325 ], [ -5.8388871, 35.7624495 ], [ -5.838681, 35.7625944 ], [ -5.8385941, 35.7626555 ] ], [ [ -5.8385941, 35.7626555 ], [ -5.8385452, 35.7626585 ], [ -5.8384996, 35.762673 ] ], [ [ -5.8384996, 35.762673 ], [ -5.8384403, 35.7627203 ], [ -5.8384171, 35.7627852 ] ], [ [ -5.8384171, 35.7627852 ], [ -5.8384339, 35.7628476 ] ], [ [ -5.8384339, 35.7628476 ], [ -5.8382192, 35.763027 ], [ -5.837562, 35.7635763 ], [ -5.8372448, 35.7638115 ], [ -5.8370849, 35.7639272 ], [ -5.8368596, 35.7640943 ], [ -5.8365123, 35.7643544 ], [ -5.8362159, 35.7645785 ], [ -5.8359383, 35.7648054 ], [ -5.8357519, 35.7649518 ], [ -5.835407, 35.7652124 ], [ -5.8353147, 35.7652772 ], [ -5.8351417, 35.7654077 ], [ -5.834966, 35.7655326 ], [ -5.8348594, 35.7656042 ], [ -5.8347387, 35.7656782 ], [ -5.8346484, 35.765733 ], [ -5.8345615, 35.7657716 ], [ -5.8344744, 35.7658158 ] ], [ [ -5.8344744, 35.7658158 ], [ -5.8344502, 35.7658124 ], [ -5.8344113, 35.765817 ], [ -5.8343775, 35.7658334 ], [ -5.8343539, 35.765859 ] ], [ [ -5.8343539, 35.765859 ], [ -5.8343445, 35.7658875 ], [ -5.8343481, 35.7659169 ], [ -5.8343643, 35.7659434 ] ], [ [ -5.8343643, 35.7659434 ], [ -5.8343903, 35.7659631 ] ], [ [ -5.8343903, 35.7659631 ], [ -5.8343467, 35.7659984 ], [ -5.8343028, 35.7660413 ], [ -5.8342787, 35.7660732 ], [ -5.8342599, 35.766111 ], [ -5.8342485, 35.7661499 ] ], [ [ -5.8259327, 35.7786851 ], [ -5.8262904, 35.7785074 ], [ -5.8265204, 35.7783769 ], [ -5.8267772, 35.7782322 ], [ -5.8269013, 35.7781386 ], [ -5.8270186, 35.7780472 ], [ -5.8271192, 35.7779553 ], [ -5.8272077, 35.7778666 ], [ -5.8272914, 35.7777825 ], [ -5.8274652, 35.7775973 ], [ -5.8277147, 35.777321 ], [ -5.8279503, 35.7770543 ], [ -5.8280352, 35.776969 ], [ -5.8280841, 35.7769167 ], [ -5.8282182, 35.7767802 ], [ -5.8283772, 35.7765903 ], [ -5.8284724, 35.7764467 ], [ -5.8285314, 35.7763477 ], [ -5.8285502, 35.776302 ], [ -5.8285783, 35.7762248 ], [ -5.8286092, 35.7760583 ], [ -5.8286414, 35.7759038 ], [ -5.8286829, 35.7757297 ], [ -5.8287245, 35.7755153 ], [ -5.8287741, 35.7752771 ], [ -5.8288184, 35.7750333 ], [ -5.8288626, 35.7747493 ], [ -5.8288854, 35.7745959 ], [ -5.828923, 35.7743903 ], [ -5.828982, 35.7741901 ], [ -5.8290544, 35.7739213 ], [ -5.8290745, 35.7738484 ], [ -5.8291456, 35.7736286 ], [ -5.829206, 35.773485 ], [ -5.8293562, 35.773225 ], [ -5.8294891, 35.7729939 ], [ -5.8295506, 35.7728594 ], [ -5.8297558, 35.7724753 ], [ -5.8298886, 35.772262 ], [ -5.8299898, 35.7720966 ], [ -5.8301206, 35.7719116 ], [ -5.830252, 35.7717364 ], [ -5.8304626, 35.7714775 ], [ -5.8306162, 35.7712858 ], [ -5.8307938, 35.7710955 ], [ -5.8309937, 35.7709018 ], [ -5.8311801, 35.7707093 ], [ -5.8314349, 35.7704568 ], [ -5.8315294, 35.7703591 ], [ -5.8316018, 35.7702811 ], [ -5.8316334, 35.7702397 ], [ -5.8316595, 35.7702033 ], [ -5.8316843, 35.7701608 ], [ -5.8316997, 35.7701342 ], [ -5.8317232, 35.7700863 ], [ -5.8317507, 35.7700275 ], [ -5.8317876, 35.7699476 ], [ -5.8318479, 35.7698126 ], [ -5.8318792, 35.7697506 ], [ -5.831911, 35.7696875 ], [ -5.8319566, 35.7695972 ], [ -5.8320102, 35.7694992 ], [ -5.8320786, 35.7693883 ], [ -5.8321604, 35.7692566 ], [ -5.8322597, 35.7690999 ], [ -5.8324125, 35.7688627 ], [ -5.8325279, 35.768694 ], [ -5.8326513, 35.768521 ], [ -5.8327854, 35.768323 ], [ -5.8329289, 35.7681222 ], [ -5.8329979, 35.7680243 ], [ -5.83313, 35.7678257 ], [ -5.8333044, 35.7675515 ], [ -5.8336316, 35.7670509 ], [ -5.8338287, 35.7667299 ], [ -5.8340051, 35.7664829 ], [ -5.8340457, 35.7664273 ], [ -5.8341316, 35.7663098 ], [ -5.8342485, 35.7661499 ] ], [ [ -5.8259327, 35.7786851 ], [ -5.8253874, 35.7788998 ] ], [ [ -5.8253874, 35.7788998 ], [ -5.8253509, 35.7789094 ], [ -5.8253199, 35.7789279 ], [ -5.8252976, 35.7789534 ], [ -5.8252863, 35.7789833 ], [ -5.8252872, 35.7790145 ], [ -5.8253003, 35.7790443 ], [ -5.8253244, 35.7790691 ] ], [ [ -5.8245744, 35.7799512 ], [ -5.8253244, 35.7790691 ] ], [ [ -5.8245744, 35.7799512 ], [ -5.8243997, 35.780091 ] ], [ [ -5.8243997, 35.780091 ], [ -5.8243802, 35.7801126 ] ], [ [ -5.8243802, 35.7801126 ], [ -5.8243301, 35.7801505 ], [ -5.8242489, 35.7801928 ] ], [ [ -5.8242489, 35.7801928 ], [ -5.824239, 35.7801973 ], [ -5.8241357, 35.780244 ], [ -5.8240081, 35.7802944 ], [ -5.8230872, 35.7806882 ], [ -5.8228311, 35.7808042 ] ], [ [ -5.8228311, 35.7808042 ], [ -5.8226238, 35.7808923 ], [ -5.8220847, 35.781055 ], [ -5.8217253, 35.7811496 ], [ -5.8216478, 35.7811654 ], [ -5.8211685, 35.7812789 ], [ -5.8211302, 35.781288 ] ], [ [ -5.8211302, 35.781288 ], [ -5.8210418, 35.7812923 ], [ -5.8209643, 35.7812911 ], [ -5.82089, 35.7812903 ] ], [ [ -5.82089, 35.7812903 ], [ -5.8208671, 35.781274 ], [ -5.8208156, 35.7812527 ], [ -5.8207583, 35.7812463 ] ], [ [ -5.8207583, 35.7812463 ], [ -5.8207195, 35.7811252 ], [ -5.820643, 35.7809021 ], [ -5.8205692, 35.7806932 ], [ -5.8204566, 35.7803483 ], [ -5.8203359, 35.7799784 ], [ -5.820144, 35.7794487 ], [ -5.8200191, 35.7790896 ], [ -5.8199874, 35.7789989 ], [ -5.8199295, 35.7788407 ], [ -5.8197364, 35.7783159 ], [ -5.8195663, 35.7778383 ], [ -5.8195714, 35.7777065 ] ], [ [ -5.8195714, 35.7777065 ], [ -5.8195886, 35.777687 ], [ -5.8196736, 35.7776251 ], [ -5.8197327, 35.7775457 ], [ -5.8197602, 35.7774601 ], [ -5.8197573, 35.7773716 ], [ -5.8197508, 35.7773551 ], [ -5.8197379, 35.7773225 ], [ -5.819724, 35.7772873 ], [ -5.8196663, 35.7772166 ], [ -5.8195875, 35.777161 ], [ -5.8194932, 35.7771245 ] ], [ [ -5.8194932, 35.7771245 ], [ -5.8194203, 35.7771084 ], [ -5.8193996, 35.7771074 ], [ -5.8193471, 35.7771048 ] ], [ [ -5.8193471, 35.7771048 ], [ -5.8193059, 35.7770321 ], [ -5.819267, 35.7769744 ], [ -5.8191343, 35.7767176 ], [ -5.8190659, 35.776586 ], [ -5.8189666, 35.7764217 ], [ -5.8188111, 35.7761839 ], [ -5.8186334, 35.7759337 ], [ -5.8184583, 35.7756998 ], [ -5.8183839, 35.7756046 ], [ -5.8181828, 35.7753228 ], [ -5.8179681, 35.7750586 ], [ -5.8176136, 35.7745748 ], [ -5.8174045, 35.7742603 ], [ -5.8173544, 35.7741945 ], [ -5.8171297, 35.7739299 ], [ -5.8169983, 35.7737752 ], [ -5.8168411, 35.7736217 ], [ -5.8165284, 35.7733442 ], [ -5.8163548, 35.7732026 ], [ -5.8160232, 35.7729872 ] ], [ [ -5.8160232, 35.7729872 ], [ -5.8159887, 35.772948 ], [ -5.8159418, 35.772904 ], [ -5.8159069, 35.7728768 ], [ -5.8157131, 35.7727315 ], [ -5.8155857, 35.7726428 ], [ -5.8154657, 35.7725563 ], [ -5.8150835, 35.7722827 ], [ -5.8149353, 35.7721826 ], [ -5.81484, 35.7721129 ], [ -5.8147281, 35.7720373 ], [ -5.8146393, 35.7719781 ], [ -5.8144991, 35.7718874 ] ], [ [ -5.8144991, 35.7718874 ], [ -5.8144989, 35.7718428 ], [ -5.8144822, 35.7718003 ], [ -5.81445, 35.7717633 ], [ -5.8144054, 35.771736 ], [ -5.8143527, 35.771721 ] ], [ [ -5.8143527, 35.771721 ], [ -5.8143068, 35.7717189 ], [ -5.8142616, 35.7717262 ] ], [ [ -5.8142616, 35.7717262 ], [ -5.8142394, 35.7717337 ] ], [ [ -5.8142394, 35.7717337 ], [ -5.8141588, 35.7716597 ], [ -5.8141031, 35.7716222 ], [ -5.814024, 35.7715743 ], [ -5.8138798, 35.771496 ], [ -5.8134945, 35.7713302 ], [ -5.813283, 35.7712462 ], [ -5.8130816, 35.7711804 ] ], [ [ -5.8130816, 35.7711804 ], [ -5.8127964, 35.7710769 ], [ -5.812555, 35.7710009 ], [ -5.8120499, 35.7708645 ], [ -5.8118728, 35.7708262 ], [ -5.8116148, 35.7707762 ], [ -5.8113548, 35.7707245 ] ], [ [ -5.8113548, 35.7707245 ], [ -5.8113455, 35.7707119 ], [ -5.8113334, 35.7707011 ], [ -5.8113224, 35.7706942 ], [ -5.8113102, 35.7706887 ], [ -5.8112902, 35.7706835 ], [ -5.8112692, 35.7706821 ], [ -5.8112485, 35.7706846 ], [ -5.811229, 35.770691 ], [ -5.8112118, 35.7707008 ] ], [ [ -5.8112118, 35.7707008 ], [ -5.8109946, 35.770682 ], [ -5.8104989, 35.7706396 ], [ -5.8099356, 35.7705798 ], [ -5.8096071, 35.7705417 ], [ -5.8093986, 35.7705147 ], [ -5.8093453, 35.7705052 ], [ -5.8091092, 35.7704777 ] ], [ [ -5.8091092, 35.7704777 ], [ -5.808552, 35.7704035 ], [ -5.8080862, 35.7703377 ], [ -5.8078414, 35.7703073 ], [ -5.8062418, 35.7701442 ], [ -5.8060355, 35.7701219 ] ], [ [ -5.8060355, 35.7701219 ], [ -5.805852, 35.7700939 ], [ -5.8055985, 35.7700662 ], [ -5.8052941, 35.7700346 ], [ -5.8048649, 35.770002 ], [ -5.8043607, 35.7699421 ], [ -5.8041742, 35.7699149 ], [ -5.8039176, 35.7698579 ] ], [ [ -5.8039176, 35.7698579 ], [ -5.8039182, 35.7697812 ], [ -5.8039115, 35.7697315 ] ], [ [ -5.8039115, 35.7697315 ], [ -5.8038381, 35.7696004 ], [ -5.8037621, 35.7695337 ] ], [ [ -5.8037621, 35.7695337 ], [ -5.8036699, 35.7694773 ], [ -5.8036135, 35.7694505 ] ], [ [ -5.8036135, 35.7694505 ], [ -5.803438, 35.7694314 ] ], [ [ -5.803438, 35.7694314 ], [ -5.803309, 35.7694474 ], [ -5.8031902, 35.7694913 ], [ -5.8030906, 35.7695597 ] ], [ [ -5.8030906, 35.7695597 ], [ -5.8030165, 35.7696496 ], [ -5.8029893, 35.7697187 ], [ -5.802976, 35.7697526 ], [ -5.8029723, 35.7698606 ] ], [ [ -5.8029723, 35.7698606 ], [ -5.8029981, 35.7699494 ] ], [ [ -5.8029981, 35.7699494 ], [ -5.8026239, 35.770092 ], [ -5.8025109, 35.770135 ], [ -5.8015336, 35.7705254 ] ], [ [ -5.8015336, 35.7705254 ], [ -5.801268, 35.770632 ], [ -5.8008438, 35.7707985 ], [ -5.8004747, 35.7709619 ], [ -5.800111, 35.7711106 ], [ -5.7993784, 35.7714285 ], [ -5.7989882, 35.7716021 ], [ -5.7988212, 35.771688 ], [ -5.7987689, 35.7717168 ], [ -5.7987149, 35.7717454 ], [ -5.7986633, 35.7717628 ], [ -5.7986217, 35.771777 ], [ -5.7985956, 35.7717868 ], [ -5.7985741, 35.7717911 ], [ -5.7985175, 35.7718009 ], [ -5.79849, 35.7718055 ], [ -5.7984366, 35.7718009 ], [ -5.7982902, 35.7717947 ], [ -5.7980159, 35.7717854 ], [ -5.797517, 35.7717687 ], [ -5.7971066, 35.7717625 ], [ -5.796947, 35.7717549 ], [ -5.7968552, 35.7717566 ], [ -5.7962463, 35.7717397 ], [ -5.7960579, 35.7717343 ], [ -5.7955087, 35.7717152 ], [ -5.7950935, 35.7717096 ], [ -5.7949223, 35.7716989 ] ], [ [ -5.7949223, 35.7716989 ], [ -5.7948932, 35.7716823 ], [ -5.7948597, 35.7716725 ], [ -5.7948242, 35.7716704 ], [ -5.7947893, 35.771676 ] ], [ [ -5.7947893, 35.771676 ], [ -5.7947604, 35.7716875 ], [ -5.7947329, 35.7717066 ] ], [ [ -5.7947329, 35.7717066 ], [ -5.794555, 35.7717244 ], [ -5.7940717, 35.7717783 ], [ -5.7932756, 35.7718946 ], [ -5.7924031, 35.7720162 ], [ -5.7920074, 35.772064 ], [ -5.7918415, 35.7720742 ], [ -5.7917847, 35.7720778 ], [ -5.7916414, 35.7720852 ] ], [ [ -5.7916414, 35.7720852 ], [ -5.7915622, 35.7720117 ], [ -5.7914602, 35.7719598 ], [ -5.791344, 35.771934 ], [ -5.7912236, 35.7719366 ], [ -5.7911108, 35.7719586 ] ], [ [ -5.7911108, 35.7719586 ], [ -5.7910423, 35.7720016 ], [ -5.7909846, 35.7720457 ], [ -5.7909383, 35.7720979 ], [ -5.7908979, 35.7721569 ] ], [ [ -5.7908979, 35.7721569 ], [ -5.7908833, 35.772244 ] ], [ [ -5.7908833, 35.772244 ], [ -5.7906103, 35.7722544 ], [ -5.7899608, 35.772266 ] ], [ [ -5.7899608, 35.772266 ], [ -5.7893369, 35.7722848 ] ], [ [ -5.7893369, 35.7722848 ], [ -5.7891477, 35.7722796 ], [ -5.7887352, 35.7722684 ], [ -5.7880223, 35.7722851 ], [ -5.7870762, 35.7723082 ], [ -5.7869867, 35.7723016 ], [ -5.7868718, 35.7722717 ] ], [ [ -5.7868718, 35.7722717 ], [ -5.7868344, 35.7722521 ], [ -5.7867833, 35.772235 ], [ -5.7867232, 35.7722261 ], [ -5.7866599, 35.7722284 ], [ -5.7865987, 35.7722423 ], [ -5.7865428, 35.7722672 ] ], [ [ -5.7865428, 35.7722672 ], [ -5.7864253, 35.7722898 ], [ -5.786333, 35.7722908 ], [ -5.7862392, 35.7722663 ], [ -5.7861937, 35.7722328 ], [ -5.7861811, 35.7722236 ], [ -5.7860424, 35.7720337 ] ], [ [ -5.7860424, 35.7720337 ], [ -5.7852275, 35.7709514 ], [ -5.7852095, 35.7709272 ], [ -5.7851529, 35.7709004 ], [ -5.7850965, 35.7708903 ], [ -5.7850352, 35.7709081 ] ], [ [ -5.7850352, 35.7709081 ], [ -5.7846722, 35.7720077 ] ] ] } },
{ "type": "Feature", "properties": { "name": "Gzenaya-Dradeb", "Number": "L9A" }, "geometry": { "type": "MultiLineString", "coordinates": [ [ [ -5.9087619, 35.7058726 ], [ -5.9078877, 35.7052522 ] ], [ [ -5.9087619, 35.7058726 ], [ -5.9087897, 35.7059104 ], [ -5.9088217, 35.7059483 ], [ -5.9088577, 35.7059838 ], [ -5.9088973, 35.7060166 ], [ -5.9089362, 35.7060484 ], [ -5.9089736, 35.7060785 ], [ -5.9090046, 35.7061067 ], [ -5.9090289, 35.7061389 ], [ -5.9090458, 35.706174 ], [ -5.9090545, 35.706211 ] ], [ [ -5.9090545, 35.706211 ], [ -5.9090403, 35.7062619 ], [ -5.9090436, 35.706314 ] ], [ [ -5.9090436, 35.706314 ], [ -5.9090232, 35.7063542 ], [ -5.9089984, 35.7063928 ], [ -5.9089692, 35.7064293 ], [ -5.908936, 35.7064635 ], [ -5.9080491, 35.7073793 ], [ -5.907497, 35.7079484 ], [ -5.9074536, 35.7079911 ], [ -5.9074072, 35.7080317 ], [ -5.9073581, 35.7080701 ] ], [ [ -5.9073581, 35.7080701 ], [ -5.907321, 35.7080749 ] ], [ [ -5.907321, 35.7080749 ], [ -5.9072565, 35.7080958 ], [ -5.9072021, 35.7081309 ], [ -5.9071624, 35.7081771 ], [ -5.9071406, 35.7082307 ] ], [ [ -5.9071406, 35.7082307 ], [ -5.9071371, 35.7082698 ] ], [ [ -5.9071371, 35.7082698 ], [ -5.9071186, 35.7083062 ], [ -5.9070991, 35.7083414 ], [ -5.9070763, 35.7083753 ], [ -5.9070561, 35.708402 ], [ -5.9070211, 35.708438 ], [ -5.9066374, 35.7088418 ], [ -5.9065151, 35.7089733 ], [ -5.906396, 35.7091067 ], [ -5.9062802, 35.7092419 ], [ -5.9061677, 35.709379 ], [ -5.9061291, 35.7094281 ], [ -5.9060585, 35.7095179 ], [ -5.9059527, 35.7096584 ], [ -5.9058502, 35.7098006 ], [ -5.9057513, 35.7099444 ] ], [ [ -5.9057513, 35.7099444 ], [ -5.904002, 35.7117877 ], [ -5.9036962, 35.7121708 ], [ -5.9035997, 35.7123318 ], [ -5.9034977, 35.7125116 ] ], [ [ -5.9034977, 35.7125116 ], [ -5.9034133, 35.7126487 ], [ -5.9033529, 35.7127849 ], [ -5.9032553, 35.7132417 ], [ -5.9032446, 35.7134021 ], [ -5.9032463, 35.7135627 ], [ -5.9032604, 35.7137229 ], [ -5.9032869, 35.7138821 ], [ -5.9033516, 35.7142223 ], [ -5.903642, 35.7153374 ], [ -5.9036584, 35.7154041 ] ], [ [ -5.9036584, 35.7154041 ], [ -5.9036332, 35.7154539 ], [ -5.9036282, 35.7154887 ], [ -5.9036323, 35.7155236 ], [ -5.9036455, 35.715557 ], [ -5.9036671, 35.7155874 ], [ -5.9036909, 35.7156094 ], [ -5.9037191, 35.7156276 ] ], [ [ -5.9037191, 35.7156276 ], [ -5.9037191, 35.7156704 ], [ -5.9037244, 35.715713 ], [ -5.9037324, 35.7157522 ], [ -5.9041187, 35.7173809 ] ], [ [ -5.9041187, 35.7173809 ], [ -5.9040852, 35.7178699 ], [ -5.9040584, 35.7180376 ], [ -5.9040141, 35.7182031 ], [ -5.9039605, 35.7183566 ], [ -5.9038076, 35.7186996 ], [ -5.9037231, 35.7188629 ], [ -5.9035474, 35.719133 ], [ -5.9033851, 35.7193355 ], [ -5.9031987, 35.7195576 ], [ -5.9030418, 35.7197166 ], [ -5.9028514, 35.7198723 ], [ -5.9026891, 35.7200029 ], [ -5.9024812, 35.7201564 ], [ -5.9023096, 35.720261 ], [ -5.9020051, 35.7204787 ], [ -5.9015921, 35.7207607 ], [ -5.9012233, 35.7210416 ], [ -5.9007848, 35.7213302 ], [ -5.9001517, 35.721769 ], [ -5.8997923, 35.7220248 ], [ -5.8993793, 35.7223036 ], [ -5.8989112, 35.7226204 ], [ -5.898356, 35.7230047 ], [ -5.8980341, 35.7232366 ], [ -5.8975889, 35.723535 ], [ -5.8973703, 35.7236841 ], [ -5.8972362, 35.7237603 ], [ -5.8970672, 35.7238464 ], [ -5.8968942, 35.7239313 ], [ -5.896734, 35.7239911 ], [ -5.8962867, 35.7241458 ] ], [ [ -5.8962867, 35.7241458 ], [ -5.8958656, 35.7242808 ], [ -5.8947108, 35.724612 ] ], [ [ -5.8947108, 35.724612 ], [ -5.8946814, 35.7245974 ], [ -5.8946494, 35.7245874 ], [ -5.8946157, 35.7245821 ], [ -5.8945814, 35.7245817 ], [ -5.8945475, 35.7245862 ], [ -5.8945151, 35.7245955 ], [ -5.8944853, 35.7246093 ], [ -5.8944614, 35.7246252 ], [ -5.8944409, 35.7246439 ], [ -5.8944244, 35.7246651 ], [ -5.8944122, 35.7246881 ], [ -5.8944048, 35.7247117 ] ], [ [ -5.8944048, 35.7247117 ], [ -5.8941315, 35.7248023 ], [ -5.8933657, 35.7250777 ], [ -5.8932477, 35.7251191 ] ], [ [ -5.8932477, 35.7251191 ], [ -5.8906782, 35.7259672 ], [ -5.8901645, 35.7261463 ], [ -5.8898869, 35.7262361 ], [ -5.8894792, 35.7263706 ], [ -5.8892465, 35.7264436 ], [ -5.8889421, 35.726541 ], [ -5.8881673, 35.7267817 ], [ -5.8855242, 35.7276204 ], [ -5.8845661, 35.7279304 ], [ -5.8838873, 35.7281501 ] ], [ [ -5.8838873, 35.7281501 ], [ -5.8836091, 35.7282408 ], [ -5.88348, 35.7282743 ], [ -5.8833691, 35.7282971 ], [ -5.8832605, 35.7283129 ], [ -5.883054, 35.7283391 ] ], [ [ -5.883054, 35.7283391 ], [ -5.8830101, 35.7283197 ], [ -5.8829375, 35.7283048 ], [ -5.8828627, 35.7283081 ], [ -5.8827924, 35.7283292 ], [ -5.882733, 35.7283663 ], [ -5.88269, 35.7284157 ], [ -5.8826668, 35.7284734 ] ], [ [ -5.8826668, 35.7284734 ], [ -5.8825703, 35.7285299 ], [ -5.8824678, 35.728579 ], [ -5.8823274, 35.728631 ], [ -5.8821803, 35.7286692 ], [ -5.8821184, 35.7286889 ] ], [ [ -5.8821184, 35.7286889 ], [ -5.8816895, 35.7288251 ], [ -5.8805708, 35.7292008 ], [ -5.8803408, 35.7292781 ], [ -5.8789572, 35.7297148 ], [ -5.8781818, 35.7299492 ], [ -5.8781087, 35.7299731 ], [ -5.8772913, 35.7302333 ], [ -5.875578, 35.7307771 ], [ -5.8752079, 35.7308903 ], [ -5.8748397, 35.7310068 ], [ -5.8746144, 35.7310732 ], [ -5.8743046, 35.7311532 ], [ -5.8739714, 35.7312371 ], [ -5.8738513, 35.7312809 ] ], [ [ -5.8738513, 35.7312809 ], [ -5.8738112, 35.7312635 ], [ -5.8737667, 35.7312562 ], [ -5.8737215, 35.7312595 ], [ -5.8736793, 35.7312732 ], [ -5.8736437, 35.7312962 ], [ -5.8736177, 35.7313264 ], [ -5.8736035, 35.7313614 ] ], [ [ -5.8736035, 35.7313614 ], [ -5.8735141, 35.7313951 ], [ -5.8730802, 35.7315588 ], [ -5.872132, 35.731868 ], [ -5.8708687, 35.7322648 ], [ -5.8697992, 35.7325941 ], [ -5.86913, 35.732815 ] ], [ [ -5.86913, 35.732815 ], [ -5.8688529, 35.732904 ], [ -5.8685784, 35.7329982 ], [ -5.8683067, 35.7330976 ], [ -5.8680379, 35.7332022 ] ], [ [ -5.8680379, 35.7332022 ], [ -5.8679706, 35.7332291 ], [ -5.8679006, 35.733251 ], [ -5.8678291, 35.7332698 ], [ -5.8677528, 35.7332879 ] ], [ [ -5.8677528, 35.7332879 ], [ -5.8677191, 35.7332726 ] ], [ [ -5.8677191, 35.7332726 ], [ -5.8676678, 35.7332632 ], [ -5.8676156, 35.7332679 ], [ -5.8675681, 35.7332862 ], [ -5.8675306, 35.7333161 ] ], [ [ -5.8675306, 35.7333161 ], [ -5.867515, 35.7333377 ], [ -5.8675048, 35.7333615 ], [ -5.8675005, 35.7333863 ] ], [ [ -5.8675005, 35.7333863 ], [ -5.8674388, 35.7334242 ], [ -5.867402, 35.7334435 ], [ -5.867363, 35.7334623 ], [ -5.8664357, 35.7338667 ], [ -5.8661886, 35.7339721 ], [ -5.8660783, 35.7340191 ], [ -5.8657216, 35.7341595 ], [ -5.8654279, 35.7342771 ], [ -5.8652106, 35.7343696 ], [ -5.8649182, 35.7344905 ] ], [ [ -5.8649182, 35.7344905 ], [ -5.8643295, 35.7347272 ] ], [ [ -5.8643295, 35.7347272 ], [ -5.8638097, 35.7349376 ] ], [ [ -5.8638097, 35.7349376 ], [ -5.8637645, 35.7349559 ], [ -5.8635976, 35.7350234 ] ], [ [ -5.8635976, 35.7350234 ], [ -5.8611833, 35.7360004 ], [ -5.8608305, 35.7361506 ], [ -5.8594492, 35.7366611 ], [ -5.8583026, 35.7370128 ], [ -5.8571734, 35.7373143 ], [ -5.8565388, 35.7374745 ], [ -5.8563602, 35.7375147 ], [ -5.8560924, 35.7375444 ], [ -5.8560011, 35.7375592 ] ], [ [ -5.8560011, 35.7375592 ], [ -5.8559725, 35.7375442 ], [ -5.8559218, 35.7375308 ], [ -5.8558684, 35.7375308 ], [ -5.8558178, 35.7375444 ], [ -5.8557748, 35.7375701 ], [ -5.8557526, 35.7375927 ], [ -5.8557368, 35.7376187 ], [ -5.855728, 35.7376467 ] ], [ [ -5.855728, 35.7376467 ], [ -5.8556419, 35.7376736 ], [ -5.8543516, 35.7380099 ], [ -5.8534133, 35.7382318 ], [ -5.8533462, 35.7382419 ], [ -5.8531938, 35.7382364 ] ], [ [ -5.8531938, 35.7382364 ], [ -5.8531384, 35.7382207 ], [ -5.8530798, 35.7382191 ] ], [ [ -5.8530798, 35.7382191 ], [ -5.8530297, 35.7382294 ], [ -5.8529847, 35.7382501 ], [ -5.8529479, 35.7382796 ] ], [ [ -5.8529479, 35.7382796 ], [ -5.8529257, 35.738309 ], [ -5.8529119, 35.7383417 ] ], [ [ -5.8529119, 35.7383417 ], [ -5.8528215, 35.7383855 ], [ -5.8524612, 35.7385038 ], [ -5.8520188, 35.738615 ], [ -5.8511567, 35.7388268 ], [ -5.8504631, 35.7390033 ], [ -5.8497919, 35.7391706 ], [ -5.8492894, 35.7393038 ], [ -5.8488348, 35.7394465 ], [ -5.8482247, 35.7397025 ], [ -5.8480693, 35.7397696 ], [ -5.8476327, 35.7400433 ], [ -5.8473954, 35.7402251 ], [ -5.8471965, 35.7403772 ], [ -5.8469246, 35.7406072 ], [ -5.8467483, 35.7407754 ], [ -5.8464915, 35.7410404 ], [ -5.84612, 35.7414965 ], [ -5.8459408, 35.741725 ], [ -5.8445066, 35.7435015 ], [ -5.8441605, 35.7439434 ], [ -5.8439643, 35.7441772 ] ], [ [ -5.8439643, 35.7441772 ], [ -5.8439195, 35.7441782 ], [ -5.8438751, 35.7441871 ], [ -5.8438348, 35.7442025 ], [ -5.8438018, 35.7442295 ], [ -5.8437746, 35.7442652 ], [ -5.843761, 35.7442958 ], [ -5.8437583, 35.7443326 ], [ -5.8437635, 35.7443698 ], [ -5.8437752, 35.744395 ] ], [ [ -5.8437752, 35.744395 ], [ -5.8436109, 35.7445982 ], [ -5.8434536, 35.7448229 ], [ -5.8431005, 35.7453001 ], [ -5.8429664, 35.7454915 ], [ -5.842873, 35.7456226 ], [ -5.8424139, 35.7461834 ] ], [ [ -5.8424139, 35.7461834 ], [ -5.8422281, 35.7463271 ], [ -5.8419307, 35.7466591 ], [ -5.8418684, 35.7467286 ], [ -5.8417635, 35.7468415 ] ], [ [ -5.8417635, 35.7468415 ], [ -5.8412416, 35.7474161 ] ], [ [ -5.8412416, 35.7474161 ], [ -5.8411451, 35.7474439 ], [ -5.8410642, 35.7474947 ] ], [ [ -5.8410642, 35.7474947 ], [ -5.8410099, 35.7475586 ], [ -5.8409811, 35.7476326 ] ], [ [ -5.8409811, 35.7476326 ], [ -5.8409773, 35.7476836 ], [ -5.8409858, 35.7477342 ], [ -5.8410063, 35.7477825 ] ], [ [ -5.8410063, 35.7477825 ], [ -5.840073, 35.7489365 ], [ -5.8398295, 35.7492333 ] ], [ [ -5.8398295, 35.7492333 ], [ -5.839621, 35.7493465 ], [ -5.8394828, 35.7494249 ], [ -5.8393742, 35.7494815 ], [ -5.8392549, 35.7495337 ], [ -5.839114, 35.7495903 ], [ -5.8389357, 35.7496567 ], [ -5.8387131, 35.7497177 ], [ -5.8385253, 35.7497634 ], [ -5.8383, 35.7498102 ], [ -5.8380089, 35.749857 ], [ -5.8378266, 35.7498886 ], [ -5.8376563, 35.7499125 ] ], [ [ -5.8376563, 35.7499125 ], [ -5.8373988, 35.7499561 ], [ -5.8369643, 35.7500192 ], [ -5.8367148, 35.7500584 ], [ -5.8364989, 35.7500888 ], [ -5.8363205, 35.7501117 ], [ -5.836169, 35.7501346 ], [ -5.8360375, 35.7501618 ], [ -5.8358498, 35.7502031 ], [ -5.8356889, 35.7502477 ], [ -5.8355051, 35.7502978 ], [ -5.8353348, 35.750349 ], [ -5.8351819, 35.7504077 ], [ -5.8349807, 35.7505057 ], [ -5.8347179, 35.7506711 ], [ -5.8344456, 35.7508834 ], [ -5.8342331, 35.7510727 ], [ -5.8341881, 35.7511174 ], [ -5.8340816, 35.75123 ], [ -5.8339488, 35.7513606 ], [ -5.8338945, 35.7514156 ], [ -5.8338088, 35.7514969 ] ], [ [ -5.8338088, 35.7514969 ], [ -5.833761, 35.7515288 ], [ -5.8337318, 35.7515731 ], [ -5.8337249, 35.7516101 ], [ -5.8337313, 35.7516471 ], [ -5.8337591, 35.751691 ] ], [ [ -5.8337591, 35.751691 ], [ -5.8337158, 35.7518097 ], [ -5.8336685, 35.7519026 ], [ -5.8335815, 35.7520733 ], [ -5.8335337, 35.7521677 ], [ -5.8334304, 35.7523603 ], [ -5.8333325, 35.7525399 ], [ -5.8331408, 35.7528708 ], [ -5.8327961, 35.7534835 ], [ -5.832615, 35.7538122 ], [ -5.8323844, 35.7541985 ], [ -5.8322355, 35.7544336 ], [ -5.8321215, 35.7546078 ], [ -5.8320062, 35.7547763 ] ], [ [ -5.8320062, 35.7547763 ], [ -5.8319559, 35.7547882 ], [ -5.8318962, 35.7548279 ], [ -5.831876, 35.7548546 ], [ -5.8318661, 35.7548856 ], [ -5.8318724, 35.7549481 ], [ -5.8318873, 35.7549742 ] ], [ [ -5.8318873, 35.7549742 ], [ -5.8318057, 35.7550964 ], [ -5.8317675, 35.7551558 ], [ -5.8315301, 35.7555055 ], [ -5.8311562, 35.7560466 ], [ -5.8307013, 35.7565874 ], [ -5.8305135, 35.7568073 ], [ -5.830233, 35.7571436 ] ], [ [ -5.830233, 35.7571436 ], [ -5.8300025, 35.7572902 ], [ -5.8297561, 35.7575464 ], [ -5.8291649, 35.7582699 ], [ -5.8289609, 35.7584811 ], [ -5.8288894, 35.7585565 ], [ -5.8288463, 35.7586002 ] ], [ [ -5.8288463, 35.7586002 ], [ -5.8287722, 35.7586042 ], [ -5.8287032, 35.7586265 ], [ -5.828646, 35.758665 ], [ -5.8286062, 35.7587159 ], [ -5.8285908, 35.7587563 ] ], [ [ -5.8285908, 35.7587563 ], [ -5.8285878, 35.7588132 ], [ -5.8286054, 35.7588684 ], [ -5.828642, 35.7589171 ], [ -5.8286945, 35.758955 ], [ -5.8287584, 35.7589788 ] ], [ [ -5.8287584, 35.7589788 ], [ -5.8288001, 35.758983 ], [ -5.8288348, 35.7589864 ] ], [ [ -5.8288348, 35.7589864 ], [ -5.8289842, 35.7590275 ], [ -5.8293601, 35.7592069 ] ], [ [ -5.8293601, 35.7592069 ], [ -5.82947, 35.7592646 ], [ -5.8299358, 35.7594399 ], [ -5.8301234, 35.7595056 ], [ -5.8303082, 35.7595663 ], [ -5.830564, 35.7596555 ], [ -5.8306788, 35.7596918 ], [ -5.8307981, 35.7597323 ], [ -5.8309061, 35.7597656 ], [ -5.8310218, 35.7598066 ], [ -5.8312686, 35.7598937 ], [ -5.8317138, 35.7600341 ], [ -5.832096, 35.7601646 ], [ -5.8324078, 35.7602626 ], [ -5.8324736, 35.7602931 ] ], [ [ -5.8324736, 35.7602931 ], [ -5.8324385, 35.7604296 ], [ -5.8323817, 35.7607382 ], [ -5.8323334, 35.7610701 ], [ -5.8322221, 35.7615609 ], [ -5.8321644, 35.7618449 ], [ -5.8321443, 35.7619167 ], [ -5.8320156, 35.7625164 ], [ -5.8319921, 35.7625904 ], [ -5.8319619, 35.7626393 ], [ -5.8319445, 35.7626641 ], [ -5.8319227, 35.7626867 ], [ -5.8318929, 35.7627141 ], [ -5.8318567, 35.7627416 ], [ -5.8317396, 35.7628159 ], [ -5.8314912, 35.7629516 ], [ -5.8313036, 35.7630808 ], [ -5.8311415, 35.7631925 ], [ -5.8310329, 35.7632624 ], [ -5.8308555, 35.7633576 ], [ -5.8305945, 35.7635052 ], [ -5.8303682, 35.7636352 ], [ -5.8301575, 35.763764 ], [ -5.8301444, 35.7637743 ], [ -5.83013, 35.7637841 ], [ -5.82973, 35.764021 ], [ -5.8294404, 35.7641712 ], [ -5.8293363, 35.7642277 ], [ -5.8290881, 35.7643571 ], [ -5.8288979, 35.7644595 ], [ -5.8285853, 35.7646278 ], [ -5.8285037, 35.7646765 ], [ -5.8283132, 35.7647947 ], [ -5.8281346, 35.76491 ], [ -5.828022, 35.7649719 ], [ -5.8278637, 35.7650591 ], [ -5.8278193, 35.7650834 ], [ -5.8276565, 35.7651755 ], [ -5.8274867, 35.7652619 ], [ -5.8272372, 35.7653914 ], [ -5.8271141, 35.7654616 ], [ -5.8270086, 35.7655231 ] ], [ [ -5.8270086, 35.7655231 ], [ -5.8269556, 35.7655492 ] ], [ [ -5.8269556, 35.7655492 ], [ -5.8268391, 35.765612 ], [ -5.8267273, 35.7656742 ], [ -5.8266646, 35.7657092 ], [ -5.8264124, 35.7658474 ], [ -5.8262113, 35.7659649 ], [ -5.8260021, 35.7660802 ], [ -5.8259612, 35.7661026 ], [ -5.8257942, 35.7661934 ], [ -5.8257245, 35.7662282 ], [ -5.8256691, 35.766256 ], [ -5.8255649, 35.7663088 ], [ -5.825528, 35.7663251 ], [ -5.8254871, 35.7663392 ], [ -5.8254401, 35.7663485 ], [ -5.8253972, 35.7663556 ], [ -5.8252484, 35.7663773 ], [ -5.825011, 35.7664034 ], [ -5.8248125, 35.7664252 ], [ -5.8245657, 35.7664557 ], [ -5.8244061, 35.7664807 ] ], [ [ -5.8244061, 35.7664807 ], [ -5.8242627, 35.7665025 ], [ -5.8240762, 35.7665329 ], [ -5.823914, 35.7665612 ], [ -5.8237503, 35.766583 ], [ -5.823574, 35.7666084 ], [ -5.8234781, 35.7666222 ], [ -5.8233011, 35.7666472 ], [ -5.8230825, 35.7666777 ], [ -5.8227231, 35.7667266 ], [ -5.8223945, 35.7667745 ], [ -5.8219694, 35.76683 ], [ -5.8216448, 35.7668768 ], [ -5.8213404, 35.7669192 ], [ -5.8210829, 35.7669551 ], [ -5.8207221, 35.7670052 ], [ -5.8201347, 35.7670846 ], [ -5.81955, 35.7671641 ], [ -5.8192965, 35.7672043 ], [ -5.8183604, 35.7673153 ], [ -5.8179702, 35.7673621 ], [ -5.8174016, 35.7674111 ], [ -5.817014, 35.767447 ], [ -5.8165902, 35.7674764 ], [ -5.8161382, 35.7675123 ], [ -5.8159746, 35.7675166 ], [ -5.815748, 35.7675166 ], [ -5.8155249, 35.7674913 ], [ -5.8154704, 35.7674851 ], [ -5.8152873, 35.7674624 ], [ -5.8151173, 35.7674413 ] ], [ [ -5.8151173, 35.7674413 ], [ -5.8151157, 35.7673506 ], [ -5.8150806, 35.7672644 ], [ -5.8150151, 35.7671909 ] ], [ [ -5.8150151, 35.7671909 ], [ -5.814913, 35.7671317 ] ], [ [ -5.814913, 35.7671317 ], [ -5.8148232, 35.7671075 ], [ -5.8147288, 35.7671028 ], [ -5.814636, 35.7671178 ] ], [ [ -5.814636, 35.7671178 ], [ -5.8145649, 35.7671445 ], [ -5.8145023, 35.7671828 ] ], [ [ -5.8145023, 35.7671828 ], [ -5.8144577, 35.7672235 ], [ -5.8144231, 35.7672701 ] ], [ [ -5.8144231, 35.7672701 ], [ -5.8144028, 35.7673117 ], [ -5.8143905, 35.7673554 ] ], [ [ -5.8143905, 35.7673554 ], [ -5.814387, 35.7674183 ], [ -5.8143999, 35.7674804 ] ], [ [ -5.8143999, 35.7674804 ], [ -5.8144342, 35.7675473 ], [ -5.8144875, 35.7676056 ] ], [ [ -5.8144875, 35.7676056 ], [ -5.8145428, 35.7676442 ], [ -5.8146065, 35.7676732 ] ], [ [ -5.8146065, 35.7676732 ], [ -5.8146317, 35.7678156 ] ], [ [ -5.8146317, 35.7678156 ], [ -5.8145705, 35.7680879 ], [ -5.8144994, 35.7684002 ], [ -5.8144525, 35.7685384 ], [ -5.8143988, 35.7686614 ], [ -5.8143559, 35.7687963 ], [ -5.8143009, 35.7689933 ], [ -5.8142634, 35.7692 ], [ -5.814254, 35.7692882 ], [ -5.8142594, 35.7694253 ], [ -5.8142754, 35.7696113 ], [ -5.8143076, 35.7698866 ], [ -5.8143194, 35.769966 ], [ -5.8143358, 35.770076 ], [ -5.8144004, 35.7704085 ], [ -5.8144256, 35.7707637 ], [ -5.8144055, 35.7709726 ], [ -5.8143854, 35.7711652 ], [ -5.8143626, 35.7713523 ], [ -5.8143318, 35.7715438 ] ], [ [ -5.8143318, 35.7715438 ], [ -5.8143012, 35.7716121 ], [ -5.8142616, 35.7717262 ] ], [ [ -5.8142616, 35.7717262 ], [ -5.8142394, 35.7717337 ] ], [ [ -5.8142394, 35.7717337 ], [ -5.8141987, 35.771756 ], [ -5.8141668, 35.7717864 ], [ -5.8141462, 35.7718226 ] ], [ [ -5.8141462, 35.7718226 ], [ -5.8141386, 35.7718522 ], [ -5.8141394, 35.7718828 ] ], [ [ -5.8141394, 35.7718828 ], [ -5.8141538, 35.7719253 ], [ -5.814183, 35.7719625 ], [ -5.8142245, 35.771991 ], [ -5.8142746, 35.7720083 ] ], [ [ -5.8142746, 35.7720083 ], [ -5.8143176, 35.7720129 ], [ -5.8143608, 35.7720091 ] ], [ [ -5.8143608, 35.7720091 ], [ -5.8144303, 35.7720313 ], [ -5.8144766, 35.7720536 ], [ -5.8145656, 35.7721051 ], [ -5.8147187, 35.7722081 ], [ -5.8149353, 35.7723599 ], [ -5.815127, 35.7724959 ], [ -5.8153269, 35.7726352 ], [ -5.8155884, 35.7728115 ], [ -5.8157641, 35.7729235 ], [ -5.8158593, 35.7729801 ], [ -5.8159798, 35.7730462 ] ], [ [ -5.8159798, 35.7730462 ], [ -5.8161476, 35.7731782 ], [ -5.8163314, 35.7733087 ] ], [ [ -5.8163314, 35.7733087 ], [ -5.816444, 35.7734012 ], [ -5.816672, 35.773584 ], [ -5.8168088, 35.7737048 ], [ -5.8169054, 35.7738136 ], [ -5.8170293, 35.7739624 ], [ -5.8171165, 35.7740671 ], [ -5.8173077, 35.7742886 ], [ -5.8174873, 35.7745539 ], [ -5.8175977, 35.7747162 ], [ -5.8178312, 35.7750191 ], [ -5.8178854, 35.7750877 ], [ -5.8181325, 35.7753853 ], [ -5.8182779, 35.7755952 ], [ -5.8183732, 35.7757155 ], [ -5.8184286, 35.775789 ], [ -5.8185663, 35.775974 ], [ -5.8186635, 35.7761023 ], [ -5.818748, 35.7762199 ], [ -5.8188831, 35.7764292 ], [ -5.8189545, 35.7765342 ], [ -5.8190211, 35.7766708 ], [ -5.8191353, 35.7768872 ], [ -5.8191909, 35.7769986 ], [ -5.8192187, 35.7770602 ], [ -5.8191962, 35.7771447 ] ], [ [ -5.8191962, 35.7771447 ], [ -5.8191083, 35.7771953 ], [ -5.8190393, 35.7772658 ], [ -5.8189978, 35.7773492 ], [ -5.818987, 35.7774387 ], [ -5.8190078, 35.777527 ], [ -5.8190585, 35.777607 ], [ -5.8191351, 35.7776721 ], [ -5.8192312, 35.7777169 ] ], [ [ -5.8192312, 35.7777169 ], [ -5.8193027, 35.7777337 ], [ -5.8194025, 35.7777379 ] ], [ [ -5.8194025, 35.7777379 ], [ -5.819498, 35.7778547 ], [ -5.8196891, 35.7783738 ], [ -5.8198624, 35.7788531 ], [ -5.8199121, 35.7789883 ], [ -5.8199255, 35.7790226 ], [ -5.8200704, 35.7794333 ], [ -5.8202639, 35.7799806 ], [ -5.8203265, 35.7801666 ], [ -5.8203869, 35.7803516 ], [ -5.8204961, 35.7807133 ], [ -5.8205571, 35.7808995 ], [ -5.8206316, 35.7811437 ], [ -5.8206443, 35.7811844 ], [ -5.820665, 35.7812645 ] ], [ [ -5.820665, 35.7812645 ], [ -5.8206321, 35.7812954 ], [ -5.8206102, 35.7813217 ], [ -5.8205961, 35.7813513 ] ], [ [ -5.8205961, 35.7813513 ], [ -5.8205905, 35.781387 ], [ -5.8205962, 35.7814228 ], [ -5.820613, 35.7814561 ] ], [ [ -5.820613, 35.7814561 ], [ -5.8206459, 35.7814899 ], [ -5.8206898, 35.7815139 ], [ -5.8207406, 35.7815261 ] ], [ [ -5.8207406, 35.7815261 ], [ -5.8207689, 35.7816701 ], [ -5.8208817, 35.7819711 ], [ -5.8210239, 35.782273 ], [ -5.8211077, 35.7825047 ], [ -5.821225, 35.7827511 ], [ -5.821327, 35.7829176 ], [ -5.8213517, 35.7829582 ], [ -5.8213846, 35.7830122 ], [ -5.8215141, 35.7831651 ], [ -5.821669, 35.7833337 ], [ -5.821852, 35.7834909 ], [ -5.8220499, 35.7836308 ], [ -5.8224043, 35.7838793 ], [ -5.8227539, 35.7841105 ], [ -5.8229141, 35.7842188 ] ], [ [ -5.8229141, 35.7842188 ], [ -5.8230903, 35.7843149 ], [ -5.823244, 35.7843857 ] ], [ [ -5.823244, 35.7843857 ], [ -5.8232415, 35.7843955 ], [ -5.8232411, 35.7844045 ], [ -5.8232416, 35.7844213 ] ], [ [ -5.8232416, 35.7844213 ], [ -5.8232544, 35.7844478 ], [ -5.8232732, 35.7844718 ] ], [ [ -5.8232732, 35.7844718 ], [ -5.8232968, 35.784492 ], [ -5.8233247, 35.7845082 ], [ -5.8233558, 35.7845199 ], [ -5.8233891, 35.7845267 ], [ -5.8234233, 35.7845279 ] ], [ [ -5.8234233, 35.7845279 ], [ -5.8235472, 35.7845816 ], [ -5.8236518, 35.7846316 ], [ -5.823751, 35.7846784 ] ], [ [ -5.823751, 35.7846784 ], [ -5.8238677, 35.7847774 ], [ -5.8239703, 35.7848563 ], [ -5.8240487, 35.784908 ], [ -5.8242781, 35.7850478 ], [ -5.8244571, 35.7851375 ], [ -5.8246502, 35.7852104 ], [ -5.8247642, 35.7852518 ], [ -5.8249305, 35.7852996 ], [ -5.8250955, 35.7853431 ], [ -5.8252524, 35.7853747 ], [ -5.8254267, 35.7853943 ], [ -5.8255635, 35.7854084 ], [ -5.8257204, 35.785415 ], [ -5.8260919, 35.7854291 ], [ -5.8263668, 35.7854367 ], [ -5.8269945, 35.7854574 ], [ -5.8272173, 35.7854689 ], [ -5.827412, 35.7854754 ], [ -5.8283008, 35.7854907 ], [ -5.828821, 35.7855025 ], [ -5.8288541, 35.7855033 ], [ -5.8291277, 35.7855095 ], [ -5.8292944, 35.7855101 ], [ -5.8295771, 35.7855121 ], [ -5.8299685, 35.7855122 ], [ -5.8303729, 35.7855256 ], [ -5.8309792, 35.7855338 ], [ -5.8314928, 35.7855438 ], [ -5.8317555, 35.7855485 ], [ -5.8320883, 35.7855545 ], [ -5.8325091, 35.7855532 ], [ -5.8325706, 35.7855632 ], [ -5.8328709, 35.7856211 ], [ -5.833045, 35.7856739 ], [ -5.8333044, 35.785811 ], [ -5.8333675, 35.785856 ], [ -5.8339194, 35.7864575 ] ], [ [ -5.8339194, 35.7864575 ], [ -5.8339704, 35.7865425 ], [ -5.833995, 35.7865835 ], [ -5.8340119, 35.7866105 ], [ -5.8340376, 35.7866663 ], [ -5.8340783, 35.7867911 ] ], [ [ -5.8340783, 35.7867911 ], [ -5.8340561, 35.7868247 ], [ -5.8340477, 35.7868622 ], [ -5.8340539, 35.7868999 ], [ -5.8340742, 35.7869343 ], [ -5.8341056, 35.7869613 ], [ -5.8341454, 35.7869793 ], [ -5.8341901, 35.7869869 ], [ -5.8342239, 35.7869852 ], [ -5.8342564, 35.7869775 ], [ -5.8342859, 35.7869641 ] ], [ [ -5.8342859, 35.7869641 ], [ -5.8343315, 35.7869214 ], [ -5.8343485, 35.7868666 ], [ -5.8343423, 35.7868251 ] ], [ [ -5.8343423, 35.7868251 ], [ -5.8343199, 35.7867904 ] ], [ [ -5.8343199, 35.7867904 ], [ -5.834357, 35.7866965 ], [ -5.8344152, 35.7865058 ] ], [ [ -5.8344152, 35.7865058 ], [ -5.8346445, 35.7860863 ], [ -5.8348399, 35.7856565 ], [ -5.8349874, 35.7852355 ] ] ] } },
{ "type": "Feature", "properties": { "name": "Z. I. Mghogha-Dradeb", "Number": "L10" }, "geometry": { "type": "MultiLineString", "coordinates": [ [ [ -5.7662064, 35.7359919 ], [ -5.7662572, 35.7360488 ], [ -5.7663009, 35.7361006 ], [ -5.7664759, 35.7362912 ], [ -5.7665516, 35.7363607 ], [ -5.7666192, 35.7364186 ], [ -5.7668329, 35.7366157 ], [ -5.7677655, 35.7373626 ], [ -5.7685849, 35.7380524 ], [ -5.7689034, 35.7382733 ], [ -5.7692537, 35.7385146 ], [ -5.7697103, 35.7387731 ], [ -5.7701403, 35.7389785 ], [ -5.7716699, 35.739695 ], [ -5.7729206, 35.7402662 ], [ -5.7740218, 35.740762 ], [ -5.7740744, 35.7407885 ], [ -5.7744493, 35.7409773 ], [ -5.7747959, 35.7411719 ], [ -5.7748578, 35.7412067 ], [ -5.7753123, 35.741497 ], [ -5.7755164, 35.7416274 ], [ -5.776151, 35.7420405 ], [ -5.7764473, 35.7422333 ], [ -5.7765328, 35.742289 ], [ -5.7775117, 35.742929 ], [ -5.7778643, 35.7431601 ], [ -5.7782932, 35.7434043 ], [ -5.7784107, 35.7434694 ], [ -5.7784633, 35.7435015 ], [ -5.7785122, 35.743532 ], [ -5.7785937, 35.7435871 ] ], [ [ -5.7785937, 35.7435871 ], [ -5.778601, 35.7436131 ], [ -5.7786151, 35.7436371 ], [ -5.7786355, 35.7436581 ], [ -5.7786611, 35.7436748 ], [ -5.7786906, 35.7436864 ], [ -5.7787221, 35.7436924 ], [ -5.7787544, 35.7436927 ], [ -5.778786, 35.7436872 ], [ -5.7788154, 35.7436763 ] ], [ [ -5.7788154, 35.7436763 ], [ -5.7788649, 35.7436915 ], [ -5.7789145, 35.7437073 ], [ -5.7789635, 35.7437252 ], [ -5.7790783, 35.7437699 ], [ -5.7798473, 35.7440872 ], [ -5.7803919, 35.7443099 ], [ -5.7811368, 35.7446193 ], [ -5.7814103, 35.7447337 ], [ -5.7816598, 35.7448469 ], [ -5.7819267, 35.7449732 ], [ -5.7821801, 35.7450973 ], [ -5.7824276, 35.745229 ], [ -5.7825985, 35.7453297 ], [ -5.7828299, 35.7454668 ], [ -5.7831397, 35.7456578 ], [ -5.7835165, 35.7459071 ], [ -5.783761, 35.7460665 ], [ -5.7841786, 35.7463451 ], [ -5.7845217, 35.7465885 ], [ -5.7849428, 35.7468834 ], [ -5.7851949, 35.7470772 ], [ -5.7853961, 35.7472459 ], [ -5.785604, 35.7474331 ], [ -5.7858869, 35.7477014 ], [ -5.7860928, 35.7479153 ], [ -5.7863235, 35.7481689 ], [ -5.7864569, 35.7483316 ], [ -5.7865473, 35.7484509 ], [ -5.7868525, 35.7488241 ] ], [ [ -5.7868525, 35.7488241 ], [ -5.7873148, 35.7495341 ] ], [ [ -5.7873148, 35.7495341 ], [ -5.7890209, 35.7520604 ] ], [ [ -5.7890209, 35.7520604 ], [ -5.7890638, 35.7521253 ], [ -5.7891362, 35.7522471 ], [ -5.7891518, 35.7522769 ] ], [ [ -5.7891518, 35.7522769 ], [ -5.789467, 35.7527716 ] ], [ [ -5.789467, 35.7527716 ], [ -5.7895051, 35.752834 ] ], [ [ -5.7895051, 35.752834 ], [ -5.7896905, 35.7531263 ], [ -5.7898019, 35.7533025 ], [ -5.7898506, 35.7533825 ], [ -5.789884, 35.7534397 ], [ -5.7900093, 35.7536524 ] ], [ [ -5.7900093, 35.7536524 ], [ -5.7900296, 35.7537621 ], [ -5.7900551, 35.7538448 ], [ -5.790161, 35.754044 ], [ -5.7902831, 35.7542682 ], [ -5.790554, 35.7547438 ], [ -5.7907208, 35.7550257 ] ], [ [ -5.7907208, 35.7550257 ], [ -5.7907028, 35.7550558 ], [ -5.7906929, 35.7550882 ] ], [ [ -5.7906929, 35.7550882 ], [ -5.7906978, 35.755152 ], [ -5.7907329, 35.7552092 ] ], [ [ -5.7907329, 35.7552092 ], [ -5.7907732, 35.7552406 ], [ -5.7908226, 35.7552616 ], [ -5.7908491, 35.7552668 ] ], [ [ -5.7908491, 35.7552668 ], [ -5.7909432, 35.7554539 ], [ -5.7910762, 35.7556844 ], [ -5.7911852, 35.7558736 ], [ -5.791356, 35.7561547 ], [ -5.7915318, 35.756434 ], [ -5.7916698, 35.7566889 ] ], [ [ -5.7916698, 35.7566889 ], [ -5.791715, 35.7567676 ], [ -5.7917906, 35.7569097 ], [ -5.7918495, 35.7570271 ], [ -5.7919265, 35.7571304 ], [ -5.792059, 35.7573163 ], [ -5.7921496, 35.7574544 ], [ -5.7923597, 35.7577577 ] ], [ [ -5.7923597, 35.7577577 ], [ -5.7924151, 35.7578757 ], [ -5.7925305, 35.7580766 ], [ -5.7927076, 35.758415 ], [ -5.7928254, 35.7585623 ], [ -5.794116, 35.7603997 ], [ -5.7941558, 35.7604548 ], [ -5.7947114, 35.7612232 ], [ -5.7948737, 35.7614477 ], [ -5.7950608, 35.7617686 ] ], [ [ -5.7950608, 35.7617686 ], [ -5.7950558, 35.7618058 ], [ -5.7950629, 35.7618428 ], [ -5.7950816, 35.761877 ], [ -5.7951397, 35.761964 ], [ -5.7952009, 35.7620555 ], [ -5.7952298, 35.7620846 ], [ -5.7952671, 35.7621067 ] ], [ [ -5.7952671, 35.7621067 ], [ -5.7952869, 35.762113 ], [ -5.7953101, 35.7621202 ], [ -5.7953559, 35.7621242 ] ], [ [ -5.7953559, 35.7621242 ], [ -5.7954015, 35.7621185 ] ], [ [ -5.7954015, 35.7621185 ], [ -5.7955134, 35.7623368 ], [ -5.7956851, 35.7625871 ], [ -5.7960917, 35.7631209 ], [ -5.7963449, 35.7634533 ], [ -5.79666, 35.7637537 ], [ -5.7968183, 35.7638995 ], [ -5.7970139, 35.7640821 ], [ -5.797086, 35.7641579 ] ], [ [ -5.797086, 35.7641579 ], [ -5.7970878, 35.7641697 ], [ -5.7970934, 35.7641807 ], [ -5.7971024, 35.76419 ] ], [ [ -5.7971024, 35.76419 ], [ -5.7971217, 35.7642084 ], [ -5.797147, 35.7642211 ], [ -5.7971759, 35.7642268 ] ], [ [ -5.7971759, 35.7642268 ], [ -5.7972178, 35.7642749 ], [ -5.7973843, 35.7644614 ], [ -5.7977369, 35.7648723 ], [ -5.7985273, 35.7656777 ], [ -5.7992725, 35.7664121 ], [ -5.8001214, 35.7672544 ], [ -5.8010362, 35.7681327 ], [ -5.8011675, 35.7682783 ], [ -5.8013673, 35.7684895 ], [ -5.8015926, 35.7687223 ], [ -5.8017777, 35.7688997 ], [ -5.8020285, 35.7691456 ], [ -5.8023007, 35.7693698 ], [ -5.8025461, 35.7695504 ], [ -5.8029723, 35.7698606 ] ], [ [ -5.8029723, 35.7698606 ], [ -5.8029981, 35.7699494 ] ], [ [ -5.8029981, 35.7699494 ], [ -5.8030692, 35.7700549 ] ], [ [ -5.8030692, 35.7700549 ], [ -5.8031458, 35.7701212 ] ], [ [ -5.8031458, 35.7701212 ], [ -5.803254, 35.7701706 ], [ -5.8033468, 35.7701947 ], [ -5.8034437, 35.770203 ] ], [ [ -5.8034437, 35.770203 ], [ -5.8035056, 35.7701998 ], [ -5.8035597, 35.7701901 ], [ -5.8036679, 35.7701579 ], [ -5.8036976, 35.7701413 ], [ -5.8037577, 35.7701077 ], [ -5.8038389, 35.770033 ] ], [ [ -5.8038389, 35.770033 ], [ -5.8040321, 35.7700183 ], [ -5.804244, 35.7700172 ], [ -5.8045223, 35.7700471 ], [ -5.8051439, 35.7701091 ], [ -5.8058309, 35.7701618 ] ], [ [ -5.8058309, 35.7701618 ], [ -5.8060628, 35.77019 ], [ -5.8062301, 35.7702096 ], [ -5.8076146, 35.7703483 ] ], [ [ -5.8076146, 35.7703483 ], [ -5.8077478, 35.7703649 ], [ -5.8078341, 35.7703749 ], [ -5.8080768, 35.7704028 ] ], [ [ -5.8080768, 35.7704028 ], [ -5.808786, 35.7705006 ], [ -5.8090866, 35.7705451 ] ], [ [ -5.8090866, 35.7705451 ], [ -5.8093874, 35.7705775 ], [ -5.8098439, 35.7706234 ], [ -5.8109851, 35.7707439 ], [ -5.8111823, 35.7707662 ] ], [ [ -5.8111823, 35.7707662 ], [ -5.8111888, 35.770785 ], [ -5.811201, 35.7708017 ], [ -5.8112182, 35.7708152 ], [ -5.8112392, 35.7708246 ], [ -5.8112612, 35.7708291 ], [ -5.8112838, 35.7708291 ], [ -5.8113058, 35.7708246 ], [ -5.8113257, 35.7708157 ], [ -5.8113423, 35.7708032 ] ], [ [ -5.8113423, 35.7708032 ], [ -5.8115506, 35.7708329 ], [ -5.8116924, 35.7708556 ], [ -5.8118155, 35.7708803 ], [ -5.811978, 35.7709154 ], [ -5.8122843, 35.7709976 ], [ -5.8126962, 35.7711232 ], [ -5.8130336, 35.77125 ] ], [ [ -5.8130336, 35.77125 ], [ -5.813965, 35.7717011 ], [ -5.8140491, 35.7717544 ], [ -5.8141462, 35.7718226 ] ], [ [ -5.8141462, 35.7718226 ], [ -5.8141386, 35.7718522 ], [ -5.8141394, 35.7718828 ] ], [ [ -5.8141394, 35.7718828 ], [ -5.8141538, 35.7719253 ], [ -5.814183, 35.7719625 ], [ -5.8142245, 35.771991 ], [ -5.8142746, 35.7720083 ] ], [ [ -5.8142746, 35.7720083 ], [ -5.8143176, 35.7720129 ], [ -5.8143608, 35.7720091 ] ], [ [ -5.8143608, 35.7720091 ], [ -5.8144303, 35.7720313 ], [ -5.8144766, 35.7720536 ], [ -5.8145656, 35.7721051 ], [ -5.8147187, 35.7722081 ], [ -5.8149353, 35.7723599 ], [ -5.815127, 35.7724959 ], [ -5.8153269, 35.7726352 ], [ -5.8155884, 35.7728115 ], [ -5.8157641, 35.7729235 ], [ -5.8158593, 35.7729801 ], [ -5.8159798, 35.7730462 ] ], [ [ -5.8159798, 35.7730462 ], [ -5.8161476, 35.7731782 ], [ -5.8163314, 35.7733087 ] ], [ [ -5.8163314, 35.7733087 ], [ -5.816444, 35.7734012 ], [ -5.816672, 35.773584 ], [ -5.8168088, 35.7737048 ], [ -5.8169054, 35.7738136 ], [ -5.8170293, 35.7739624 ], [ -5.8171165, 35.7740671 ], [ -5.8173077, 35.7742886 ], [ -5.8174873, 35.7745539 ], [ -5.8175977, 35.7747162 ], [ -5.8178312, 35.7750191 ], [ -5.8178854, 35.7750877 ], [ -5.8181325, 35.7753853 ], [ -5.8182779, 35.7755952 ], [ -5.8183732, 35.7757155 ], [ -5.8184286, 35.775789 ], [ -5.8185663, 35.775974 ], [ -5.8186635, 35.7761023 ], [ -5.818748, 35.7762199 ], [ -5.8188831, 35.7764292 ], [ -5.8189545, 35.7765342 ], [ -5.8190211, 35.7766708 ], [ -5.8191353, 35.7768872 ], [ -5.8191909, 35.7769986 ], [ -5.8192187, 35.7770602 ], [ -5.8191962, 35.7771447 ] ], [ [ -5.8191962, 35.7771447 ], [ -5.8191083, 35.7771953 ], [ -5.8190393, 35.7772658 ], [ -5.8189978, 35.7773492 ], [ -5.818987, 35.7774387 ], [ -5.8190078, 35.777527 ], [ -5.8190585, 35.777607 ], [ -5.8191351, 35.7776721 ], [ -5.8192312, 35.7777169 ] ], [ [ -5.8192312, 35.7777169 ], [ -5.8193027, 35.7777337 ], [ -5.8194025, 35.7777379 ] ], [ [ -5.8194025, 35.7777379 ], [ -5.819498, 35.7778547 ], [ -5.8196891, 35.7783738 ], [ -5.8198624, 35.7788531 ], [ -5.8199121, 35.7789883 ], [ -5.8199255, 35.7790226 ], [ -5.8200704, 35.7794333 ], [ -5.8202639, 35.7799806 ], [ -5.8203265, 35.7801666 ], [ -5.8203869, 35.7803516 ], [ -5.8204961, 35.7807133 ], [ -5.8205571, 35.7808995 ], [ -5.8206316, 35.7811437 ], [ -5.8206443, 35.7811844 ], [ -5.820665, 35.7812645 ] ], [ [ -5.820665, 35.7812645 ], [ -5.8206321, 35.7812954 ], [ -5.8206102, 35.7813217 ], [ -5.8205961, 35.7813513 ] ], [ [ -5.8205961, 35.7813513 ], [ -5.8205905, 35.781387 ], [ -5.8205962, 35.7814228 ], [ -5.820613, 35.7814561 ] ], [ [ -5.820613, 35.7814561 ], [ -5.8206459, 35.7814899 ], [ -5.8206898, 35.7815139 ], [ -5.8207406, 35.7815261 ] ], [ [ -5.8207406, 35.7815261 ], [ -5.8207689, 35.7816701 ], [ -5.8208817, 35.7819711 ], [ -5.8210239, 35.782273 ], [ -5.8211077, 35.7825047 ], [ -5.821225, 35.7827511 ], [ -5.821327, 35.7829176 ], [ -5.8213517, 35.7829582 ], [ -5.8213846, 35.7830122 ], [ -5.8215141, 35.7831651 ], [ -5.821669, 35.7833337 ], [ -5.821852, 35.7834909 ], [ -5.8220499, 35.7836308 ], [ -5.8224043, 35.7838793 ], [ -5.8227539, 35.7841105 ], [ -5.8229141, 35.7842188 ] ], [ [ -5.8229141, 35.7842188 ], [ -5.8230903, 35.7843149 ], [ -5.823244, 35.7843857 ] ], [ [ -5.823244, 35.7843857 ], [ -5.8232415, 35.7843955 ], [ -5.8232411, 35.7844045 ], [ -5.8232416, 35.7844213 ] ], [ [ -5.8232416, 35.7844213 ], [ -5.8232544, 35.7844478 ], [ -5.8232732, 35.7844718 ] ], [ [ -5.8232732, 35.7844718 ], [ -5.8232968, 35.784492 ], [ -5.8233247, 35.7845082 ], [ -5.8233558, 35.7845199 ], [ -5.8233891, 35.7845267 ], [ -5.8234233, 35.7845279 ] ], [ [ -5.8234233, 35.7845279 ], [ -5.8235472, 35.7845816 ], [ -5.8236518, 35.7846316 ], [ -5.823751, 35.7846784 ] ], [ [ -5.823751, 35.7846784 ], [ -5.8238677, 35.7847774 ], [ -5.8239703, 35.7848563 ], [ -5.8240487, 35.784908 ], [ -5.8242781, 35.7850478 ], [ -5.8244571, 35.7851375 ], [ -5.8246502, 35.7852104 ], [ -5.8247642, 35.7852518 ], [ -5.8249305, 35.7852996 ], [ -5.8250955, 35.7853431 ], [ -5.8252524, 35.7853747 ], [ -5.8254267, 35.7853943 ], [ -5.8255635, 35.7854084 ], [ -5.8257204, 35.785415 ], [ -5.8260919, 35.7854291 ], [ -5.8263668, 35.7854367 ], [ -5.8269945, 35.7854574 ], [ -5.8272173, 35.7854689 ], [ -5.827412, 35.7854754 ], [ -5.8283008, 35.7854907 ], [ -5.828821, 35.7855025 ], [ -5.8288541, 35.7855033 ], [ -5.8291277, 35.7855095 ], [ -5.8292944, 35.7855101 ], [ -5.8295771, 35.7855121 ], [ -5.8299685, 35.7855122 ], [ -5.8303729, 35.7855256 ], [ -5.8309792, 35.7855338 ], [ -5.8314928, 35.7855438 ], [ -5.8317555, 35.7855485 ], [ -5.8320883, 35.7855545 ], [ -5.8325091, 35.7855532 ], [ -5.8325706, 35.7855632 ], [ -5.8328709, 35.7856211 ], [ -5.833045, 35.7856739 ], [ -5.8333044, 35.785811 ], [ -5.8333675, 35.785856 ], [ -5.8339194, 35.7864575 ] ], [ [ -5.8339194, 35.7864575 ], [ -5.8339704, 35.7865425 ], [ -5.833995, 35.7865835 ], [ -5.8340119, 35.7866105 ], [ -5.8340376, 35.7866663 ], [ -5.8340783, 35.7867911 ] ], [ [ -5.8340783, 35.7867911 ], [ -5.8340561, 35.7868247 ], [ -5.8340477, 35.7868622 ], [ -5.8340539, 35.7868999 ], [ -5.8340742, 35.7869343 ], [ -5.8341056, 35.7869613 ], [ -5.8341454, 35.7869793 ], [ -5.8341901, 35.7869869 ], [ -5.8342239, 35.7869852 ], [ -5.8342564, 35.7869775 ], [ -5.8342859, 35.7869641 ] ], [ [ -5.8342859, 35.7869641 ], [ -5.8343315, 35.7869214 ], [ -5.8343485, 35.7868666 ], [ -5.8343423, 35.7868251 ] ], [ [ -5.8343423, 35.7868251 ], [ -5.8343199, 35.7867904 ] ], [ [ -5.8343199, 35.7867904 ], [ -5.834357, 35.7866965 ], [ -5.8344152, 35.7865058 ] ], [ [ -5.8344152, 35.7865058 ], [ -5.8346445, 35.7860863 ], [ -5.8348399, 35.7856565 ], [ -5.8349874, 35.7852355 ] ] ] } },
{ "type": "Feature", "properties": { "name": "El Mnar-Castilla", "Number": "L16" }, "geometry": { "type": "MultiLineString", "coordinates": [ [ [ -5.7384662, 35.81022 ], [ -5.7380122, 35.8101852 ], [ -5.737799, 35.8101504 ], [ -5.7376125, 35.8101189 ], [ -5.7375321, 35.8100982 ], [ -5.7373993, 35.8100438 ], [ -5.737119, 35.8098938 ], [ -5.7369728, 35.8098165 ], [ -5.7367301, 35.8096501 ], [ -5.7366221, 35.8095672 ], [ -5.7365839, 35.8095468 ], [ -5.7363854, 35.809363 ], [ -5.7362647, 35.8092456 ], [ -5.736144, 35.8091129 ], [ -5.7360582, 35.809015 ], [ -5.7359979, 35.8089443 ], [ -5.7359107, 35.8088769 ], [ -5.7358262, 35.8088214 ], [ -5.7357578, 35.8087844 ], [ -5.7357026, 35.8087596 ], [ -5.7356187, 35.8087209 ], [ -5.7354998, 35.8086889 ], [ -5.7353246, 35.8086648 ], [ -5.7350684, 35.8086504 ], [ -5.7348995, 35.8086615 ], [ -5.7347139, 35.8086715 ], [ -5.7345884, 35.8086626 ], [ -5.7343429, 35.8086213 ], [ -5.7340197, 35.8085538 ], [ -5.7336254, 35.8084549 ], [ -5.7334028, 35.8084233 ], [ -5.7332379, 35.8084092 ], [ -5.7330944, 35.8084084 ], [ -5.7326612, 35.8084059 ], [ -5.7323742, 35.8084124 ], [ -5.7320926, 35.8084211 ], [ -5.7319383, 35.8084124 ], [ -5.7317908, 35.8084027 ], [ -5.7315937, 35.8083646 ], [ -5.7313724, 35.8082993 ], [ -5.730958, 35.8081666 ], [ -5.7307327, 35.8081014 ], [ -5.7302928, 35.8079426 ], [ -5.7302208, 35.8079171 ] ], [ [ -5.7384662, 35.81022 ], [ -5.7388023, 35.8106202 ], [ -5.7388087, 35.8107658 ] ], [ [ -5.7388087, 35.8107658 ], [ -5.7388039, 35.8107978 ], [ -5.7388138, 35.8108289 ] ], [ [ -5.7388138, 35.8108289 ], [ -5.7388331, 35.8108518 ], [ -5.7388604, 35.8108686 ], [ -5.7388929, 35.8108775 ], [ -5.7389272, 35.8108775 ], [ -5.7389597, 35.8108688 ] ], [ [ -5.7389597, 35.8108688 ], [ -5.7389819, 35.8108562 ], [ -5.7389995, 35.8108395 ] ], [ [ -5.7389995, 35.8108395 ], [ -5.7390115, 35.8108194 ], [ -5.7390167, 35.8107975 ] ], [ [ -5.7390167, 35.8107975 ], [ -5.7391173, 35.8106012 ], [ -5.7392406, 35.8103663 ], [ -5.7394474, 35.8099759 ], [ -5.7395948, 35.809671 ], [ -5.7396845, 35.8094738 ], [ -5.7397665, 35.8092753 ], [ -5.7398144, 35.8091527 ], [ -5.7398357, 35.8090491 ], [ -5.7398616, 35.8088747 ] ], [ [ -5.7506314, 35.7929865 ], [ -5.7503906, 35.7931279 ], [ -5.7501921, 35.7932672 ], [ -5.7499628, 35.7934227 ], [ -5.7496811, 35.7936142 ], [ -5.749366, 35.7938198 ], [ -5.7490844, 35.7940058 ], [ -5.7489127, 35.7941244 ], [ -5.7487598, 35.794231 ], [ -5.748615, 35.7943321 ], [ -5.7482743, 35.7945856 ], [ -5.7481349, 35.7946944 ], [ -5.7480155, 35.7947945 ], [ -5.747868, 35.7949261 ], [ -5.7477124, 35.7950675 ], [ -5.7475448, 35.7952274 ], [ -5.7473584, 35.7954297 ], [ -5.7471988, 35.7956027 ], [ -5.7470982, 35.7957234 ], [ -5.747011, 35.7958333 ], [ -5.7469212, 35.7959606 ], [ -5.746834, 35.7960944 ], [ -5.7467441, 35.7962412 ], [ -5.7467051, 35.7963125 ], [ -5.7466476, 35.7964174 ], [ -5.7464987, 35.7967089 ], [ -5.7464075, 35.7969015 ], [ -5.7463257, 35.7970581 ], [ -5.7462198, 35.7972289 ], [ -5.7460843, 35.7974486 ], [ -5.7459489, 35.7976553 ], [ -5.7454848, 35.7983841 ], [ -5.745239, 35.7989226 ], [ -5.7450664, 35.7993565 ], [ -5.7449725, 35.7995371 ], [ -5.7448143, 35.7997416 ], [ -5.7445434, 35.7999874 ], [ -5.7443342, 35.8001854 ], [ -5.7441679, 35.8004138 ], [ -5.7439962, 35.8007597 ], [ -5.7439265, 35.8010512 ], [ -5.7439044, 35.8012758 ], [ -5.7439131, 35.8015494 ], [ -5.7439022, 35.8016416 ], [ -5.7439445, 35.8018198 ], [ -5.7439822, 35.8022357 ], [ -5.7439827, 35.8024245 ], [ -5.7439056, 35.802725 ], [ -5.7438941, 35.8027749 ], [ -5.7436802, 35.8031325 ], [ -5.7434296, 35.8034876 ], [ -5.7432358, 35.8038639 ], [ -5.7430601, 35.8041457 ], [ -5.7428911, 35.8043947 ], [ -5.7427892, 35.8045524 ], [ -5.7427235, 35.8047983 ], [ -5.7426919, 35.8050107 ], [ -5.7426766, 35.8051137 ], [ -5.7426377, 35.8054693 ], [ -5.7425746, 35.805887 ], [ -5.7425331, 35.8062002 ], [ -5.7424982, 35.8064536 ], [ -5.7424767, 35.8065885 ], [ -5.7424338, 35.8067506 ], [ -5.7423694, 35.806892 ], [ -5.7423252, 35.8069953 ], [ -5.7421978, 35.807165 ], [ -5.7421267, 35.8072596 ], [ -5.7419738, 35.8073988 ], [ -5.7418491, 35.8075163 ], [ -5.7416546, 35.8076479 ], [ -5.7413287, 35.8078241 ], [ -5.7410726, 35.8079546 ], [ -5.7407346, 35.8081144 ], [ -5.7404718, 35.8082341 ], [ -5.7403265, 35.8083018 ], [ -5.7402395, 35.8083559 ], [ -5.7401406, 35.8084347 ], [ -5.7400604, 35.8085162 ], [ -5.7399742, 35.8086293 ], [ -5.7399252, 35.808719 ], [ -5.7398863, 35.8088102 ], [ -5.7398616, 35.8088747 ] ], [ [ -5.7506314, 35.7929865 ], [ -5.7508695, 35.7928825 ] ], [ [ -5.7508695, 35.7928825 ], [ -5.750911, 35.7928897 ], [ -5.7509533, 35.7928859 ], [ -5.7509919, 35.7928716 ], [ -5.7510231, 35.7928482 ], [ -5.7510438, 35.7928181 ], [ -5.7510517, 35.7927842 ] ], [ [ -5.7510517, 35.7927842 ], [ -5.7512764, 35.7925313 ] ], [ [ -5.75426, 35.7891696 ], [ -5.7540867, 35.7894402 ], [ -5.7539499, 35.7896469 ], [ -5.7537863, 35.7898492 ], [ -5.7535905, 35.7901168 ], [ -5.7532606, 35.7905411 ], [ -5.7530916, 35.7907499 ], [ -5.7529092, 35.7909719 ], [ -5.752759, 35.7911416 ], [ -5.7525712, 35.7913308 ], [ -5.7523406, 35.7915593 ], [ -5.7520106, 35.7918769 ], [ -5.7518283, 35.7920575 ], [ -5.751721, 35.7921532 ], [ -5.7516244, 35.7922316 ], [ -5.7515305, 35.7923088 ], [ -5.7512764, 35.7925313 ] ], [ [ -5.75426, 35.7891696 ], [ -5.7543851, 35.7890539 ], [ -5.7544549, 35.7889979 ], [ -5.7545233, 35.7889225 ] ], [ [ -5.7545233, 35.7889225 ], [ -5.7545885, 35.788903 ], [ -5.7546417, 35.7888667 ], [ -5.7546725, 35.7888264 ], [ -5.7546878, 35.7887806 ], [ -5.7546861, 35.7887332 ], [ -5.7546635, 35.7886813 ] ], [ [ -5.7546635, 35.7886813 ], [ -5.75466, 35.7885688 ], [ -5.7546587, 35.7885296 ], [ -5.7546526, 35.7884665 ], [ -5.7546566, 35.7883736 ] ], [ [ -5.7546566, 35.7883736 ], [ -5.7547519, 35.7881695 ], [ -5.7548484, 35.7879813 ], [ -5.7549343, 35.7877964 ], [ -5.755004, 35.78763 ], [ -5.7551515, 35.7873297 ], [ -5.7552937, 35.7870425 ], [ -5.7554238, 35.7867574 ], [ -5.7555726, 35.7863745 ], [ -5.7556826, 35.786109 ], [ -5.7557926, 35.7858675 ], [ -5.7558972, 35.7856717 ], [ -5.7560071, 35.7854802 ], [ -5.7561037, 35.7852996 ], [ -5.7562003, 35.785106 ], [ -5.7562727, 35.7848862 ], [ -5.7563867, 35.7845958 ], [ -5.7565456, 35.7842219 ], [ -5.7566643, 35.7840311 ], [ -5.7567501, 35.7838875 ], [ -5.7569271, 35.7836895 ], [ -5.7571644, 35.7834371 ], [ -5.7572263, 35.7834014 ], [ -5.7575628, 35.7832271 ], [ -5.7577425, 35.7831455 ], [ -5.7579115, 35.7830868 ], [ -5.7583568, 35.7829867 ], [ -5.7588986, 35.7828463 ], [ -5.7593076, 35.7827386 ] ], [ [ -5.7593076, 35.7827386 ], [ -5.7595235, 35.7826614 ], [ -5.7598212, 35.782459 ], [ -5.7600573, 35.7821914 ], [ -5.7601753, 35.7820227 ], [ -5.7602052, 35.7819712 ], [ -5.7603483, 35.7817246 ], [ -5.7604126, 35.7815902 ], [ -5.7604529, 35.7814962 ], [ -5.7605071, 35.7813849 ], [ -5.7616226, 35.7790952 ], [ -5.7616407, 35.7790529 ], [ -5.7617189, 35.7788708 ], [ -5.761849, 35.7786402 ], [ -5.7618862, 35.7785557 ], [ -5.7619979, 35.7783148 ] ], [ [ -5.7619979, 35.7783148 ], [ -5.7620582, 35.7782603 ], [ -5.7621145, 35.7782029 ], [ -5.7621664, 35.7781429 ], [ -5.7622132, 35.7780787 ] ], [ [ -5.7622132, 35.7780787 ], [ -5.7622501, 35.7780649 ], [ -5.7622795, 35.7780457 ], [ -5.7623024, 35.7780214 ], [ -5.7623177, 35.7779934 ], [ -5.7623265, 35.7779421 ], [ -5.762322, 35.7779314 ], [ -5.76231, 35.777901 ] ], [ [ -5.76231, 35.777901 ], [ -5.7623057, 35.7778395 ], [ -5.7623035, 35.7777785 ], [ -5.762305, 35.7777175 ], [ -5.7623104, 35.7776567 ], [ -5.7623196, 35.7775961 ], [ -5.7623268, 35.777534 ] ], [ [ -5.7623268, 35.777534 ], [ -5.7624119, 35.777247 ], [ -5.7624701, 35.7769674 ], [ -5.7625264, 35.7766527 ], [ -5.7625428, 35.7763479 ], [ -5.7625304, 35.7760307 ], [ -5.7624916, 35.7757583 ], [ -5.762424, 35.7754834 ], [ -5.7623575, 35.7752113 ], [ -5.7622277, 35.774908 ], [ -5.7620176, 35.7745211 ], [ -5.761862, 35.7742781 ], [ -5.7613399, 35.7736314 ], [ -5.7610046, 35.7732498 ], [ -5.7602675, 35.7724141 ], [ -5.7596891, 35.7717323 ], [ -5.7595356, 35.771509 ], [ -5.7594819, 35.77141 ], [ -5.7593693, 35.7711119 ], [ -5.7593103, 35.770817 ], [ -5.7593089, 35.7706777 ] ], [ [ -5.7593089, 35.7706777 ], [ -5.7593827, 35.7703034 ], [ -5.7594126, 35.7702091 ], [ -5.7594417, 35.7701173 ], [ -5.7596563, 35.7697669 ], [ -5.7598615, 35.7695646 ], [ -5.7601495, 35.7693672 ], [ -5.7603019, 35.7692867 ], [ -5.7604872, 35.7692048 ] ], [ [ -5.7604872, 35.7692048 ], [ -5.7606693, 35.7691287 ] ], [ [ -5.7606693, 35.7691287 ], [ -5.7607837, 35.7690923 ] ], [ [ -5.7607837, 35.7690923 ], [ -5.7609987, 35.7691103 ] ], [ [ -5.7609987, 35.7691103 ], [ -5.7610493, 35.7691225 ], [ -5.7611019, 35.7691185 ], [ -5.7611489, 35.7690988 ], [ -5.7611834, 35.7690664 ] ], [ [ -5.7611834, 35.7690664 ], [ -5.7615593, 35.7689603 ] ], [ [ -5.7615593, 35.7689603 ], [ -5.7620488, 35.7689899 ], [ -5.7623351, 35.7690408 ], [ -5.7624362, 35.7690672 ], [ -5.7628337, 35.7692545 ], [ -5.7629849, 35.7693458 ], [ -5.7630479, 35.7693877 ], [ -5.763115, 35.7694399 ], [ -5.7632022, 35.7695107 ], [ -5.7632867, 35.7695868 ], [ -5.7633966, 35.7696984 ], [ -5.7635997, 35.769917 ], [ -5.7636371, 35.7699572 ], [ -5.7645647, 35.7709552 ], [ -5.7646854, 35.7710662 ], [ -5.7647833, 35.771138 ], [ -5.7649, 35.7712098 ], [ -5.7650435, 35.771286 ], [ -5.7652313, 35.7713718 ], [ -5.7653573, 35.7714198 ], [ -5.7654968, 35.7714601 ], [ -5.7657085, 35.7715223 ], [ -5.7658379, 35.7715529 ], [ -5.7659673, 35.7715696 ], [ -5.7661197, 35.7715808 ], [ -5.7669717, 35.7715715 ] ], [ [ -5.7669717, 35.7715715 ], [ -5.7680118, 35.7715789 ], [ -5.7680685, 35.7715772 ], [ -5.7686676, 35.7716288 ] ], [ [ -5.7686676, 35.7716288 ], [ -5.7689795, 35.7716683 ], [ -5.7690322, 35.7716765 ], [ -5.7691389, 35.7716935 ], [ -5.7692645, 35.7717222 ], [ -5.7695076, 35.7718029 ], [ -5.7696846, 35.7718523 ], [ -5.7697406, 35.7718679 ], [ -5.7700492, 35.77196 ], [ -5.770435, 35.7720944 ], [ -5.7708368, 35.7722378 ] ], [ [ -5.7708368, 35.7722378 ], [ -5.7711359, 35.7723457 ], [ -5.7714339, 35.7724459 ], [ -5.7716077, 35.772505 ], [ -5.7716758, 35.7725286 ], [ -5.7718638, 35.7725858 ], [ -5.7720067, 35.7726245 ], [ -5.7721539, 35.7726636 ], [ -5.7722794, 35.7726988 ], [ -5.7724957, 35.772741 ], [ -5.7727356, 35.7727823 ], [ -5.7730838, 35.7728229 ], [ -5.7732901, 35.7728443 ], [ -5.7734955, 35.7728575 ], [ -5.7737246, 35.7728679 ], [ -5.773948, 35.772869 ], [ -5.7741372, 35.7728634 ], [ -5.7743923, 35.7728322 ] ], [ [ -5.7743923, 35.7728322 ], [ -5.7744924, 35.7728284 ], [ -5.7746453, 35.772816 ], [ -5.7747765, 35.7727909 ] ], [ [ -5.7747765, 35.7727909 ], [ -5.7747973, 35.7728005 ], [ -5.7748075, 35.772802 ], [ -5.7748396, 35.7728069 ], [ -5.7748822, 35.7728017 ], [ -5.7749205, 35.7727857 ] ], [ [ -5.7749205, 35.7727857 ], [ -5.7750658, 35.7727473 ], [ -5.7752187, 35.7727161 ], [ -5.7753405, 35.7726844 ] ], [ [ -5.7753405, 35.7726844 ], [ -5.7757656, 35.7725819 ], [ -5.7763124, 35.7724036 ], [ -5.7765304, 35.7723022 ], [ -5.7767836, 35.7721796 ], [ -5.777342, 35.7718638 ], [ -5.7778786, 35.771531 ], [ -5.7781273, 35.7713872 ], [ -5.7785665, 35.7711968 ], [ -5.7793853, 35.7709296 ], [ -5.7794214, 35.7709257 ], [ -5.7796258, 35.7709062 ], [ -5.7798149, 35.7708831 ], [ -5.7799536, 35.7708686 ] ], [ [ -5.7799536, 35.7708686 ], [ -5.7805122, 35.770884 ] ], [ [ -5.7805122, 35.770884 ], [ -5.7806209, 35.770894 ], [ -5.780749, 35.7709008 ], [ -5.7808982, 35.770921 ], [ -5.7810432, 35.7709468 ], [ -5.7810843, 35.7709556 ], [ -5.7811718, 35.7709745 ], [ -5.7813244, 35.7710091 ], [ -5.7816176, 35.7710964 ], [ -5.7819621, 35.7712051 ], [ -5.7822785, 35.7713161 ], [ -5.7823658, 35.7713545 ], [ -5.7824274, 35.7713817 ] ], [ [ -5.7824274, 35.7713817 ], [ -5.7825439, 35.7714663 ] ], [ [ -5.7825439, 35.7714663 ], [ -5.7826052, 35.7715354 ], [ -5.7828347, 35.7716793 ], [ -5.7830016, 35.7717794 ], [ -5.783101, 35.7718462 ], [ -5.783284, 35.7719543 ], [ -5.7834779, 35.7720575 ], [ -5.7837488, 35.7721839 ] ], [ [ -5.7837488, 35.7721839 ], [ -5.7839051, 35.7722448 ], [ -5.7840332, 35.7722925 ], [ -5.7841754, 35.7723406 ], [ -5.7843362, 35.772389 ] ], [ [ -5.7843362, 35.772389 ], [ -5.7843487, 35.7724145 ] ], [ [ -5.7843487, 35.7724145 ], [ -5.7843894, 35.7724637 ], [ -5.7844456, 35.7725014 ], [ -5.7845002, 35.7725217 ], [ -5.784559, 35.7725312 ], [ -5.784619, 35.7725293 ] ], [ [ -5.784619, 35.7725293 ], [ -5.7846645, 35.7725212 ], [ -5.7847066, 35.7725051 ], [ -5.7847434, 35.772482 ] ], [ [ -5.7847434, 35.772482 ], [ -5.7848836, 35.7724725 ], [ -5.7849685, 35.7724704 ], [ -5.7850292, 35.7724741 ], [ -5.7861169, 35.7725417 ], [ -5.7861773, 35.7725454 ], [ -5.7863294, 35.7725647 ], [ -5.786547, 35.7726356 ] ], [ [ -5.786547, 35.7726356 ], [ -5.7866053, 35.7726592 ], [ -5.7866685, 35.7726717 ], [ -5.7867601, 35.7726696 ], [ -5.7868464, 35.7726446 ], [ -5.786919, 35.7725993 ], [ -5.78694, 35.7725741 ] ], [ [ -5.78694, 35.7725741 ], [ -5.7870188, 35.7725705 ], [ -5.7870921, 35.7725616 ], [ -5.7873678, 35.7725485 ] ], [ [ -5.7873678, 35.7725485 ], [ -5.7880037, 35.7725192 ], [ -5.7887851, 35.77246 ], [ -5.789357, 35.7723756 ] ], [ [ -5.789357, 35.7723756 ], [ -5.7894474, 35.7723719 ], [ -5.7897789, 35.7723645 ], [ -5.7901036, 35.7723553 ], [ -5.7906077, 35.7723465 ], [ -5.7908955, 35.7723499 ] ], [ [ -5.7908955, 35.7723499 ], [ -5.7909545, 35.7724552 ], [ -5.7910542, 35.7725379 ], [ -5.7911545, 35.7725807 ], [ -5.7913027, 35.7726006 ], [ -5.7914498, 35.7725761 ], [ -5.7915486, 35.7725296 ], [ -5.791628, 35.772463 ] ], [ [ -5.791628, 35.772463 ], [ -5.7916901, 35.7723607 ] ], [ [ -5.7916901, 35.7723607 ], [ -5.7917036, 35.7723082 ], [ -5.7917067, 35.7722546 ] ], [ [ -5.7917067, 35.7722546 ], [ -5.7918077, 35.7721815 ], [ -5.7918777, 35.7721567 ], [ -5.7920928, 35.7721184 ], [ -5.7927454, 35.7720332 ], [ -5.7939456, 35.7718681 ], [ -5.7945607, 35.7718077 ], [ -5.7947036, 35.7718027 ] ], [ [ -5.7947036, 35.7718027 ], [ -5.7947184, 35.7718323 ], [ -5.7947432, 35.771857 ] ], [ [ -5.7947432, 35.771857 ], [ -5.7947681, 35.7718714 ], [ -5.7947965, 35.7718809 ], [ -5.794826, 35.7718847 ], [ -5.7948622, 35.771882 ], [ -5.7948962, 35.7718714 ], [ -5.7949254, 35.7718537 ], [ -5.7949503, 35.7718258 ], [ -5.7949631, 35.7717929 ] ], [ [ -5.7949631, 35.7717929 ], [ -5.795091, 35.7717826 ], [ -5.7957347, 35.7717985 ], [ -5.7959305, 35.7718039 ], [ -5.7962711, 35.7718148 ], [ -5.7967412, 35.771824 ], [ -5.7969685, 35.7718322 ], [ -5.7971388, 35.7718398 ], [ -5.7980186, 35.7718485 ], [ -5.7983518, 35.7718556 ], [ -5.7985192, 35.7718465 ], [ -5.7986281, 35.7718409 ], [ -5.7986858, 35.7718295 ], [ -5.7987512, 35.7718088 ] ], [ [ -5.7987512, 35.7718088 ], [ -5.7988541, 35.7717522 ], [ -5.7989828, 35.7716793 ], [ -5.7991109, 35.7716135 ], [ -5.7994019, 35.7714818 ], [ -5.7998063, 35.7713077 ], [ -5.8001367, 35.7711733 ], [ -5.8008631, 35.7708852 ] ], [ [ -5.8008631, 35.7708852 ], [ -5.8011273, 35.7707805 ], [ -5.8015252, 35.7706215 ], [ -5.8018104, 35.7705043 ], [ -5.8021131, 35.7703758 ], [ -5.8026567, 35.7701563 ], [ -5.8030692, 35.7700549 ] ], [ [ -5.8030692, 35.7700549 ], [ -5.8031458, 35.7701212 ] ], [ [ -5.8031458, 35.7701212 ], [ -5.803254, 35.7701706 ], [ -5.8033468, 35.7701947 ], [ -5.8034437, 35.770203 ] ], [ [ -5.8034437, 35.770203 ], [ -5.8035056, 35.7701998 ], [ -5.8035597, 35.7701901 ], [ -5.8036679, 35.7701579 ], [ -5.8036976, 35.7701413 ], [ -5.8037577, 35.7701077 ], [ -5.8038389, 35.770033 ] ], [ [ -5.8038389, 35.770033 ], [ -5.8040321, 35.7700183 ], [ -5.804244, 35.7700172 ], [ -5.8045223, 35.7700471 ], [ -5.8051439, 35.7701091 ], [ -5.8058309, 35.7701618 ] ], [ [ -5.8058309, 35.7701618 ], [ -5.8060628, 35.77019 ], [ -5.8062301, 35.7702096 ], [ -5.8076146, 35.7703483 ] ], [ [ -5.8076146, 35.7703483 ], [ -5.8077478, 35.7703649 ], [ -5.8078341, 35.7703749 ], [ -5.8080768, 35.7704028 ] ], [ [ -5.8080768, 35.7704028 ], [ -5.808786, 35.7705006 ], [ -5.8090866, 35.7705451 ] ], [ [ -5.8091092, 35.7704777 ], [ -5.8090866, 35.7705451 ] ], [ [ -5.813413, 35.7681046 ], [ -5.813247, 35.7681888 ], [ -5.8126408, 35.7684964 ], [ -5.8119408, 35.7688687 ], [ -5.8118241, 35.768927 ], [ -5.8117064, 35.768988 ], [ -5.8112417, 35.7692316 ], [ -5.811024, 35.7693455 ], [ -5.8103913, 35.7696787 ], [ -5.8102748, 35.76974 ], [ -5.8097376, 35.7700225 ], [ -5.8095352, 35.7701243 ], [ -5.8093496, 35.7702305 ], [ -5.8092798, 35.7702729 ], [ -5.8092389, 35.7702996 ], [ -5.8092075, 35.7703207 ], [ -5.809186, 35.7703409 ], [ -5.8091699, 35.7703611 ], [ -5.8091404, 35.7704068 ], [ -5.8091243, 35.7704361 ], [ -5.8091092, 35.7704777 ] ], [ [ -5.8138892, 35.7678436 ], [ -5.813413, 35.7681046 ] ], [ [ -5.814254, 35.7676401 ], [ -5.8142218, 35.7676565 ], [ -5.8139856, 35.7677894 ], [ -5.8138892, 35.7678436 ] ], [ [ -5.814254, 35.7676401 ], [ -5.8144875, 35.7676056 ] ], [ [ -5.8144875, 35.7676056 ], [ -5.8145428, 35.7676442 ], [ -5.8146065, 35.7676732 ] ], [ [ -5.8146065, 35.7676732 ], [ -5.8146647, 35.7676893 ], [ -5.8147254, 35.7676972 ] ], [ [ -5.8147254, 35.7676972 ], [ -5.8148139, 35.7676941 ], [ -5.8148922, 35.7676734 ], [ -5.8149754, 35.7676376 ] ], [ [ -5.8149754, 35.7676376 ], [ -5.8150258, 35.7676002 ], [ -5.8150668, 35.7675558 ] ], [ [ -5.8150668, 35.7675558 ], [ -5.8150993, 35.7675007 ], [ -5.8151173, 35.7674413 ] ], [ [ -5.8151173, 35.7674413 ], [ -5.8151157, 35.7673506 ], [ -5.8150806, 35.7672644 ], [ -5.8150151, 35.7671909 ] ], [ [ -5.8150151, 35.7671909 ], [ -5.814913, 35.7671317 ] ], [ [ -5.814913, 35.7671317 ], [ -5.8148232, 35.7671075 ], [ -5.8147288, 35.7671028 ], [ -5.814636, 35.7671178 ] ], [ [ -5.814636, 35.7671178 ], [ -5.8140327, 35.7664023 ] ] ] } },
{ "type": "Feature", "properties": { "name": "Mediouna-Iberia", "Number": "L5" }, "geometry": { "type": "MultiLineString", "coordinates": [ [ [ -5.9100171, 35.7702774 ], [ -5.9098855, 35.7705134 ], [ -5.9097353, 35.7708246 ], [ -5.9096929, 35.7709249 ], [ -5.9096436, 35.7710413 ], [ -5.9095475, 35.7712685 ], [ -5.9093464, 35.7717128 ], [ -5.9093135, 35.7717856 ], [ -5.9091881, 35.7720803 ], [ -5.9090253, 35.7724134 ], [ -5.9089947, 35.7724759 ], [ -5.9088651, 35.772698 ], [ -5.9087551, 35.7728885 ], [ -5.9085372, 35.7732529 ], [ -5.9083177, 35.7736199 ], [ -5.9080165, 35.774093 ], [ -5.9075922, 35.77472 ], [ -5.9071898, 35.7751965 ], [ -5.9068554, 35.7755677 ], [ -5.9065515, 35.7758559 ], [ -5.9062108, 35.7761606 ], [ -5.9058622, 35.7764783 ], [ -5.9055483, 35.776735 ], [ -5.9054196, 35.776833 ], [ -5.905264, 35.7769157 ], [ -5.9050924, 35.7769875 ], [ -5.9049234, 35.7770528 ], [ -5.904631, 35.777142 ], [ -5.9040356, 35.7773248 ], [ -5.9037674, 35.7774096 ], [ -5.9033543, 35.7775228 ], [ -5.9030271, 35.7775989 ], [ -5.9028339, 35.7776272 ], [ -5.9025858, 35.7776359 ], [ -5.9023404, 35.7776441 ], [ -5.902237, 35.7776428 ], [ -5.9021337, 35.7776389 ], [ -5.9020307, 35.7776324 ], [ -5.9019442, 35.7776283 ], [ -5.9018575, 35.777629 ], [ -5.9017711, 35.7776345 ], [ -5.9016854, 35.7776448 ], [ -5.9011227, 35.7777926 ], [ -5.9008813, 35.7778753 ], [ -5.9004844, 35.7780276 ], [ -5.8999546, 35.7782909 ], [ -5.8996542, 35.7784999 ], [ -5.8993712, 35.7787087 ], [ -5.8991472, 35.7788752 ], [ -5.8990011, 35.7789992 ], [ -5.8987878, 35.7791777 ], [ -5.8984941, 35.7793213 ], [ -5.897963, 35.7795704 ], [ -5.8971248, 35.7799784 ], [ -5.8966501, 35.7802102 ], [ -5.8964302, 35.7803016 ], [ -5.8961445, 35.7803995 ], [ -5.8958589, 35.78048 ], [ -5.8956403, 35.7805398 ], [ -5.8955075, 35.7805833 ], [ -5.8953922, 35.7806432 ], [ -5.8953023, 35.7807074 ], [ -5.8951668, 35.7808205 ], [ -5.8950864, 35.7808804 ], [ -5.8949965, 35.780925 ], [ -5.8948718, 35.7809598 ], [ -5.8946264, 35.7810055 ], [ -5.8944333, 35.7810501 ], [ -5.8941892, 35.7811208 ], [ -5.8938217, 35.7812448 ], [ -5.8932316, 35.781457 ], [ -5.8927663, 35.7816398 ], [ -5.8923425, 35.7818269 ], [ -5.8920863, 35.7819651 ], [ -5.8918731, 35.7820902 ], [ -5.8916532, 35.7822469 ], [ -5.8913822, 35.7824525 ], [ -5.891165, 35.7826211 ], [ -5.8909424, 35.7827626 ], [ -5.8906312, 35.7829508 ], [ -5.8903563, 35.7831335 ], [ -5.8901417, 35.7832902 ], [ -5.8899808, 35.7834273 ], [ -5.889785, 35.7836133 ] ], [ [ -5.889785, 35.7836133 ], [ -5.8896683, 35.7836917 ], [ -5.8895597, 35.7837559 ], [ -5.889435, 35.783813 ], [ -5.8893176, 35.7838489 ], [ -5.8891124, 35.7838891 ], [ -5.8888409, 35.7839223 ], [ -5.8882682, 35.783968 ], [ -5.8879919, 35.7839963 ], [ -5.8878163, 35.7840148 ], [ -5.887721, 35.7840316 ], [ -5.8876198, 35.7840583 ], [ -5.8875252, 35.7840937 ], [ -5.8872899, 35.784197 ], [ -5.8870518, 35.7843194 ], [ -5.886793, 35.7844652 ], [ -5.8865764, 35.7846066 ], [ -5.8863907, 35.7847551 ], [ -5.8861969, 35.7849161 ], [ -5.886054, 35.7850538 ], [ -5.885814, 35.7853421 ], [ -5.8854613, 35.7857642 ], [ -5.8852816, 35.7859839 ], [ -5.8848687, 35.7864459 ], [ -5.8845636, 35.7867398 ], [ -5.8842356, 35.7870926 ], [ -5.8840377, 35.7872709 ], [ -5.883858, 35.7874075 ], [ -5.8837038, 35.7875157 ], [ -5.883581, 35.7875859 ], [ -5.8833323, 35.7876963 ], [ -5.8831231, 35.787767 ], [ -5.8829255, 35.787832 ], [ -5.8827308, 35.7878832 ], [ -5.8825323, 35.7879226 ], [ -5.8823513, 35.787953 ], [ -5.8821675, 35.7879813 ], [ -5.8819905, 35.7879933 ], [ -5.8817115, 35.788002 ], [ -5.8814138, 35.7880042 ], [ -5.8810209, 35.7880042 ], [ -5.8807983, 35.7879933 ], [ -5.8806454, 35.7879813 ], [ -5.8805126, 35.7879672 ], [ -5.8801109, 35.7879133 ], [ -5.8796382, 35.7878497 ], [ -5.8789448, 35.7877572 ], [ -5.878741, 35.7877355 ], [ -5.8785734, 35.7877224 ], [ -5.8784084, 35.7877148 ], [ -5.8781067, 35.787705 ], [ -5.8778773, 35.7876985 ], [ -5.8773838, 35.7876941 ], [ -5.8767428, 35.7876919 ], [ -5.8761714, 35.7876985 ], [ -5.8757276, 35.7877006 ], [ -5.8754191, 35.7876952 ], [ -5.8751012, 35.7876919 ], [ -5.8748169, 35.7876843 ], [ -5.8742456, 35.7876832 ], [ -5.8740002, 35.7876865 ], [ -5.8736314, 35.7876832 ], [ -5.8734289, 35.7876873 ], [ -5.8728817, 35.7876865 ], [ -5.8722514, 35.7876843 ], [ -5.8714977, 35.7876832 ], [ -5.8710417, 35.7876832 ], [ -5.8706702, 35.78768 ], [ -5.8704919, 35.78768 ], [ -5.8701673, 35.7876789 ], [ -5.8694726, 35.7876756 ], [ -5.8686773, 35.787668 ], [ -5.8678553, 35.7876571 ] ], [ [ -5.8678553, 35.7876571 ], [ -5.8677057, 35.7876343 ], [ -5.8676085, 35.7876174 ], [ -5.8674201, 35.787587 ], [ -5.8673094, 35.7875636 ], [ -5.8671693, 35.7875255 ], [ -5.8670439, 35.7874885 ], [ -5.8669756, 35.7874777 ] ], [ [ -5.8669756, 35.7874777 ], [ -5.8669688, 35.7874634 ], [ -5.8669276, 35.7874177 ] ], [ [ -5.8669276, 35.7874177 ], [ -5.866867, 35.7873896 ], [ -5.8667975, 35.7873838 ], [ -5.8667312, 35.7874014 ], [ -5.8666955, 35.7874239 ], [ -5.866667, 35.7874554 ] ], [ [ -5.866667, 35.7874554 ], [ -5.8665993, 35.7874847 ], [ -5.8665155, 35.7875135 ], [ -5.8664451, 35.7875304 ], [ -5.866368, 35.7875369 ], [ -5.8662721, 35.7875424 ], [ -5.8661044, 35.7875445 ], [ -5.8659469, 35.7875467 ], [ -5.8657879, 35.7875565 ] ], [ [ -5.8657879, 35.7875565 ], [ -5.8657175, 35.7875505 ], [ -5.865455, 35.7875256 ], [ -5.8653279, 35.7875135 ], [ -5.8650235, 35.7874847 ], [ -5.8647902, 35.7874657 ], [ -5.8637984, 35.7873797 ], [ -5.8631983, 35.7873275 ], [ -5.8628415, 35.7872856 ], [ -5.8624499, 35.787224 ], [ -5.8622058, 35.7871591 ], [ -5.8619531, 35.7871094 ], [ -5.861717, 35.7870822 ], [ -5.8615132, 35.7870838 ], [ -5.8613623, 35.7870998 ], [ -5.8612309, 35.7871241 ], [ -5.8609526, 35.7871643 ], [ -5.8607615, 35.787173 ], [ -5.8605777, 35.7871673 ], [ -5.8602163, 35.7871442 ], [ -5.8599199, 35.7871279 ], [ -5.859065, 35.7870664 ], [ -5.8586063, 35.7870136 ], [ -5.8581825, 35.7869571 ], [ -5.8580592, 35.7869446 ], [ -5.8575737, 35.786882 ], [ -5.8573376, 35.7868586 ], [ -5.8571184, 35.7868417 ], [ -5.8569581, 35.7868336 ], [ -5.8566584, 35.7868379 ], [ -5.8564324, 35.7868385 ], [ -5.8563184, 35.7868559 ], [ -5.8560911, 35.7868749 ], [ -5.8559067, 35.7869157 ], [ -5.8558255, 35.7869519 ], [ -5.8557545, 35.7869919 ], [ -5.8556864, 35.7870286 ], [ -5.8556197, 35.7870762 ], [ -5.8554708, 35.7871969 ], [ -5.855328, 35.7873536 ], [ -5.8549458, 35.7878138 ], [ -5.8546434, 35.7881799 ], [ -5.8544804, 35.7883218 ], [ -5.8542917, 35.7884537 ], [ -5.8542497, 35.7884793 ], [ -5.8541857, 35.7885166 ], [ -5.8541156, 35.7885421 ], [ -5.8537009, 35.7886993 ], [ -5.8529777, 35.7889289 ], [ -5.8522421, 35.7891992 ], [ -5.8519196, 35.7893466 ] ], [ [ -5.8519196, 35.7893466 ], [ -5.8515917, 35.7895245 ], [ -5.8510505, 35.7897993 ], [ -5.8503233, 35.7901927 ], [ -5.850144, 35.7903148 ], [ -5.850012, 35.7904168 ], [ -5.8499765, 35.7904443 ], [ -5.849757, 35.7906165 ], [ -5.8494902, 35.7908296 ], [ -5.8494426, 35.7908652 ], [ -5.8493862, 35.7909066 ], [ -5.8493447, 35.790933 ], [ -5.849297, 35.7909561 ], [ -5.8491737, 35.7910012 ], [ -5.8490333, 35.7910443 ], [ -5.8484551, 35.7911643 ], [ -5.8479633, 35.7913085 ], [ -5.8478151, 35.791258 ], [ -5.8476542, 35.7911818 ], [ -5.8472559, 35.7910687 ], [ -5.8467038, 35.7908763 ], [ -5.8461138, 35.7906747 ], [ -5.845866, 35.7906072 ], [ -5.8456156, 35.7905321 ], [ -5.8453906, 35.7904575 ], [ -5.8451499, 35.7904075 ], [ -5.8447392, 35.7903296 ], [ -5.8442383, 35.7902598 ], [ -5.8440278, 35.7902327 ], [ -5.8439303, 35.7902265 ], [ -5.843716, 35.7902128 ], [ -5.8434458, 35.7902223 ], [ -5.8430488, 35.7902621 ], [ -5.8428665, 35.7902898 ], [ -5.8425902, 35.790342 ], [ -5.842448, 35.7903692 ], [ -5.8422241, 35.7904334 ], [ -5.8420685, 35.7904823 ], [ -5.8419241, 35.7905265 ], [ -5.8417843, 35.7905912 ], [ -5.8416206, 35.7907007 ], [ -5.8415173, 35.7907652 ], [ -5.8414234, 35.7907935 ], [ -5.8413041, 35.7907913 ], [ -5.8411753, 35.790775 ], [ -5.8410589, 35.7907426 ], [ -5.8409713, 35.7906857 ], [ -5.8409138, 35.7906164 ], [ -5.8408725, 35.790532 ], [ -5.8408668, 35.7904066 ], [ -5.8408927, 35.7902821 ], [ -5.8410514, 35.7900639 ], [ -5.841188, 35.7898762 ] ], [ [ -5.841188, 35.7898762 ], [ -5.8412701, 35.7897648 ], [ -5.8414033, 35.7896037 ], [ -5.8415305, 35.7894693 ], [ -5.8416785, 35.7893357 ], [ -5.8418361, 35.7892116 ], [ -5.8419908, 35.7890998 ], [ -5.8420956, 35.7890149 ], [ -5.8421885, 35.7889215 ], [ -5.8422752, 35.7888172 ], [ -5.8424011, 35.788627 ], [ -5.8426399, 35.7882178 ], [ -5.8430086, 35.787731 ], [ -5.8431253, 35.7875536 ], [ -5.8432041, 35.7874442 ], [ -5.8434091, 35.7871098 ], [ -5.8436207, 35.7867453 ], [ -5.8436736, 35.7866068 ], [ -5.8436718, 35.7864838 ], [ -5.8436116, 35.7861837 ], [ -5.8435743, 35.7860284 ], [ -5.8435514, 35.7858729 ], [ -5.843558, 35.7856578 ], [ -5.8435803, 35.7855357 ], [ -5.8436077, 35.7854912 ], [ -5.8436155, 35.7854455 ] ], [ [ -5.8436155, 35.7854455 ], [ -5.8437476, 35.7852393 ], [ -5.8438006, 35.7851425 ], [ -5.8439346, 35.7848715 ], [ -5.8440372, 35.7846485 ], [ -5.8441097, 35.784475 ], [ -5.8441941, 35.7842215 ], [ -5.8443256, 35.7839386 ], [ -5.8443551, 35.7838679 ], [ -5.8443993, 35.7838059 ], [ -5.8444691, 35.7837145 ], [ -5.8445415, 35.7836481 ], [ -5.8447467, 35.7834719 ], [ -5.8448365, 35.7833892 ], [ -5.8449371, 35.7832804 ], [ -5.8450136, 35.783176 ], [ -5.8450779, 35.7830694 ], [ -5.8451638, 35.782917 ], [ -5.8452778, 35.7826853 ], [ -5.8453529, 35.7824971 ], [ -5.8454563, 35.7821343 ], [ -5.8455446, 35.7819248 ], [ -5.8455832, 35.7818307 ] ], [ [ -5.8455832, 35.7818307 ], [ -5.8457351, 35.7815049 ], [ -5.8458652, 35.7813275 ], [ -5.8459617, 35.7811676 ], [ -5.8460556, 35.7810055 ], [ -5.8460891, 35.7809239 ], [ -5.8461012, 35.7808836 ], [ -5.8461294, 35.7807727 ], [ -5.8461508, 35.7805708 ], [ -5.8461569, 35.7804212 ], [ -5.8461354, 35.7802118 ], [ -5.8461213, 35.7800578 ], [ -5.8460784, 35.7799077 ], [ -5.8460362, 35.7797586 ], [ -5.8459543, 35.7795552 ], [ -5.845896, 35.7794529 ], [ -5.8458169, 35.7793659 ], [ -5.8457553, 35.7793071 ], [ -5.8456465, 35.7792464 ], [ -5.8455332, 35.7791939 ], [ -5.8453519, 35.7791339 ], [ -5.8452939, 35.7790928 ], [ -5.8452685, 35.779039 ] ], [ [ -5.8452685, 35.779039 ], [ -5.8451659, 35.7790672 ], [ -5.8449823, 35.7791178 ], [ -5.8446616, 35.7792257 ], [ -5.8443487, 35.7793554 ], [ -5.844225, 35.7794178 ], [ -5.8440641, 35.7795048 ], [ -5.8437914, 35.7796832 ], [ -5.8436747, 35.7797686 ], [ -5.8435206, 35.7798937 ], [ -5.8433869, 35.7800002 ], [ -5.8431733, 35.7802077 ], [ -5.8430308, 35.7803571 ], [ -5.8429723, 35.7804177 ], [ -5.8429053, 35.7804872 ], [ -5.8428058, 35.7806047 ] ], [ [ -5.8428058, 35.7806047 ], [ -5.8425131, 35.7808628 ] ], [ [ -5.8425131, 35.7808628 ], [ -5.8424636, 35.7808721 ], [ -5.8424193, 35.7808922 ] ], [ [ -5.8424193, 35.7808922 ], [ -5.8421684, 35.7807971 ] ], [ [ -5.8421684, 35.7807971 ], [ -5.8420128, 35.7807085 ], [ -5.8417835, 35.7805681 ], [ -5.8416608, 35.7804936 ], [ -5.8415589, 35.7804321 ], [ -5.8412907, 35.7802657 ], [ -5.8411163, 35.7801536 ], [ -5.8408012, 35.7799665 ], [ -5.8405463, 35.7798163 ], [ -5.8403379, 35.7797099 ], [ -5.8402017, 35.7796596 ], [ -5.8400944, 35.7796314 ], [ -5.8399375, 35.7796074 ], [ -5.8398342, 35.7795971 ], [ -5.8396968, 35.7795906 ], [ -5.839562, 35.7795818 ], [ -5.8394446, 35.7795873 ], [ -5.8393494, 35.7796036 ], [ -5.8392797, 35.7796243 ], [ -5.8392059, 35.7796493 ], [ -5.8391456, 35.7796852 ], [ -5.8388458, 35.7798783 ], [ -5.8384207, 35.7801917 ], [ -5.8381632, 35.780356 ], [ -5.8380546, 35.7804082 ], [ -5.8379795, 35.7804354 ], [ -5.8378936, 35.780455 ], [ -5.8375785, 35.780493 ], [ -5.8373089, 35.7805284 ], [ -5.836922, 35.7805703 ], [ -5.8366022, 35.780604 ], [ -5.8363245, 35.7806225 ], [ -5.8361495, 35.780628 ], [ -5.8360349, 35.7806182 ], [ -5.8359531, 35.7806089 ], [ -5.8358934, 35.7806029 ], [ -5.8355863, 35.7805567 ], [ -5.835318, 35.780511 ], [ -5.835021, 35.7804571 ], [ -5.8345932, 35.7803842 ], [ -5.8344685, 35.780344 ], [ -5.8343303, 35.7802929 ], [ -5.8342311, 35.7802385 ], [ -5.834156, 35.7801851 ], [ -5.8340862, 35.7801307 ], [ -5.8340259, 35.7800578 ], [ -5.8339186, 35.7799262 ], [ -5.8338448, 35.7797891 ], [ -5.833818, 35.7797053 ], [ -5.8337714, 35.7794707 ], [ -5.8337577, 35.7793521 ], [ -5.833753, 35.7791624 ] ], [ [ -5.833753, 35.7791624 ], [ -5.8337625, 35.7790636 ], [ -5.8337921, 35.7789688 ], [ -5.833791, 35.7788845 ] ], [ [ -5.833791, 35.7788845 ], [ -5.8338215, 35.7788747 ], [ -5.8338473, 35.7788583 ] ], [ [ -5.8338473, 35.7788583 ], [ -5.8338674, 35.7788349 ], [ -5.8338779, 35.7788076 ], [ -5.8338777, 35.7787791 ], [ -5.8338669, 35.7787519 ], [ -5.8338464, 35.7787287 ] ], [ [ -5.8338464, 35.7787287 ], [ -5.8338182, 35.7787116 ], [ -5.833785, 35.7787021 ], [ -5.8337498, 35.7787013 ] ], [ [ -5.8337498, 35.7787013 ], [ -5.833577, 35.7786086 ], [ -5.8334854, 35.7785705 ], [ -5.8333927, 35.77855 ] ], [ [ -5.8333927, 35.77855 ], [ -5.8332722, 35.7785031 ], [ -5.8330878, 35.778459 ], [ -5.8329832, 35.778446 ], [ -5.8328779, 35.7784411 ], [ -5.8327498, 35.7784422 ], [ -5.8326378, 35.7784579 ], [ -5.8325131, 35.7784726 ], [ -5.8323683, 35.7785129 ], [ -5.8321899, 35.7785684 ], [ -5.8320773, 35.7786228 ], [ -5.8319981, 35.7786619 ], [ -5.831915, 35.7787011 ] ], [ [ -5.831915, 35.7787011 ], [ -5.8317646, 35.7787318 ] ], [ [ -5.8317646, 35.7787318 ], [ -5.8317337, 35.7787121 ], [ -5.8316971, 35.7787004 ], [ -5.831658, 35.7786974 ], [ -5.8316194, 35.7787035 ], [ -5.8315844, 35.7787182 ], [ -5.831556, 35.7787403 ], [ -5.8315365, 35.778768 ] ], [ [ -5.8315365, 35.778768 ], [ -5.8314885, 35.7788366 ], [ -5.8314456, 35.7788977 ] ], [ [ -5.8314456, 35.7788977 ], [ -5.8313511, 35.7789508 ], [ -5.8312438, 35.7789927 ] ], [ [ -5.8312438, 35.7789927 ], [ -5.8311539, 35.779034 ], [ -5.8309601, 35.7791162 ], [ -5.8307844, 35.7791885 ], [ -5.8306805, 35.7792321 ], [ -5.830586, 35.779268 ], [ -5.830482, 35.779299 ], [ -5.8301588, 35.7793817 ], [ -5.8290457, 35.7796515 ], [ -5.8286973, 35.7797403 ], [ -5.8281876, 35.7798681 ], [ -5.8278137, 35.7799766 ], [ -5.8275108, 35.7800448 ], [ -5.8272453, 35.7801046 ], [ -5.8271112, 35.7801264 ], [ -5.8269314, 35.7801525 ], [ -5.8268107, 35.7801563 ], [ -5.8266538, 35.7801579 ], [ -5.8265137, 35.7800918 ], [ -5.8263685, 35.7800385 ], [ -5.8262656, 35.7800187 ], [ -5.8261717, 35.7800078 ], [ -5.8260705, 35.7800051 ], [ -5.8259719, 35.7800132 ], [ -5.8258666, 35.7800241 ], [ -5.8256158, 35.7800589 ], [ -5.8253275, 35.7800948 ], [ -5.8252309, 35.780109 ], [ -5.8249748, 35.7801273 ] ], [ [ -5.8249748, 35.7801273 ], [ -5.8247195, 35.7801205 ], [ -5.8245809, 35.7801152 ] ], [ [ -5.8245809, 35.7801152 ], [ -5.8245505, 35.7800841 ] ], [ [ -5.8245505, 35.7800841 ], [ -5.8245143, 35.7800682 ], [ -5.8244735, 35.780064 ], [ -5.8244335, 35.7800719 ], [ -5.8243997, 35.780091 ] ], [ [ -5.8243997, 35.780091 ], [ -5.8243802, 35.7801126 ] ], [ [ -5.8243802, 35.7801126 ], [ -5.8243301, 35.7801505 ], [ -5.8242489, 35.7801928 ] ], [ [ -5.8242489, 35.7801928 ], [ -5.824239, 35.7801973 ], [ -5.8241357, 35.780244 ], [ -5.8240081, 35.7802944 ], [ -5.8230872, 35.7806882 ], [ -5.8228311, 35.7808042 ] ], [ [ -5.8228311, 35.7808042 ], [ -5.8226238, 35.7808923 ], [ -5.8220847, 35.781055 ], [ -5.8217253, 35.7811496 ], [ -5.8216478, 35.7811654 ], [ -5.8211685, 35.7812789 ], [ -5.8211302, 35.781288 ] ], [ [ -5.8211302, 35.781288 ], [ -5.8210418, 35.7812923 ], [ -5.8209643, 35.7812911 ], [ -5.82089, 35.7812903 ] ], [ [ -5.82089, 35.7812903 ], [ -5.8208671, 35.781274 ], [ -5.8208156, 35.7812527 ], [ -5.8207583, 35.7812463 ] ], [ [ -5.8207583, 35.7812463 ], [ -5.820665, 35.7812645 ] ], [ [ -5.820665, 35.7812645 ], [ -5.8206321, 35.7812954 ], [ -5.8206102, 35.7813217 ], [ -5.8205961, 35.7813513 ] ], [ [ -5.8205961, 35.7813513 ], [ -5.8204247, 35.7813643 ], [ -5.8202776, 35.7813754 ], [ -5.8201145, 35.7813854 ], [ -5.8198133, 35.781346 ], [ -5.8173655, 35.7809968 ], [ -5.8171056, 35.7809608 ] ], [ [ -5.8171056, 35.7809608 ], [ -5.8170775, 35.7810072 ] ], [ [ -5.8170775, 35.7810072 ], [ -5.8171561, 35.7811894 ], [ -5.8171689, 35.7812124 ], [ -5.8172245, 35.7813123 ], [ -5.8173653, 35.7815484 ], [ -5.8174016, 35.7816016 ], [ -5.8175035, 35.7817507 ], [ -5.8176427, 35.7819312 ] ] ] } },
{ "type": "Feature", "properties": { "name": "LI9 Gare Ferroviaire-Sidi Hssain", "Number": "LI9" }, "geometry": { "type": "MultiLineString", "coordinates": [ [ [ -5.7850352, 35.7709081 ], [ -5.7846722, 35.7720077 ] ], [ [ -5.7846722, 35.7720077 ], [ -5.7846394, 35.772045 ], [ -5.784603, 35.7720801 ], [ -5.7845632, 35.7721127 ] ], [ [ -5.7845632, 35.7721127 ], [ -5.784518, 35.7721223 ] ], [ [ -5.784518, 35.7721223 ], [ -5.7844529, 35.7721433 ], [ -5.7843972, 35.7721779 ], [ -5.7843552, 35.7722234 ], [ -5.78433, 35.7722764 ], [ -5.7843235, 35.7723331 ], [ -5.7843362, 35.772389 ] ], [ [ -5.7843362, 35.772389 ], [ -5.7843487, 35.7724145 ] ], [ [ -5.7843487, 35.7724145 ], [ -5.7843894, 35.7724637 ], [ -5.7844456, 35.7725014 ], [ -5.7845002, 35.7725217 ], [ -5.784559, 35.7725312 ], [ -5.784619, 35.7725293 ] ], [ [ -5.784619, 35.7725293 ], [ -5.7846645, 35.7725212 ], [ -5.7847066, 35.7725051 ], [ -5.7847434, 35.772482 ] ], [ [ -5.7847434, 35.772482 ], [ -5.7848836, 35.7724725 ], [ -5.7849685, 35.7724704 ], [ -5.7850292, 35.7724741 ], [ -5.7861169, 35.7725417 ], [ -5.7861773, 35.7725454 ], [ -5.7863294, 35.7725647 ], [ -5.786547, 35.7726356 ] ], [ [ -5.786547, 35.7726356 ], [ -5.7866053, 35.7726592 ], [ -5.7866685, 35.7726717 ], [ -5.7867601, 35.7726696 ], [ -5.7868464, 35.7726446 ], [ -5.786919, 35.7725993 ], [ -5.78694, 35.7725741 ] ], [ [ -5.78694, 35.7725741 ], [ -5.7870188, 35.7725705 ], [ -5.7870921, 35.7725616 ], [ -5.7873678, 35.7725485 ] ], [ [ -5.7873678, 35.7725485 ], [ -5.7880037, 35.7725192 ], [ -5.7887851, 35.77246 ], [ -5.789357, 35.7723756 ] ], [ [ -5.789357, 35.7723756 ], [ -5.7894474, 35.7723719 ], [ -5.7897789, 35.7723645 ], [ -5.7901036, 35.7723553 ], [ -5.7906077, 35.7723465 ], [ -5.7908955, 35.7723499 ] ], [ [ -5.7908955, 35.7723499 ], [ -5.7909545, 35.7724552 ], [ -5.7910542, 35.7725379 ], [ -5.7911545, 35.7725807 ], [ -5.7913027, 35.7726006 ], [ -5.7914498, 35.7725761 ], [ -5.7915486, 35.7725296 ], [ -5.791628, 35.772463 ] ], [ [ -5.791628, 35.772463 ], [ -5.7916901, 35.7723607 ] ], [ [ -5.7916901, 35.7723607 ], [ -5.7917036, 35.7723082 ], [ -5.7917067, 35.7722546 ] ], [ [ -5.7917067, 35.7722546 ], [ -5.7918077, 35.7721815 ], [ -5.7918777, 35.7721567 ], [ -5.7920928, 35.7721184 ], [ -5.7927454, 35.7720332 ], [ -5.7939456, 35.7718681 ], [ -5.7945607, 35.7718077 ], [ -5.7947036, 35.7718027 ] ], [ [ -5.7947036, 35.7718027 ], [ -5.7947184, 35.7718323 ], [ -5.7947432, 35.771857 ] ], [ [ -5.7947432, 35.771857 ], [ -5.7947681, 35.7718714 ], [ -5.7947965, 35.7718809 ], [ -5.794826, 35.7718847 ], [ -5.7948622, 35.771882 ], [ -5.7948962, 35.7718714 ], [ -5.7949254, 35.7718537 ], [ -5.7949503, 35.7718258 ], [ -5.7949631, 35.7717929 ] ], [ [ -5.7949631, 35.7717929 ], [ -5.795091, 35.7717826 ], [ -5.7957347, 35.7717985 ], [ -5.7959305, 35.7718039 ], [ -5.7962711, 35.7718148 ], [ -5.7967412, 35.771824 ], [ -5.7969685, 35.7718322 ], [ -5.7971388, 35.7718398 ], [ -5.7980186, 35.7718485 ], [ -5.7983518, 35.7718556 ], [ -5.7985192, 35.7718465 ], [ -5.7986281, 35.7718409 ], [ -5.7986858, 35.7718295 ], [ -5.7987512, 35.7718088 ] ], [ [ -5.7987512, 35.7718088 ], [ -5.7988541, 35.7717522 ], [ -5.7989828, 35.7716793 ], [ -5.7991109, 35.7716135 ], [ -5.7994019, 35.7714818 ], [ -5.7998063, 35.7713077 ], [ -5.8001367, 35.7711733 ], [ -5.8008631, 35.7708852 ] ], [ [ -5.8008631, 35.7708852 ], [ -5.8011273, 35.7707805 ], [ -5.8015252, 35.7706215 ], [ -5.8018104, 35.7705043 ], [ -5.8021131, 35.7703758 ], [ -5.8026567, 35.7701563 ], [ -5.8030692, 35.7700549 ] ], [ [ -5.8030692, 35.7700549 ], [ -5.8031458, 35.7701212 ] ], [ [ -5.8031458, 35.7701212 ], [ -5.803254, 35.7701706 ], [ -5.8033468, 35.7701947 ], [ -5.8034437, 35.770203 ] ], [ [ -5.8034437, 35.770203 ], [ -5.8035056, 35.7701998 ], [ -5.8035597, 35.7701901 ], [ -5.8036679, 35.7701579 ], [ -5.8036976, 35.7701413 ], [ -5.8037577, 35.7701077 ], [ -5.8038389, 35.770033 ] ], [ [ -5.8038389, 35.770033 ], [ -5.8040321, 35.7700183 ], [ -5.804244, 35.7700172 ], [ -5.8045223, 35.7700471 ], [ -5.8051439, 35.7701091 ], [ -5.8058309, 35.7701618 ] ], [ [ -5.8058309, 35.7701618 ], [ -5.8058935, 35.7702365 ], [ -5.8059411, 35.7702936 ], [ -5.8059733, 35.7703241 ], [ -5.8060297, 35.7703747 ], [ -5.8060779, 35.7704176 ], [ -5.8061182, 35.7704514 ], [ -5.8061544, 35.7704797 ], [ -5.8062033, 35.7705123 ] ], [ [ -5.8094789, 35.7737443 ], [ -5.8094041, 35.7736541 ], [ -5.809078, 35.7732605 ], [ -5.80902, 35.7731833 ], [ -5.808999, 35.7731051 ], [ -5.8089821, 35.7730302 ], [ -5.808962, 35.7729671 ], [ -5.8088534, 35.7727875 ], [ -5.8087595, 35.7726504 ], [ -5.808671, 35.7725569 ], [ -5.8086213, 35.7725264 ], [ -5.8085194, 35.7724731 ], [ -5.8083853, 35.7724013 ], [ -5.8079629, 35.7721804 ], [ -5.8078904, 35.7721369 ], [ -5.8077577, 35.7720683 ], [ -5.8075914, 35.7719769 ], [ -5.8074653, 35.7719073 ], [ -5.8073781, 35.7718572 ], [ -5.8073205, 35.7718148 ], [ -5.8072642, 35.7717723 ], [ -5.8072132, 35.7717234 ], [ -5.8071609, 35.7716657 ], [ -5.8070536, 35.7715536 ], [ -5.8069731, 35.7714601 ], [ -5.8069021, 35.7713719 ], [ -5.8067116, 35.7711369 ], [ -5.8065145, 35.7708975 ], [ -5.8064072, 35.7707767 ], [ -5.8063254, 35.7706788 ], [ -5.8062033, 35.7705123 ] ], [ [ -5.8105961, 35.7750559 ], [ -5.8100618, 35.7744454 ], [ -5.8099477, 35.7743087 ], [ -5.8094789, 35.7737443 ] ], [ [ -5.8105961, 35.7750559 ], [ -5.8105275, 35.7751144 ], [ -5.8104938, 35.7751959 ] ], [ [ -5.8104938, 35.7751959 ], [ -5.8105004, 35.7752517 ], [ -5.810528, 35.7753032 ], [ -5.8105739, 35.7753452 ] ], [ [ -5.8105739, 35.7753452 ], [ -5.8106335, 35.7753735 ], [ -5.810701, 35.7753855 ], [ -5.8107899, 35.7753799 ], [ -5.8108386, 35.7753544 ], [ -5.8108926, 35.7753115 ], [ -5.8109256, 35.7752563 ] ], [ [ -5.8109256, 35.7752563 ], [ -5.8121525, 35.7753207 ] ], [ [ -5.8121525, 35.7753207 ], [ -5.8121939, 35.7753214 ], [ -5.8126739, 35.7753459 ], [ -5.812807, 35.7753528 ], [ -5.8133541, 35.7753735 ], [ -5.8134392, 35.7753735 ], [ -5.8136017, 35.775375 ] ], [ [ -5.8136017, 35.775375 ], [ -5.813733, 35.7753951 ], [ -5.8138097, 35.7754046 ], [ -5.8139182, 35.7754253 ], [ -5.8140491, 35.7754504 ] ], [ [ -5.8140491, 35.7754504 ], [ -5.8140183, 35.7752708 ] ], [ [ -5.8140183, 35.7752708 ], [ -5.8139417, 35.7748558 ], [ -5.8138962, 35.7746836 ], [ -5.8138645, 35.7745634 ], [ -5.8138154, 35.7742837 ], [ -5.8137967, 35.774103 ], [ -5.813793, 35.7739006 ], [ -5.8138044, 35.7738391 ] ], [ [ -5.8138044, 35.7738391 ], [ -5.8140126, 35.7728539 ], [ -5.8140555, 35.7727005 ], [ -5.8140891, 35.7726014 ], [ -5.8141749, 35.7723066 ], [ -5.8142057, 35.7722217 ], [ -5.8142214, 35.7721587 ], [ -5.8142746, 35.7720083 ] ], [ [ -5.8142746, 35.7720083 ], [ -5.8143176, 35.7720129 ], [ -5.8143608, 35.7720091 ] ], [ [ -5.8143608, 35.7720091 ], [ -5.8144109, 35.7719929 ], [ -5.814453, 35.7719655 ], [ -5.8144833, 35.7719293 ], [ -5.8144991, 35.7718874 ] ], [ [ -5.8144991, 35.7718874 ], [ -5.8144989, 35.7718428 ], [ -5.8144822, 35.7718003 ], [ -5.81445, 35.7717633 ], [ -5.8144054, 35.771736 ], [ -5.8143527, 35.771721 ] ], [ [ -5.8143527, 35.771721 ], [ -5.8143318, 35.7715438 ] ], [ [ -5.8146317, 35.7678156 ], [ -5.8145705, 35.7680879 ], [ -5.8144994, 35.7684002 ], [ -5.8144525, 35.7685384 ], [ -5.8143988, 35.7686614 ], [ -5.8143559, 35.7687963 ], [ -5.8143009, 35.7689933 ], [ -5.8142634, 35.7692 ], [ -5.814254, 35.7692882 ], [ -5.8142594, 35.7694253 ], [ -5.8142754, 35.7696113 ], [ -5.8143076, 35.7698866 ], [ -5.8143194, 35.769966 ], [ -5.8143358, 35.770076 ], [ -5.8144004, 35.7704085 ], [ -5.8144256, 35.7707637 ], [ -5.8144055, 35.7709726 ], [ -5.8143854, 35.7711652 ], [ -5.8143626, 35.7713523 ], [ -5.8143318, 35.7715438 ] ], [ [ -5.8146317, 35.7678156 ], [ -5.8147254, 35.7676972 ] ], [ [ -5.8147254, 35.7676972 ], [ -5.8148139, 35.7676941 ], [ -5.8148922, 35.7676734 ], [ -5.8149754, 35.7676376 ] ], [ [ -5.8149754, 35.7676376 ], [ -5.8150258, 35.7676002 ], [ -5.8150668, 35.7675558 ] ], [ [ -5.8150668, 35.7675558 ], [ -5.8150993, 35.7675007 ], [ -5.8151173, 35.7674413 ] ], [ [ -5.8151173, 35.7674413 ], [ -5.8151157, 35.7673506 ], [ -5.8150806, 35.7672644 ], [ -5.8150151, 35.7671909 ] ], [ [ -5.8150151, 35.7671909 ], [ -5.814913, 35.7671317 ] ], [ [ -5.814913, 35.7671317 ], [ -5.8148232, 35.7671075 ], [ -5.8147288, 35.7671028 ], [ -5.814636, 35.7671178 ] ], [ [ -5.814636, 35.7671178 ], [ -5.8140327, 35.7664023 ] ], [ [ -5.8140327, 35.7664023 ], [ -5.8137873, 35.766052 ], [ -5.8136384, 35.7658115 ], [ -5.8135204, 35.7655046 ], [ -5.8134493, 35.7653174 ], [ -5.8133836, 35.7651041 ], [ -5.8133313, 35.7648615 ], [ -5.813316, 35.7647906 ], [ -5.8132912, 35.7646342 ] ], [ [ -5.8132912, 35.7646342 ], [ -5.8133192, 35.764599 ] ], [ [ -5.8133192, 35.764599 ], [ -5.8134747, 35.7645574 ], [ -5.8136183, 35.7645198 ], [ -5.8139335, 35.7644501 ], [ -5.8143318, 35.7643718 ], [ -5.8146308, 35.7643043 ], [ -5.8148092, 35.7642477 ], [ -5.814946, 35.7641748 ] ], [ [ -5.814946, 35.7641748 ], [ -5.8151096, 35.76414 ], [ -5.8154556, 35.7640736 ], [ -5.815756, 35.764004 ], [ -5.8160417, 35.7639136 ], [ -5.8163099, 35.7637939 ], [ -5.8165285, 35.7636797 ], [ -5.8167994, 35.7635121 ], [ -5.8169885, 35.7633728 ], [ -5.8171709, 35.763227 ], [ -5.8172755, 35.7631181 ], [ -5.8175477, 35.7628559 ], [ -5.8177771, 35.7626023 ] ], [ [ -5.8177771, 35.7626023 ], [ -5.8180614, 35.7623009 ], [ -5.8181539, 35.7621975 ], [ -5.8182203, 35.7621267 ], [ -5.8184677, 35.7618917 ] ], [ [ -5.8184677, 35.7618917 ], [ -5.8190136, 35.76134 ], [ -5.8195616, 35.760806 ], [ -5.8197619, 35.7606163 ], [ -5.8198933, 35.7605076 ], [ -5.8200303, 35.7604029 ], [ -5.8204003, 35.7601744 ], [ -5.8207288, 35.7599818 ], [ -5.8209488, 35.7598523 ], [ -5.821268, 35.7596989 ], [ -5.8215724, 35.7595791 ], [ -5.8219037, 35.7594638 ] ], [ [ -5.8219037, 35.7594638 ], [ -5.8222624, 35.7593593 ], [ -5.8225205, 35.7592804 ], [ -5.8226628, 35.7592457 ], [ -5.8228042, 35.759214 ], [ -5.8229055, 35.7591928 ] ], [ [ -5.8229055, 35.7591928 ], [ -5.8230101, 35.7591787 ], [ -5.8232085, 35.7591591 ], [ -5.8235116, 35.759133 ], [ -5.823749, 35.7591264 ], [ -5.8239904, 35.7591286 ], [ -5.8242345, 35.7591384 ], [ -5.8249506, 35.759183 ], [ -5.825884, 35.7592525 ], [ -5.8259948, 35.7592607 ], [ -5.8263222, 35.7592806 ], [ -5.8268837, 35.7592828 ] ], [ [ -5.8268837, 35.7592828 ], [ -5.8270569, 35.7593081 ], [ -5.827311, 35.7593013 ], [ -5.8275069, 35.7592873 ], [ -5.8281611, 35.759144 ], [ -5.8287584, 35.7589788 ] ], [ [ -5.8287584, 35.7589788 ], [ -5.8288001, 35.758983 ], [ -5.8288348, 35.7589864 ] ], [ [ -5.8288348, 35.7589864 ], [ -5.8288986, 35.7589771 ], [ -5.8289569, 35.7589543 ], [ -5.8290055, 35.7589195 ], [ -5.8290408, 35.7588755 ], [ -5.8290602, 35.7588253 ] ], [ [ -5.8290602, 35.7588253 ], [ -5.8290614, 35.7587665 ] ], [ [ -5.8290614, 35.7587665 ], [ -5.8291085, 35.7587344 ], [ -5.8291715, 35.7586675 ], [ -5.8295601, 35.7582573 ], [ -5.830015, 35.7576924 ], [ -5.8302905, 35.7573587 ], [ -5.8303418, 35.7572655 ], [ -5.8303942, 35.7571457 ] ], [ [ -5.8303942, 35.7571457 ], [ -5.830877, 35.7565635 ], [ -5.8312967, 35.7560411 ], [ -5.831663, 35.7555351 ], [ -5.8318813, 35.7552261 ], [ -5.8319425, 35.7551525 ], [ -5.8320336, 35.7550374 ] ], [ [ -5.8320336, 35.7550374 ], [ -5.8320625, 35.7550341 ], [ -5.8320966, 35.7550247 ], [ -5.8321415, 35.7549977 ], [ -5.8321666, 35.7549697 ], [ -5.8321839, 35.7549325 ], [ -5.8321878, 35.7548973 ], [ -5.8321762, 35.7548591 ], [ -5.8321627, 35.7548372 ] ], [ [ -5.8321627, 35.7548372 ], [ -5.8322134, 35.7547225 ], [ -5.8322905, 35.7545473 ], [ -5.8324702, 35.7542159 ], [ -5.8326713, 35.7538721 ], [ -5.8328712, 35.7535216 ], [ -5.833118, 35.7530873 ], [ -5.8334184, 35.752553 ], [ -5.8336249, 35.752196 ], [ -5.8336704, 35.7521152 ], [ -5.8338029, 35.7518606 ], [ -5.8338896, 35.7517401 ] ], [ [ -5.8338896, 35.7517401 ], [ -5.8339375, 35.7517328 ], [ -5.8339676, 35.7517234 ], [ -5.834004, 35.7516962 ], [ -5.8340236, 35.751673 ], [ -5.8340401, 35.7516379 ], [ -5.8340368, 35.7515734 ] ], [ [ -5.8340368, 35.7515734 ], [ -5.834097, 35.7514493 ], [ -5.8341613, 35.7513699 ], [ -5.8342257, 35.7512948 ], [ -5.8343115, 35.751199 ], [ -5.8344162, 35.751088 ], [ -5.8345221, 35.750977 ], [ -5.8346991, 35.7508235 ], [ -5.8349405, 35.7506472 ], [ -5.8351001, 35.7505645 ], [ -5.835257, 35.7504818 ], [ -5.8354367, 35.7504045 ], [ -5.8356312, 35.7503392 ], [ -5.8357827, 35.7502956 ], [ -5.8359276, 35.7502554 ], [ -5.8360201, 35.7502314 ], [ -5.8361274, 35.7502129 ], [ -5.8362588, 35.7501922 ], [ -5.8364359, 35.7501683 ], [ -5.8367497, 35.7501269 ], [ -5.8370702, 35.7500812 ], [ -5.8374144, 35.750038 ], [ -5.8376141, 35.7500054 ], [ -5.8376303, 35.7500027 ], [ -5.8378306, 35.7499724 ], [ -5.8380492, 35.7499354 ], [ -5.8383154, 35.7498891 ], [ -5.8384663, 35.7498608 ], [ -5.8386648, 35.749814 ], [ -5.8388579, 35.7497629 ], [ -5.8390155, 35.7497122 ], [ -5.8391865, 35.7496508 ], [ -5.839332, 35.7495909 ], [ -5.839452, 35.7495337 ], [ -5.8396029, 35.7494554 ], [ -5.8397383, 35.7493678 ], [ -5.8398758, 35.7492818 ], [ -5.8400032, 35.749186 ], [ -5.8400951, 35.7491093 ] ], [ [ -5.8400951, 35.7491093 ], [ -5.8403787, 35.7489329 ], [ -5.8407421, 35.7485471 ], [ -5.8412898, 35.7479354 ] ], [ [ -5.8412898, 35.7479354 ], [ -5.8413783, 35.7479276 ], [ -5.8414608, 35.7479005 ], [ -5.8415479, 35.7478422 ], [ -5.8416002, 35.747769 ] ], [ [ -5.8416002, 35.747769 ], [ -5.8416211, 35.7476964 ], [ -5.841616, 35.747622 ], [ -5.8415852, 35.7475518 ] ], [ [ -5.8415852, 35.7475518 ], [ -5.8422896, 35.746609 ], [ -5.8423208, 35.7465672 ], [ -5.8424716, 35.746362 ], [ -5.8425444, 35.7461933 ] ], [ [ -5.8425444, 35.7461933 ], [ -5.8432555, 35.7452679 ], [ -5.843762, 35.7446666 ], [ -5.8439053, 35.7445049 ], [ -5.8439314, 35.7444808 ] ], [ [ -5.8439314, 35.7444808 ], [ -5.8440004, 35.7444742 ], [ -5.8440618, 35.7444477 ], [ -5.844107, 35.7444049 ], [ -5.8441328, 35.7443499 ], [ -5.8441347, 35.7443008 ], [ -5.8441174, 35.7442695 ] ], [ [ -5.8441174, 35.7442695 ], [ -5.8442753, 35.7440019 ], [ -5.8447259, 35.7434183 ], [ -5.8451721, 35.742844 ], [ -5.8459201, 35.7419167 ], [ -5.8466309, 35.7410415 ] ], [ [ -5.8466309, 35.7410415 ], [ -5.8468683, 35.7407813 ], [ -5.847111, 35.7405506 ], [ -5.8477239, 35.7401032 ], [ -5.8478782, 35.7399982 ], [ -5.8482702, 35.7397772 ], [ -5.8489056, 35.7395211 ], [ -5.8493924, 35.7393658 ] ], [ [ -5.8493924, 35.7393658 ], [ -5.8513793, 35.7388535 ], [ -5.8514974, 35.7388256 ], [ -5.8524865, 35.738583 ], [ -5.8528635, 35.7385088 ], [ -5.8529665, 35.7384944 ] ], [ [ -5.8529665, 35.7384944 ], [ -5.8530036, 35.7385132 ], [ -5.8530594, 35.7385311 ], [ -5.8531192, 35.7385344 ], [ -5.8531775, 35.7385228 ] ], [ [ -5.8531775, 35.7385228 ], [ -5.8532158, 35.7385055 ], [ -5.8532484, 35.7384817 ], [ -5.8532736, 35.7384527 ], [ -5.8532902, 35.7384197 ] ], [ [ -5.8532902, 35.7384197 ], [ -5.8532977, 35.7383766 ] ], [ [ -5.8532977, 35.7383766 ], [ -5.8534636, 35.7383283 ], [ -5.8544482, 35.7380796 ], [ -5.8553031, 35.7378802 ], [ -5.8553676, 35.7378652 ], [ -5.85559, 35.7378071 ], [ -5.8556592, 35.7378015 ], [ -5.8558417, 35.7377965 ] ], [ [ -5.8558417, 35.7377965 ], [ -5.8558901, 35.7378036 ], [ -5.8559389, 35.737799 ], [ -5.8559841, 35.7377832 ], [ -5.8560217, 35.7377576 ] ], [ [ -5.8560217, 35.7377576 ], [ -5.8563816, 35.7376109 ], [ -5.8565709, 35.7375544 ], [ -5.857165, 35.7374008 ], [ -5.8572677, 35.7373753 ], [ -5.857337, 35.7373563 ] ], [ [ -5.857337, 35.7373563 ], [ -5.8574059, 35.7373375 ], [ -5.8581926, 35.7371227 ], [ -5.8590724, 35.7368669 ], [ -5.859928, 35.7365719 ], [ -5.8612245, 35.7360638 ] ], [ [ -5.8612245, 35.7360638 ], [ -5.8614448, 35.7359775 ], [ -5.8623192, 35.7356161 ], [ -5.8629012, 35.7353788 ], [ -5.8634403, 35.735173 ], [ -5.8636388, 35.7350936 ], [ -5.8643839, 35.7347894 ], [ -5.8649826, 35.7345427 ], [ -5.8652857, 35.734423 ], [ -5.8656921, 35.7342532 ], [ -5.8661413, 35.7340703 ], [ -5.8667321, 35.7338389 ], [ -5.8673819, 35.7335548 ], [ -5.8674388, 35.7335358 ], [ -5.8674871, 35.7335238 ], [ -5.8675816, 35.7335042 ] ], [ [ -5.8675816, 35.7335042 ], [ -5.867601, 35.7335117 ], [ -5.8676216, 35.733517 ], [ -5.8676728, 35.7335201 ], [ -5.8677225, 35.7335099 ], [ -5.8677656, 35.7334872 ], [ -5.8677976, 35.7334546 ], [ -5.8678149, 35.7334159 ] ], [ [ -5.8678149, 35.7334159 ], [ -5.8678894, 35.7333697 ], [ -5.8679558, 35.7333382 ], [ -5.8680309, 35.733305 ], [ -5.8680964, 35.7332784 ], [ -5.8680967, 35.7332783 ], [ -5.8691158, 35.7329115 ], [ -5.8692145, 35.7328809 ], [ -5.8707478, 35.7323929 ], [ -5.8718839, 35.7320313 ], [ -5.8728026, 35.7317308 ] ], [ [ -5.8728026, 35.7317308 ], [ -5.8733726, 35.7315686 ], [ -5.8735657, 35.7315207 ], [ -5.873664, 35.7314879 ] ], [ [ -5.873664, 35.7314879 ], [ -5.8737062, 35.7315076 ] ], [ [ -5.8737062, 35.7315076 ], [ -5.8737429, 35.7315102 ], [ -5.8737854, 35.7315089 ], [ -5.8738259, 35.7314983 ], [ -5.8738615, 35.7314793 ], [ -5.8738894, 35.7314532 ], [ -5.8739015, 35.7314317 ] ], [ [ -5.8739015, 35.7314317 ], [ -5.8739065, 35.7314204 ], [ -5.8739116, 35.7314025 ] ], [ [ -5.8739116, 35.7314025 ], [ -5.8740363, 35.7313578 ], [ -5.8741885, 35.7313005 ], [ -5.8745049, 35.7311869 ], [ -5.8749409, 35.7310497 ], [ -5.8756082, 35.7308642 ], [ -5.8762077, 35.7306715 ], [ -5.8771183, 35.7303841 ], [ -5.8778237, 35.7301609 ], [ -5.8778405, 35.7301557 ], [ -5.8786686, 35.7298986 ], [ -5.8792064, 35.7297374 ], [ -5.879496, 35.7296438 ], [ -5.8803879, 35.7293542 ], [ -5.8806124, 35.7292824 ], [ -5.8811577, 35.7291082 ], [ -5.8818876, 35.728884 ] ], [ [ -5.8818876, 35.728884 ], [ -5.8823136, 35.7287707 ], [ -5.8824089, 35.7287456 ], [ -5.8825363, 35.7287228 ] ], [ [ -5.8825363, 35.7287228 ], [ -5.8827835, 35.7286803 ] ], [ [ -5.8827835, 35.7286803 ], [ -5.8828533, 35.7287039 ], [ -5.8829283, 35.7287095 ], [ -5.883002, 35.7286967 ], [ -5.8830669, 35.7286668 ] ], [ [ -5.8830669, 35.7286668 ], [ -5.8830897, 35.7286508 ], [ -5.8831175, 35.7286241 ], [ -5.8831392, 35.728594 ], [ -5.8831529, 35.7285672 ] ], [ [ -5.8831529, 35.7285672 ], [ -5.8832322, 35.7285194 ], [ -5.8833331, 35.7284731 ], [ -5.8834621, 35.7284177 ], [ -5.8835874, 35.7283652 ], [ -5.8840696, 35.728194 ] ], [ [ -5.8831529, 35.7285672 ], [ -5.8832322, 35.7285194 ], [ -5.8833331, 35.7284731 ], [ -5.8834621, 35.7284177 ], [ -5.8835874, 35.7283652 ], [ -5.8840696, 35.728194 ] ], [ [ -5.8865056, 35.7274035 ], [ -5.8881038, 35.7268829 ], [ -5.8892273, 35.7265272 ], [ -5.8904442, 35.7261316 ], [ -5.8906408, 35.7260694 ], [ -5.8917148, 35.7257294 ], [ -5.8930653, 35.725302 ] ], [ [ -5.8930653, 35.725302 ], [ -5.8933242, 35.7252182 ], [ -5.8935079, 35.7251572 ], [ -5.8938901, 35.7250451 ], [ -5.8941215, 35.7249808 ] ], [ [ -5.8941215, 35.7249808 ], [ -5.8944901, 35.7248703 ] ], [ [ -5.8944901, 35.7248703 ], [ -5.894513, 35.7248807 ] ], [ [ -5.894513, 35.7248807 ], [ -5.8945504, 35.7248914 ], [ -5.8945896, 35.7248957 ], [ -5.8946292, 35.7248934 ], [ -5.8946673, 35.7248846 ], [ -5.8947024, 35.7248698 ], [ -5.8947331, 35.7248494 ], [ -5.894758, 35.7248244 ] ], [ [ -5.894758, 35.7248244 ], [ -5.8947732, 35.7248015 ], [ -5.8947836, 35.7247768 ] ], [ [ -5.8947836, 35.7247768 ], [ -5.8949308, 35.7247108 ] ], [ [ -5.8949308, 35.7247108 ], [ -5.89525, 35.7245932 ], [ -5.8956121, 35.7244898 ], [ -5.8963081, 35.7242459 ], [ -5.8968996, 35.7240304 ], [ -5.8971651, 35.7239095 ], [ -5.8973421, 35.7238224 ], [ -5.8974937, 35.7237397 ], [ -5.8976573, 35.723633 ], [ -5.8977914, 35.7235415 ], [ -5.8980395, 35.7233553 ], [ -5.8986457, 35.7229155 ], [ -5.8992626, 35.7224821 ], [ -5.8998393, 35.7220858 ], [ -5.9005279, 35.7215931 ] ], [ [ -5.9005279, 35.7215931 ], [ -5.9008223, 35.721402 ], [ -5.9009577, 35.7213138 ], [ -5.9012823, 35.7210961 ], [ -5.9016685, 35.7208228 ], [ -5.9020615, 35.7205517 ], [ -5.9025, 35.720249 ], [ -5.9027682, 35.7200606 ], [ -5.902901, 35.7199637 ], [ -5.9031196, 35.7197754 ], [ -5.9033664, 35.7195173 ], [ -5.9035876, 35.7192582 ], [ -5.9038129, 35.7188967 ], [ -5.9039176, 35.718717 ], [ -5.9040047, 35.7185265 ], [ -5.9040557, 35.7184002 ], [ -5.9040973, 35.7182662 ], [ -5.9041308, 35.718178 ], [ -5.904159, 35.7180441 ], [ -5.904222, 35.7173984 ] ], [ [ -5.904222, 35.7173984 ], [ -5.9042824, 35.717245 ], [ -5.9043011, 35.7171578 ], [ -5.9043036, 35.7170828 ], [ -5.904285, 35.7169053 ], [ -5.904171, 35.7161648 ] ], [ [ -5.904171, 35.7161648 ], [ -5.904045, 35.7156982 ], [ -5.9039985, 35.7155815 ] ], [ [ -5.9039985, 35.7155815 ], [ -5.9040121, 35.7155588 ] ], [ [ -5.9040121, 35.7155588 ], [ -5.9040243, 35.7155334 ], [ -5.904031, 35.7155067 ], [ -5.9040319, 35.7154795 ], [ -5.904027, 35.7154525 ], [ -5.9040165, 35.7154267 ], [ -5.9040006, 35.7154027 ] ], [ [ -5.9040006, 35.7154027 ], [ -5.9039741, 35.7153751 ], [ -5.9039407, 35.715353 ] ], [ [ -5.9039407, 35.715353 ], [ -5.9036681, 35.7141942 ], [ -5.9035883, 35.7138395 ], [ -5.9035569, 35.713694 ], [ -5.9035353, 35.7135474 ], [ -5.9035238, 35.7134 ], [ -5.9035223, 35.7132524 ], [ -5.903578, 35.7128272 ], [ -5.9035997, 35.7126879 ], [ -5.9036239, 35.7125423 ] ], [ [ -5.9036239, 35.7125423 ], [ -5.9037076, 35.7123792 ], [ -5.9037908, 35.7122474 ], [ -5.9039008, 35.712089 ], [ -5.9040919, 35.7118484 ], [ -5.9053973, 35.7105112 ], [ -5.905414, 35.7104919 ], [ -5.9058505, 35.7099971 ] ], [ [ -5.9058505, 35.7099971 ], [ -5.9059939, 35.7098781 ], [ -5.9061329, 35.7097557 ], [ -5.9062674, 35.70963 ], [ -5.9063971, 35.709501 ], [ -5.9064218, 35.7094749 ], [ -5.9065221, 35.709369 ], [ -5.9067036, 35.7091666 ], [ -5.9068774, 35.7089801 ], [ -5.9072584, 35.708582 ], [ -5.9072794, 35.7085599 ], [ -5.9073364, 35.7085089 ], [ -5.9073822, 35.7084779 ], [ -5.9074328, 35.7084538 ] ], [ [ -5.9074328, 35.7084538 ], [ -5.9074821, 35.7084395 ], [ -5.9075264, 35.7084168 ], [ -5.9075367, 35.7084097 ], [ -5.9075734, 35.7083763 ], [ -5.9075997, 35.7083369 ], [ -5.9076142, 35.7082937 ], [ -5.9076162, 35.708249 ], [ -5.9076121, 35.7082252 ] ], [ [ -5.9076121, 35.7082252 ], [ -5.907592, 35.7081778 ], [ -5.9075577, 35.7081361 ], [ -5.9075114, 35.7081029 ], [ -5.9074562, 35.7080804 ], [ -5.9074141, 35.7080712 ], [ -5.9073581, 35.7080701 ] ], [ [ -5.9073581, 35.7080701 ], [ -5.907321, 35.7080749 ] ], [ [ -5.907321, 35.7080749 ], [ -5.9072275, 35.7080531 ], [ -5.9070825, 35.7079979 ], [ -5.9070571, 35.7079831 ], [ -5.9069725, 35.7079478 ], [ -5.9068565, 35.7079076 ] ], [ [ -5.8983165, 35.7017607 ], [ -5.8984008, 35.7017819 ], [ -5.8984968, 35.70181 ], [ -5.8987114, 35.7019102 ], [ -5.8989528, 35.7020496 ], [ -5.8991372, 35.7021518 ], [ -5.8992653, 35.7022228 ], [ -5.8993766, 35.7023175 ], [ -5.8995911, 35.7025048 ], [ -5.8997387, 35.7026551 ], [ -5.9000096, 35.7029426 ], [ -5.9006345, 35.7036342 ], [ -5.9006989, 35.7037071 ], [ -5.9009202, 35.7039418 ], [ -5.9012461, 35.7042647 ], [ -5.9014016, 35.704439 ], [ -5.9015062, 35.7045283 ], [ -5.9016186, 35.7045762 ], [ -5.9018429, 35.7046938 ], [ -5.9020709, 35.7047962 ], [ -5.9022827, 35.7048822 ], [ -5.9024584, 35.7049584 ], [ -5.9026578, 35.7050379 ], [ -5.903306, 35.705308 ], [ -5.9034696, 35.7053821 ], [ -5.9038036, 35.7055715 ], [ -5.9040758, 35.705773 ], [ -5.9041868, 35.7058381 ], [ -5.9044871, 35.7060165 ], [ -5.9049066, 35.7062552 ], [ -5.9051849, 35.7064319 ], [ -5.9053079, 35.7065157 ], [ -5.9054598, 35.7066192 ], [ -5.9055805, 35.7067096 ], [ -5.9056704, 35.7068021 ], [ -5.9058729, 35.7070461 ], [ -5.9061451, 35.7073412 ], [ -5.9063181, 35.7075089 ], [ -5.9063755, 35.707553 ], [ -5.9066492, 35.7077634 ], [ -5.9068565, 35.7079076 ] ], [ [ -5.8656128, 35.7074635 ], [ -5.8659225, 35.7076575 ], [ -5.8661735, 35.7078791 ], [ -5.8666858, 35.7082374 ], [ -5.8672209, 35.7085924 ], [ -5.8675937, 35.7088189 ], [ -5.8677091, 35.7088886 ], [ -5.8678727, 35.7089648 ], [ -5.8681583, 35.7090639 ], [ -5.8685821, 35.7092338 ], [ -5.8691414, 35.7094276 ], [ -5.8697962, 35.7096157 ], [ -5.8703725, 35.7097984 ], [ -5.8712336, 35.710092 ], [ -5.871829, 35.7103462 ], [ -5.8728284, 35.7107494 ], [ -5.8729827, 35.7108172 ], [ -5.8730964, 35.7108439 ], [ -5.8734109, 35.7108356 ], [ -5.8735222, 35.7108224 ], [ -5.8742479, 35.7106906 ], [ -5.874565, 35.7106386 ], [ -5.8747888, 35.710589 ], [ -5.8749079, 35.7105577 ], [ -5.8753609, 35.7104373 ], [ -5.8757589, 35.7103177 ], [ -5.8758621, 35.7102837 ], [ -5.8760105, 35.7102204 ], [ -5.8764236, 35.7100886 ], [ -5.8769453, 35.7099122 ], [ -5.8773328, 35.7097816 ], [ -5.8775209, 35.7097147 ], [ -5.8776882, 35.7096552 ], [ -5.8779337, 35.7095659 ], [ -5.8781053, 35.7094897 ], [ -5.8782434, 35.709395 ], [ -5.8785144, 35.7091859 ], [ -5.8787812, 35.7089801 ], [ -5.8790535, 35.7087656 ], [ -5.8793284, 35.708575 ], [ -5.8794907, 35.7084748 ], [ -5.879661, 35.7084084 ], [ -5.8798005, 35.7083757 ], [ -5.8800982, 35.7083158 ], [ -5.8804482, 35.7082526 ], [ -5.8811831, 35.7081274 ], [ -5.8815104, 35.7080817 ], [ -5.8820897, 35.7080131 ], [ -5.8826918, 35.7078788 ], [ -5.882822, 35.7078497 ], [ -5.8832189, 35.7077278 ], [ -5.8837688, 35.7074947 ], [ -5.8841014, 35.7073009 ], [ -5.88415, 35.7072502 ], [ -5.8841957, 35.7072025 ], [ -5.8843562, 35.7070352 ], [ -5.8844849, 35.706813 ], [ -5.8844957, 35.7067019 ], [ -5.8844715, 35.7065691 ], [ -5.8839887, 35.7055759 ], [ -5.8838493, 35.7053124 ], [ -5.8837849, 35.7051272 ], [ -5.8837098, 35.7048484 ], [ -5.8836998, 35.7047053 ], [ -5.883691, 35.7045805 ], [ -5.8836642, 35.7044281 ], [ -5.8836079, 35.704219 ], [ -5.8835971, 35.7040317 ], [ -5.8836213, 35.7039358 ], [ -5.8837205, 35.7038095 ], [ -5.8837822, 35.7037725 ], [ -5.8838975, 35.7037246 ], [ -5.8848393, 35.7034716 ], [ -5.88524, 35.7033619 ], [ -5.8864886, 35.703167 ], [ -5.8866361, 35.7031408 ], [ -5.8869128, 35.7030666 ], [ -5.8873509, 35.7029492 ], [ -5.8877581, 35.702826 ], [ -5.8890138, 35.7024463 ], [ -5.8891083, 35.7024178 ], [ -5.8892682, 35.7023807 ], [ -5.8895624, 35.7022805 ], [ -5.8898882, 35.702187 ], [ -5.8907479, 35.7019451 ], [ -5.8909437, 35.7018841 ], [ -5.8911583, 35.7018318 ], [ -5.8913219, 35.7018057 ], [ -5.8915553, 35.7017969 ], [ -5.8918288, 35.70181 ], [ -5.8921948, 35.7018364 ], [ -5.8927059, 35.7018732 ], [ -5.892927, 35.7018963 ], [ -5.8937252, 35.7019799 ], [ -5.89387, 35.7019821 ], [ -5.8940041, 35.7019712 ], [ -5.8941436, 35.7019429 ], [ -5.8947766, 35.7017948 ], [ -5.895415, 35.7016118 ], [ -5.8955517, 35.7016031 ], [ -5.8957931, 35.7016445 ], [ -5.8962029, 35.7017124 ], [ -5.8965817, 35.7017752 ], [ -5.8970833, 35.701786 ], [ -5.8972452, 35.7017776 ], [ -5.8977968, 35.701749 ], [ -5.8981293, 35.7017447 ], [ -5.8983165, 35.7017607 ] ], [ [ -5.8656128, 35.7074635 ], [ -5.8654882, 35.707369 ], [ -5.8653455, 35.7073089 ] ], [ [ -5.8653455, 35.7073089 ], [ -5.8653148, 35.7072833 ], [ -5.8652769, 35.7072652 ], [ -5.8652344, 35.7072559 ], [ -5.8651904, 35.7072561 ] ], [ [ -5.8651904, 35.7072561 ], [ -5.8651285, 35.7071978 ], [ -5.8649263, 35.7070909 ] ], [ [ -5.8415013, 35.6885531 ], [ -5.8415877, 35.6886278 ], [ -5.8420618, 35.6892379 ], [ -5.8425436, 35.6898111 ], [ -5.8426452, 35.689922 ], [ -5.8429778, 35.6903402 ], [ -5.8433412, 35.6907738 ], [ -5.8434203, 35.6908751 ], [ -5.8434807, 35.6909535 ], [ -5.8436953, 35.6912432 ], [ -5.8439219, 35.6916244 ], [ -5.8439527, 35.6917061 ], [ -5.8439816, 35.6917884 ], [ -5.8441392, 35.6925306 ], [ -5.8442619, 35.6930687 ], [ -5.8442853, 35.693195 ], [ -5.8442867, 35.6932724 ], [ -5.8442585, 35.6933628 ], [ -5.8441807, 35.6934521 ], [ -5.8440453, 35.6935545 ], [ -5.8438991, 35.693659 ], [ -5.8438334, 35.6937701 ], [ -5.8438079, 35.6938736 ], [ -5.8438347, 35.6939542 ], [ -5.8439112, 35.6940402 ], [ -5.8440748, 35.6941165 ], [ -5.8442639, 35.6941938 ], [ -5.8444516, 35.6942428 ], [ -5.8446555, 35.6942788 ], [ -5.8448245, 35.6942864 ], [ -5.8449693, 35.6942875 ], [ -5.8450994, 35.6943125 ], [ -5.8452442, 35.6943703 ], [ -5.8453247, 35.6945173 ], [ -5.8453944, 35.6946284 ], [ -5.8454695, 35.6946807 ], [ -5.8455634, 35.6947351 ], [ -5.8457136, 35.6947635 ], [ -5.8458799, 35.6947656 ], [ -5.8460328, 35.69477 ], [ -5.8462474, 35.6947504 ], [ -5.8464378, 35.69477 ], [ -5.8466497, 35.6947526 ], [ -5.8469957, 35.694746 ], [ -5.8471835, 35.6947438 ], [ -5.8472827, 35.6947242 ], [ -5.8475295, 35.6947613 ], [ -5.847728, 35.6948157 ], [ -5.8479157, 35.6949116 ], [ -5.8480498, 35.6949421 ], [ -5.8482215, 35.6949944 ], [ -5.8498657, 35.6950989 ], [ -5.8501232, 35.6950946 ], [ -5.8503431, 35.6950423 ], [ -5.8505791, 35.69499 ], [ -5.8511102, 35.6948702 ], [ -5.8513758, 35.6948288 ], [ -5.8515072, 35.6948353 ], [ -5.8516111, 35.6948634 ], [ -5.8522783, 35.6951539 ], [ -5.8529101, 35.6954274 ], [ -5.8538351, 35.6958754 ], [ -5.8539265, 35.6959593 ], [ -5.8540124, 35.6960595 ], [ -5.8541143, 35.6961902 ], [ -5.8542833, 35.6964647 ], [ -5.8544174, 35.6966629 ], [ -5.8545086, 35.6967435 ], [ -5.8546266, 35.6968176 ], [ -5.8548067, 35.6969145 ], [ -5.8551176, 35.6970501 ], [ -5.855752, 35.6973269 ], [ -5.856509, 35.6976571 ], [ -5.8566168, 35.6977041 ], [ -5.8572096, 35.6979764 ], [ -5.8572513, 35.6979933 ], [ -5.8574402, 35.6980701 ], [ -5.857679, 35.6981376 ], [ -5.8577916, 35.6981724 ], [ -5.8579686, 35.6982149 ], [ -5.8582248, 35.6982814 ], [ -5.8586124, 35.6983794 ], [ -5.8590455, 35.6984894 ], [ -5.8592051, 35.6985384 ], [ -5.859417, 35.6986419 ], [ -5.8595645, 35.698729 ], [ -5.8596718, 35.6988074 ], [ -5.860038, 35.6990677 ], [ -5.8602318, 35.6992077 ], [ -5.86106, 35.6997775 ], [ -5.8613166, 35.6999426 ], [ -5.8616582, 35.7001994 ], [ -5.8618337, 35.7004334 ], [ -5.8620531, 35.7007558 ], [ -5.8621215, 35.7008791 ], [ -5.8621797, 35.7010161 ], [ -5.8622688, 35.7013412 ], [ -5.8623219, 35.7016867 ], [ -5.8623795, 35.7021019 ], [ -5.8624239, 35.7026524 ], [ -5.8624629, 35.7027672 ], [ -5.8625268, 35.7028966 ], [ -5.8627399, 35.7031507 ], [ -5.862861, 35.7033369 ], [ -5.8629937, 35.7036102 ], [ -5.8630863, 35.7039445 ], [ -5.8631413, 35.7043037 ], [ -5.8632043, 35.7047962 ], [ -5.863329, 35.7053472 ], [ -5.8634162, 35.7055465 ], [ -5.863549, 35.7057578 ], [ -5.8638172, 35.7060605 ], [ -5.8639526, 35.7061879 ], [ -5.8646129, 35.7068096 ], [ -5.8646642, 35.7068579 ], [ -5.8648069, 35.7069877 ], [ -5.8649263, 35.7070909 ] ], [ [ -5.8413546, 35.6884775 ], [ -5.8414323, 35.6885085 ], [ -5.8415013, 35.6885531 ] ] ] } },
{ "type": "Feature", "properties": { "name": "Iberia-Sania", "Number": "L14" }, "geometry": { "type": "MultiLineString", "coordinates": [ [ [ -5.8214463, 35.7843205 ], [ -5.821225, 35.7843205 ], [ -5.8208214, 35.7843346 ], [ -5.8204351, 35.7843357 ] ], [ [ -5.8193188, 35.7843311 ], [ -5.8198089, 35.7843129 ], [ -5.8201803, 35.7843379 ], [ -5.8204351, 35.7843357 ] ], [ [ -5.8179273, 35.7822599 ], [ -5.8180439, 35.7823937 ], [ -5.8183627, 35.7827755 ], [ -5.8185465, 35.7830636 ], [ -5.8186367, 35.7832173 ], [ -5.8186699, 35.7832725 ], [ -5.8192332, 35.7841883 ], [ -5.8193188, 35.7843311 ] ], [ [ -5.8176427, 35.7819312 ], [ -5.8178146, 35.7821381 ], [ -5.8179273, 35.7822599 ] ], [ [ -5.8170775, 35.7810072 ], [ -5.8171561, 35.7811894 ], [ -5.8171689, 35.7812124 ], [ -5.8172245, 35.7813123 ], [ -5.8173653, 35.7815484 ], [ -5.8174016, 35.7816016 ], [ -5.8175035, 35.7817507 ], [ -5.8176427, 35.7819312 ] ], [ [ -5.8171056, 35.7809608 ], [ -5.8170775, 35.7810072 ] ], [ [ -5.8171056, 35.7809608 ], [ -5.8161394, 35.7808319 ], [ -5.8155145, 35.7807454 ], [ -5.8154299, 35.7807339 ] ], [ [ -5.8154299, 35.7807339 ], [ -5.8144629, 35.7806172 ] ], [ [ -5.8144629, 35.7806172 ], [ -5.8143688, 35.7806102 ], [ -5.8137429, 35.7806216 ], [ -5.8133995, 35.7806442 ] ], [ [ -5.8133995, 35.7806442 ], [ -5.8131905, 35.7806579 ] ], [ [ -5.8131905, 35.7806579 ], [ -5.8131221, 35.7806655 ], [ -5.8130457, 35.7806834 ], [ -5.8129732, 35.7807041 ], [ -5.8129119, 35.7807302 ], [ -5.8127514, 35.7808095 ] ], [ [ -5.8126093, 35.780824 ], [ -5.8125052, 35.7808559 ], [ -5.8123832, 35.7808825 ], [ -5.8122678, 35.7808912 ], [ -5.8121593, 35.7808795 ] ], [ [ -5.8121593, 35.7808795 ], [ -5.811926, 35.7807969 ] ], [ [ -5.811926, 35.7807969 ], [ -5.8114137, 35.7806263 ], [ -5.8113548, 35.7806067 ], [ -5.8104308, 35.7802991 ], [ -5.8103435, 35.78027 ], [ -5.810307, 35.7802578 ], [ -5.8098498, 35.7801071 ], [ -5.8097672, 35.7800781 ], [ -5.8096971, 35.7800547 ], [ -5.8087485, 35.7797389 ], [ -5.8087206, 35.7797282 ], [ -5.8086439, 35.7797012 ], [ -5.8085611, 35.7796576 ], [ -5.8085191, 35.7796136 ], [ -5.808429, 35.7794007 ] ], [ [ -5.808429, 35.7794007 ], [ -5.8083505, 35.7791935 ], [ -5.8083064, 35.7790965 ], [ -5.8082407, 35.7789988 ], [ -5.80822, 35.7789676 ], [ -5.8081583, 35.7789141 ], [ -5.8077639, 35.7786028 ] ], [ [ -5.8077639, 35.7786028 ], [ -5.8075989, 35.7784703 ], [ -5.8072803, 35.7782144 ], [ -5.8069713, 35.7779663 ], [ -5.806869, 35.7778844 ], [ -5.806764, 35.7778145 ], [ -5.8060759, 35.7774809 ], [ -5.8051573, 35.777155 ], [ -5.8043921, 35.7768817 ], [ -5.8042305, 35.776824 ], [ -5.8036217, 35.7766065 ], [ -5.8026472, 35.7762585 ], [ -5.8024846, 35.7762027 ] ], [ [ -5.8024846, 35.7762027 ], [ -5.8023788, 35.7761618 ] ], [ [ -5.8023788, 35.7761618 ], [ -5.8022641, 35.7761172 ], [ -5.8022061, 35.7760947 ], [ -5.800719, 35.775518 ], [ -5.80049, 35.7754139 ] ], [ [ -5.800487, 35.7753859 ], [ -5.8004803, 35.7753659 ], [ -5.800452, 35.7753257 ], [ -5.8004084, 35.7752958 ] ], [ [ -5.8004084, 35.7752958 ], [ -5.8003718, 35.775283 ], [ -5.8003325, 35.7752777 ] ], [ [ -5.8003325, 35.7752777 ], [ -5.8002911, 35.7752805 ], [ -5.8002518, 35.7752916 ], [ -5.8002174, 35.7753102 ], [ -5.8001898, 35.7753353 ] ], [ [ -5.8001898, 35.7753353 ], [ -5.7984243, 35.7746916 ] ], [ [ -5.7982128, 35.7745751 ], [ -5.7981464, 35.7745715 ], [ -5.7981104, 35.77457 ] ], [ [ -5.7973238, 35.7743722 ], [ -5.7971344, 35.7743046 ], [ -5.7964863, 35.7740731 ], [ -5.7960246, 35.7739083 ], [ -5.7956465, 35.7737733 ], [ -5.7941817, 35.7732502 ], [ -5.7940195, 35.7731923 ], [ -5.7916901, 35.7723607 ] ], [ [ -5.7916901, 35.7723607 ], [ -5.7917036, 35.7723082 ], [ -5.7917067, 35.7722546 ] ], [ [ -5.7917067, 35.7722546 ], [ -5.7916414, 35.7720852 ] ], [ [ -5.7916414, 35.7720852 ], [ -5.7915622, 35.7720117 ], [ -5.7914602, 35.7719598 ], [ -5.791344, 35.771934 ], [ -5.7912236, 35.7719366 ], [ -5.7911108, 35.7719586 ] ], [ [ -5.7911108, 35.7719586 ], [ -5.7910423, 35.7720016 ], [ -5.7909846, 35.7720457 ], [ -5.7909383, 35.7720979 ], [ -5.7908979, 35.7721569 ] ], [ [ -5.7908979, 35.7721569 ], [ -5.7908833, 35.772244 ] ], [ [ -5.7908833, 35.772244 ], [ -5.7906103, 35.7722544 ], [ -5.7899608, 35.772266 ] ], [ [ -5.7899608, 35.772266 ], [ -5.7893369, 35.7722848 ] ], [ [ -5.7893369, 35.7722848 ], [ -5.7891477, 35.7722796 ], [ -5.7887352, 35.7722684 ], [ -5.7880223, 35.7722851 ], [ -5.7870762, 35.7723082 ], [ -5.7869867, 35.7723016 ], [ -5.7868718, 35.7722717 ] ], [ [ -5.7868718, 35.7722717 ], [ -5.7868344, 35.7722521 ], [ -5.7867833, 35.772235 ], [ -5.7867232, 35.7722261 ], [ -5.7866599, 35.7722284 ], [ -5.7865987, 35.7722423 ], [ -5.7865428, 35.7722672 ] ], [ [ -5.7865428, 35.7722672 ], [ -5.7865026, 35.7722969 ], [ -5.7864703, 35.7723288 ] ], [ [ -5.7864703, 35.7723288 ], [ -5.7863718, 35.7723443 ], [ -5.7862712, 35.7723571 ], [ -5.7861304, 35.772362 ], [ -5.785886, 35.7723525 ] ], [ [ -5.785886, 35.7723525 ], [ -5.7852693, 35.7723222 ], [ -5.7851505, 35.7723141 ], [ -5.7850439, 35.772295 ], [ -5.7849778, 35.7722785 ], [ -5.7848986, 35.7722485 ], [ -5.7847867, 35.7722046 ] ], [ [ -5.7847867, 35.7722046 ], [ -5.7847588, 35.7721755 ], [ -5.7847249, 35.772151 ], [ -5.7846482, 35.7721203 ], [ -5.7845632, 35.7721127 ] ], [ [ -5.7845632, 35.7721127 ], [ -5.784518, 35.7721223 ] ], [ [ -5.784518, 35.7721223 ], [ -5.7843001, 35.772105 ] ], [ [ -5.7843001, 35.772105 ], [ -5.7841006, 35.7720545 ], [ -5.7839143, 35.771979 ], [ -5.7837304, 35.7718919 ], [ -5.7834397, 35.7717344 ], [ -5.7831667, 35.7716064 ], [ -5.78298, 35.7715235 ], [ -5.7827434, 35.7714509 ], [ -5.7825714, 35.7714272 ] ], [ [ -5.7825714, 35.7714272 ], [ -5.7824274, 35.7713817 ] ], [ [ -5.7805122, 35.770884 ], [ -5.7806209, 35.770894 ], [ -5.780749, 35.7709008 ], [ -5.7808982, 35.770921 ], [ -5.7810432, 35.7709468 ], [ -5.7810843, 35.7709556 ], [ -5.7811718, 35.7709745 ], [ -5.7813244, 35.7710091 ], [ -5.7816176, 35.7710964 ], [ -5.7819621, 35.7712051 ], [ -5.7822785, 35.7713161 ], [ -5.7823658, 35.7713545 ], [ -5.7824274, 35.7713817 ] ], [ [ -5.7799536, 35.7708686 ], [ -5.7805122, 35.770884 ] ], [ [ -5.7753405, 35.7726844 ], [ -5.7757656, 35.7725819 ], [ -5.7763124, 35.7724036 ], [ -5.7765304, 35.7723022 ], [ -5.7767836, 35.7721796 ], [ -5.777342, 35.7718638 ], [ -5.7778786, 35.771531 ], [ -5.7781273, 35.7713872 ], [ -5.7785665, 35.7711968 ], [ -5.7793853, 35.7709296 ], [ -5.7794214, 35.7709257 ], [ -5.7796258, 35.7709062 ], [ -5.7798149, 35.7708831 ], [ -5.7799536, 35.7708686 ] ], [ [ -5.7753405, 35.7726844 ], [ -5.7751345, 35.7726353 ], [ -5.7750451, 35.7726303 ], [ -5.77494, 35.7726302 ] ], [ [ -5.77494, 35.7726302 ], [ -5.7749065, 35.7726083 ], [ -5.774866, 35.7725963 ], [ -5.7748229, 35.7725957 ], [ -5.7747819, 35.7726064 ], [ -5.7747619, 35.7726186 ], [ -5.7747475, 35.7726273 ], [ -5.7747232, 35.7726562 ], [ -5.7747119, 35.77269 ] ], [ [ -5.7747119, 35.77269 ], [ -5.7746391, 35.7727415 ], [ -5.7745436, 35.7727849 ], [ -5.7743923, 35.7728322 ] ], [ [ -5.7708368, 35.7722378 ], [ -5.7711359, 35.7723457 ], [ -5.7714339, 35.7724459 ], [ -5.7716077, 35.772505 ], [ -5.7716758, 35.7725286 ], [ -5.7718638, 35.7725858 ], [ -5.7720067, 35.7726245 ], [ -5.7721539, 35.7726636 ], [ -5.7722794, 35.7726988 ], [ -5.7724957, 35.772741 ], [ -5.7727356, 35.7727823 ], [ -5.7730838, 35.7728229 ], [ -5.7732901, 35.7728443 ], [ -5.7734955, 35.7728575 ], [ -5.7737246, 35.7728679 ], [ -5.773948, 35.772869 ], [ -5.7741372, 35.7728634 ], [ -5.7743923, 35.7728322 ] ], [ [ -5.7686676, 35.7716288 ], [ -5.7689795, 35.7716683 ], [ -5.7690322, 35.7716765 ], [ -5.7691389, 35.7716935 ], [ -5.7692645, 35.7717222 ], [ -5.7695076, 35.7718029 ], [ -5.7696846, 35.7718523 ], [ -5.7697406, 35.7718679 ], [ -5.7700492, 35.77196 ], [ -5.770435, 35.7720944 ], [ -5.7708368, 35.7722378 ] ], [ [ -5.7669717, 35.7715715 ], [ -5.7680118, 35.7715789 ], [ -5.7680685, 35.7715772 ], [ -5.7686676, 35.7716288 ] ], [ [ -5.7615593, 35.7689603 ], [ -5.7620488, 35.7689899 ], [ -5.7623351, 35.7690408 ], [ -5.7624362, 35.7690672 ], [ -5.7628337, 35.7692545 ], [ -5.7629849, 35.7693458 ], [ -5.7630479, 35.7693877 ], [ -5.763115, 35.7694399 ], [ -5.7632022, 35.7695107 ], [ -5.7632867, 35.7695868 ], [ -5.7633966, 35.7696984 ], [ -5.7635997, 35.769917 ], [ -5.7636371, 35.7699572 ], [ -5.7645647, 35.7709552 ], [ -5.7646854, 35.7710662 ], [ -5.7647833, 35.771138 ], [ -5.7649, 35.7712098 ], [ -5.7650435, 35.771286 ], [ -5.7652313, 35.7713718 ], [ -5.7653573, 35.7714198 ], [ -5.7654968, 35.7714601 ], [ -5.7657085, 35.7715223 ], [ -5.7658379, 35.7715529 ], [ -5.7659673, 35.7715696 ], [ -5.7661197, 35.7715808 ], [ -5.7669717, 35.7715715 ] ], [ [ -5.7615593, 35.7689603 ], [ -5.7611239, 35.7689091 ] ], [ [ -5.7611239, 35.7689091 ], [ -5.7610751, 35.7688981 ], [ -5.7610247, 35.768902 ], [ -5.7609813, 35.7689192 ], [ -5.7609477, 35.7689474 ], [ -5.7609315, 35.7689738 ] ], [ [ -5.7609315, 35.7689738 ], [ -5.7607837, 35.7690923 ] ], [ [ -5.7606693, 35.7691287 ], [ -5.7607837, 35.7690923 ] ], [ [ -5.7604872, 35.7692048 ], [ -5.7606693, 35.7691287 ] ], [ [ -5.7593089, 35.7706777 ], [ -5.7593827, 35.7703034 ], [ -5.7594126, 35.7702091 ], [ -5.7594417, 35.7701173 ], [ -5.7596563, 35.7697669 ], [ -5.7598615, 35.7695646 ], [ -5.7601495, 35.7693672 ], [ -5.7603019, 35.7692867 ], [ -5.7604872, 35.7692048 ] ], [ [ -5.7623268, 35.777534 ], [ -5.7624119, 35.777247 ], [ -5.7624701, 35.7769674 ], [ -5.7625264, 35.7766527 ], [ -5.7625428, 35.7763479 ], [ -5.7625304, 35.7760307 ], [ -5.7624916, 35.7757583 ], [ -5.762424, 35.7754834 ], [ -5.7623575, 35.7752113 ], [ -5.7622277, 35.774908 ], [ -5.7620176, 35.7745211 ], [ -5.761862, 35.7742781 ], [ -5.7613399, 35.7736314 ], [ -5.7610046, 35.7732498 ], [ -5.7602675, 35.7724141 ], [ -5.7596891, 35.7717323 ], [ -5.7595356, 35.771509 ], [ -5.7594819, 35.77141 ], [ -5.7593693, 35.7711119 ], [ -5.7593103, 35.770817 ], [ -5.7593089, 35.7706777 ] ], [ [ -5.7623268, 35.777534 ], [ -5.7622844, 35.7776055 ], [ -5.7622353, 35.7776742 ], [ -5.7621797, 35.7777394 ], [ -5.7621179, 35.777801 ], [ -5.7620551, 35.7778623 ] ], [ [ -5.7620551, 35.7778623 ], [ -5.7620309, 35.7778864 ], [ -5.7620145, 35.7779145 ], [ -5.7620068, 35.777945 ], [ -5.7620083, 35.777976 ], [ -5.7620189, 35.7780059 ] ], [ [ -5.7620189, 35.7780059 ], [ -5.7620066, 35.7781088 ], [ -5.7619998, 35.7782117 ], [ -5.7619979, 35.7783148 ] ], [ [ -5.7593076, 35.7827386 ], [ -5.7595235, 35.7826614 ], [ -5.7598212, 35.782459 ], [ -5.7600573, 35.7821914 ], [ -5.7601753, 35.7820227 ], [ -5.7602052, 35.7819712 ], [ -5.7603483, 35.7817246 ], [ -5.7604126, 35.7815902 ], [ -5.7604529, 35.7814962 ], [ -5.7605071, 35.7813849 ], [ -5.7616226, 35.7790952 ], [ -5.7616407, 35.7790529 ], [ -5.7617189, 35.7788708 ], [ -5.761849, 35.7786402 ], [ -5.7618862, 35.7785557 ], [ -5.7619979, 35.7783148 ] ], [ [ -5.7593076, 35.7827386 ], [ -5.7590756, 35.7826081 ], [ -5.7589267, 35.7825188 ], [ -5.7588557, 35.7824546 ], [ -5.7587805, 35.7823938 ], [ -5.7587544, 35.782308 ], [ -5.7587805, 35.7821794 ], [ -5.7588349, 35.7820309 ], [ -5.7588952, 35.7818903 ], [ -5.7589227, 35.7818062 ], [ -5.7588865, 35.7816811 ], [ -5.758739, 35.7814418 ], [ -5.7585781, 35.7810882 ], [ -5.7585177, 35.7809347 ], [ -5.7584547, 35.7806377 ], [ -5.7584144, 35.7803951 ], [ -5.7583622, 35.7802254 ], [ -5.7582883, 35.7801123 ], [ -5.7582312, 35.7800406 ], [ -5.7581315, 35.779962 ], [ -5.7579445, 35.779904 ], [ -5.757616, 35.7798018 ], [ -5.7570514, 35.7796044 ], [ -5.7568561, 35.7795316 ], [ -5.7566312, 35.7794373 ], [ -5.7564222, 35.7793621 ], [ -5.7562029, 35.7793088 ] ], [ [ -5.7562029, 35.7793088 ], [ -5.7560916, 35.7793311 ], [ -5.7560246, 35.7793572 ], [ -5.7559215, 35.7794041 ], [ -5.7558207, 35.7794431 ], [ -5.755701, 35.7794831 ], [ -5.7553082, 35.7796046 ], [ -5.7552025, 35.779615 ], [ -5.7550621, 35.7796158 ], [ -5.7548298, 35.779555 ], [ -5.7545022, 35.7794493 ], [ -5.754438, 35.7794094 ], [ -5.7543724, 35.7793462 ], [ -5.7543218, 35.7792696 ], [ -5.7542967, 35.7791926 ], [ -5.7543073, 35.7788391 ], [ -5.754321, 35.7787503 ], [ -5.7543616, 35.7784509 ], [ -5.7543522, 35.778403 ], [ -5.7543345, 35.7783433 ], [ -5.7542481, 35.7781902 ], [ -5.7541548, 35.7780628 ], [ -5.7538675, 35.7776704 ], [ -5.7537012, 35.7774531 ], [ -5.7534862, 35.7771908 ], [ -5.753292, 35.7770814 ], [ -5.7524097, 35.7767134 ], [ -5.7521313, 35.7765849 ], [ -5.7518347, 35.7764234 ], [ -5.7514667, 35.7761816 ], [ -5.7513777, 35.7761225 ], [ -5.7511656, 35.7759373 ], [ -5.7509304, 35.7757229 ], [ -5.7506782, 35.7755463 ], [ -5.7504627, 35.7753625 ], [ -5.7502316, 35.7752184 ], [ -5.7499198, 35.775062 ] ], [ [ -5.7499198, 35.775062 ], [ -5.7493056, 35.7748582 ], [ -5.7490079, 35.7747668 ], [ -5.7487907, 35.7746786 ], [ -5.7486552, 35.7745905 ], [ -5.7483794, 35.7744429 ], [ -5.7482851, 35.7743925 ], [ -5.7481536, 35.7743326 ], [ -5.7480611, 35.7742978 ], [ -5.7479458, 35.7742728 ], [ -5.7478237, 35.7742662 ], [ -5.7476693, 35.7742727 ], [ -5.7475904, 35.774276 ], [ -5.7472363, 35.7743185 ], [ -5.7470231, 35.7743729 ], [ -5.7467817, 35.774461 ], [ -5.746669, 35.7745296 ], [ -5.7463767, 35.7747461 ], [ -5.7462251, 35.7748266 ], [ -5.7461031, 35.7748832 ], [ -5.7459314, 35.7749322 ], [ -5.7457262, 35.7749615 ], [ -5.7454902, 35.7749267 ], [ -5.7451026, 35.7748549 ], [ -5.7446346, 35.7747613 ], [ -5.7444518, 35.7747194 ], [ -5.7441223, 35.7746438 ], [ -5.7438165, 35.7745655 ], [ -5.7436153, 35.7745089 ], [ -5.7433739, 35.7744305 ], [ -5.7431754, 35.7743653 ], [ -5.7430648, 35.7743315 ], [ -5.7429475, 35.7742994 ], [ -5.7427101, 35.774238 ], [ -5.7424553, 35.7741901 ], [ -5.742285, 35.7741683 ], [ -5.742128, 35.7741509 ] ], [ [ -5.8125786, 35.7809005 ], [ -5.8125896, 35.7809286 ], [ -5.8126111, 35.7809524 ], [ -5.8126401, 35.7809691 ], [ -5.8126514, 35.7809721 ], [ -5.8126756, 35.7809781 ], [ -5.8127119, 35.7809772 ], [ -5.8127478, 35.7809663 ], [ -5.8127747, 35.7809479 ], [ -5.8127771, 35.7809463 ], [ -5.8127965, 35.7809195 ], [ -5.8128015, 35.7808987 ], [ -5.8128039, 35.780889 ], [ -5.8127982, 35.7808583 ], [ -5.8127803, 35.7808309 ], [ -5.8127514, 35.7808095 ], [ -5.8127169, 35.7807976 ], [ -5.8126787, 35.7807956 ], [ -5.8126482, 35.7808023 ], [ -5.8126436, 35.7808034 ], [ -5.8126134, 35.7808197 ], [ -5.8126093, 35.780824 ], [ -5.8125911, 35.7808431 ], [ -5.8125791, 35.7808709 ], [ -5.8125786, 35.7809005 ] ] ] } },
{ "type": "Feature", "properties": { "name": "Sania-Iberia", "Number": "L14" }, "geometry": { "type": "MultiLineString", "coordinates": [ [ [ -5.7499198, 35.775062 ], [ -5.7493056, 35.7748582 ], [ -5.7490079, 35.7747668 ], [ -5.7487907, 35.7746786 ], [ -5.7486552, 35.7745905 ], [ -5.7483794, 35.7744429 ], [ -5.7482851, 35.7743925 ], [ -5.7481536, 35.7743326 ], [ -5.7480611, 35.7742978 ], [ -5.7479458, 35.7742728 ], [ -5.7478237, 35.7742662 ], [ -5.7476693, 35.7742727 ], [ -5.7475904, 35.774276 ], [ -5.7472363, 35.7743185 ], [ -5.7470231, 35.7743729 ], [ -5.7467817, 35.774461 ], [ -5.746669, 35.7745296 ], [ -5.7463767, 35.7747461 ], [ -5.7462251, 35.7748266 ], [ -5.7461031, 35.7748832 ], [ -5.7459314, 35.7749322 ], [ -5.7457262, 35.7749615 ], [ -5.7454902, 35.7749267 ], [ -5.7451026, 35.7748549 ], [ -5.7446346, 35.7747613 ], [ -5.7444518, 35.7747194 ], [ -5.7441223, 35.7746438 ], [ -5.7438165, 35.7745655 ], [ -5.7436153, 35.7745089 ], [ -5.7433739, 35.7744305 ], [ -5.7431754, 35.7743653 ], [ -5.7430648, 35.7743315 ], [ -5.7429475, 35.7742994 ], [ -5.7427101, 35.774238 ], [ -5.7424553, 35.7741901 ], [ -5.742285, 35.7741683 ], [ -5.742128, 35.7741509 ] ], [ [ -5.7562029, 35.7793088 ], [ -5.7560916, 35.7793311 ], [ -5.7560246, 35.7793572 ], [ -5.7559215, 35.7794041 ], [ -5.7558207, 35.7794431 ], [ -5.755701, 35.7794831 ], [ -5.7553082, 35.7796046 ], [ -5.7552025, 35.779615 ], [ -5.7550621, 35.7796158 ], [ -5.7548298, 35.779555 ], [ -5.7545022, 35.7794493 ], [ -5.754438, 35.7794094 ], [ -5.7543724, 35.7793462 ], [ -5.7543218, 35.7792696 ], [ -5.7542967, 35.7791926 ], [ -5.7543073, 35.7788391 ], [ -5.754321, 35.7787503 ], [ -5.7543616, 35.7784509 ], [ -5.7543522, 35.778403 ], [ -5.7543345, 35.7783433 ], [ -5.7542481, 35.7781902 ], [ -5.7541548, 35.7780628 ], [ -5.7538675, 35.7776704 ], [ -5.7537012, 35.7774531 ], [ -5.7534862, 35.7771908 ], [ -5.753292, 35.7770814 ], [ -5.7524097, 35.7767134 ], [ -5.7521313, 35.7765849 ], [ -5.7518347, 35.7764234 ], [ -5.7514667, 35.7761816 ], [ -5.7513777, 35.7761225 ], [ -5.7511656, 35.7759373 ], [ -5.7509304, 35.7757229 ], [ -5.7506782, 35.7755463 ], [ -5.7504627, 35.7753625 ], [ -5.7502316, 35.7752184 ], [ -5.7499198, 35.775062 ] ], [ [ -5.7593076, 35.7827386 ], [ -5.7590756, 35.7826081 ], [ -5.7589267, 35.7825188 ], [ -5.7588557, 35.7824546 ], [ -5.7587805, 35.7823938 ], [ -5.7587544, 35.782308 ], [ -5.7587805, 35.7821794 ], [ -5.7588349, 35.7820309 ], [ -5.7588952, 35.7818903 ], [ -5.7589227, 35.7818062 ], [ -5.7588865, 35.7816811 ], [ -5.758739, 35.7814418 ], [ -5.7585781, 35.7810882 ], [ -5.7585177, 35.7809347 ], [ -5.7584547, 35.7806377 ], [ -5.7584144, 35.7803951 ], [ -5.7583622, 35.7802254 ], [ -5.7582883, 35.7801123 ], [ -5.7582312, 35.7800406 ], [ -5.7581315, 35.779962 ], [ -5.7579445, 35.779904 ], [ -5.757616, 35.7798018 ], [ -5.7570514, 35.7796044 ], [ -5.7568561, 35.7795316 ], [ -5.7566312, 35.7794373 ], [ -5.7564222, 35.7793621 ], [ -5.7562029, 35.7793088 ] ], [ [ -5.7593076, 35.7827386 ], [ -5.7595235, 35.7826614 ], [ -5.7598212, 35.782459 ], [ -5.7600573, 35.7821914 ], [ -5.7601753, 35.7820227 ], [ -5.7602052, 35.7819712 ], [ -5.7603483, 35.7817246 ], [ -5.7604126, 35.7815902 ], [ -5.7604529, 35.7814962 ], [ -5.7605071, 35.7813849 ], [ -5.7616226, 35.7790952 ], [ -5.7616407, 35.7790529 ], [ -5.7617189, 35.7788708 ], [ -5.761849, 35.7786402 ], [ -5.7618862, 35.7785557 ], [ -5.7619979, 35.7783148 ] ], [ [ -5.7619979, 35.7783148 ], [ -5.7620582, 35.7782603 ], [ -5.7621145, 35.7782029 ], [ -5.7621664, 35.7781429 ], [ -5.7622132, 35.7780787 ] ], [ [ -5.7622132, 35.7780787 ], [ -5.7622501, 35.7780649 ], [ -5.7622795, 35.7780457 ], [ -5.7623024, 35.7780214 ], [ -5.7623177, 35.7779934 ], [ -5.7623265, 35.7779421 ], [ -5.762322, 35.7779314 ], [ -5.76231, 35.777901 ] ], [ [ -5.76231, 35.777901 ], [ -5.7623057, 35.7778395 ], [ -5.7623035, 35.7777785 ], [ -5.762305, 35.7777175 ], [ -5.7623104, 35.7776567 ], [ -5.7623196, 35.7775961 ], [ -5.7623268, 35.777534 ] ], [ [ -5.7623268, 35.777534 ], [ -5.7624119, 35.777247 ], [ -5.7624701, 35.7769674 ], [ -5.7625264, 35.7766527 ], [ -5.7625428, 35.7763479 ], [ -5.7625304, 35.7760307 ], [ -5.7624916, 35.7757583 ], [ -5.762424, 35.7754834 ], [ -5.7623575, 35.7752113 ], [ -5.7622277, 35.774908 ], [ -5.7620176, 35.7745211 ], [ -5.761862, 35.7742781 ], [ -5.7613399, 35.7736314 ], [ -5.7610046, 35.7732498 ], [ -5.7602675, 35.7724141 ], [ -5.7596891, 35.7717323 ], [ -5.7595356, 35.771509 ], [ -5.7594819, 35.77141 ], [ -5.7593693, 35.7711119 ], [ -5.7593103, 35.770817 ], [ -5.7593089, 35.7706777 ] ], [ [ -5.7593089, 35.7706777 ], [ -5.7593827, 35.7703034 ], [ -5.7594126, 35.7702091 ], [ -5.7594417, 35.7701173 ], [ -5.7596563, 35.7697669 ], [ -5.7598615, 35.7695646 ], [ -5.7601495, 35.7693672 ], [ -5.7603019, 35.7692867 ], [ -5.7604872, 35.7692048 ] ], [ [ -5.7604872, 35.7692048 ], [ -5.7606693, 35.7691287 ] ], [ [ -5.7606693, 35.7691287 ], [ -5.7607837, 35.7690923 ] ], [ [ -5.7607837, 35.7690923 ], [ -5.7609987, 35.7691103 ] ], [ [ -5.7609987, 35.7691103 ], [ -5.7610493, 35.7691225 ], [ -5.7611019, 35.7691185 ], [ -5.7611489, 35.7690988 ], [ -5.7611834, 35.7690664 ] ], [ [ -5.7611834, 35.7690664 ], [ -5.7615593, 35.7689603 ] ], [ [ -5.7615593, 35.7689603 ], [ -5.7620488, 35.7689899 ], [ -5.7623351, 35.7690408 ], [ -5.7624362, 35.7690672 ], [ -5.7628337, 35.7692545 ], [ -5.7629849, 35.7693458 ], [ -5.7630479, 35.7693877 ], [ -5.763115, 35.7694399 ], [ -5.7632022, 35.7695107 ], [ -5.7632867, 35.7695868 ], [ -5.7633966, 35.7696984 ], [ -5.7635997, 35.769917 ], [ -5.7636371, 35.7699572 ], [ -5.7645647, 35.7709552 ], [ -5.7646854, 35.7710662 ], [ -5.7647833, 35.771138 ], [ -5.7649, 35.7712098 ], [ -5.7650435, 35.771286 ], [ -5.7652313, 35.7713718 ], [ -5.7653573, 35.7714198 ], [ -5.7654968, 35.7714601 ], [ -5.7657085, 35.7715223 ], [ -5.7658379, 35.7715529 ], [ -5.7659673, 35.7715696 ], [ -5.7661197, 35.7715808 ], [ -5.7669717, 35.7715715 ] ], [ [ -5.7669717, 35.7715715 ], [ -5.7680118, 35.7715789 ], [ -5.7680685, 35.7715772 ], [ -5.7686676, 35.7716288 ] ], [ [ -5.7686676, 35.7716288 ], [ -5.7689795, 35.7716683 ], [ -5.7690322, 35.7716765 ], [ -5.7691389, 35.7716935 ], [ -5.7692645, 35.7717222 ], [ -5.7695076, 35.7718029 ], [ -5.7696846, 35.7718523 ], [ -5.7697406, 35.7718679 ], [ -5.7700492, 35.77196 ], [ -5.770435, 35.7720944 ], [ -5.7708368, 35.7722378 ] ], [ [ -5.7708368, 35.7722378 ], [ -5.7711359, 35.7723457 ], [ -5.7714339, 35.7724459 ], [ -5.7716077, 35.772505 ], [ -5.7716758, 35.7725286 ], [ -5.7718638, 35.7725858 ], [ -5.7720067, 35.7726245 ], [ -5.7721539, 35.7726636 ], [ -5.7722794, 35.7726988 ], [ -5.7724957, 35.772741 ], [ -5.7727356, 35.7727823 ], [ -5.7730838, 35.7728229 ], [ -5.7732901, 35.7728443 ], [ -5.7734955, 35.7728575 ], [ -5.7737246, 35.7728679 ], [ -5.773948, 35.772869 ], [ -5.7741372, 35.7728634 ], [ -5.7743923, 35.7728322 ] ], [ [ -5.7743923, 35.7728322 ], [ -5.7744924, 35.7728284 ], [ -5.7746453, 35.772816 ], [ -5.7747765, 35.7727909 ] ], [ [ -5.7747765, 35.7727909 ], [ -5.7747973, 35.7728005 ], [ -5.7748075, 35.772802 ], [ -5.7748396, 35.7728069 ], [ -5.7748822, 35.7728017 ], [ -5.7749205, 35.7727857 ] ], [ [ -5.7749205, 35.7727857 ], [ -5.7750658, 35.7727473 ], [ -5.7752187, 35.7727161 ], [ -5.7753405, 35.7726844 ] ], [ [ -5.7753405, 35.7726844 ], [ -5.7757656, 35.7725819 ], [ -5.7763124, 35.7724036 ], [ -5.7765304, 35.7723022 ], [ -5.7767836, 35.7721796 ], [ -5.777342, 35.7718638 ], [ -5.7778786, 35.771531 ], [ -5.7781273, 35.7713872 ], [ -5.7785665, 35.7711968 ], [ -5.7793853, 35.7709296 ], [ -5.7794214, 35.7709257 ], [ -5.7796258, 35.7709062 ], [ -5.7798149, 35.7708831 ], [ -5.7799536, 35.7708686 ] ], [ [ -5.7799536, 35.7708686 ], [ -5.7805122, 35.770884 ] ], [ [ -5.7805122, 35.770884 ], [ -5.7806209, 35.770894 ], [ -5.780749, 35.7709008 ], [ -5.7808982, 35.770921 ], [ -5.7810432, 35.7709468 ], [ -5.7810843, 35.7709556 ], [ -5.7811718, 35.7709745 ], [ -5.7813244, 35.7710091 ], [ -5.7816176, 35.7710964 ], [ -5.7819621, 35.7712051 ], [ -5.7822785, 35.7713161 ], [ -5.7823658, 35.7713545 ], [ -5.7824274, 35.7713817 ] ], [ [ -5.7824274, 35.7713817 ], [ -5.7825439, 35.7714663 ] ], [ [ -5.7825439, 35.7714663 ], [ -5.7826052, 35.7715354 ], [ -5.7828347, 35.7716793 ], [ -5.7830016, 35.7717794 ], [ -5.783101, 35.7718462 ], [ -5.783284, 35.7719543 ], [ -5.7834779, 35.7720575 ], [ -5.7837488, 35.7721839 ] ], [ [ -5.7837488, 35.7721839 ], [ -5.7839051, 35.7722448 ], [ -5.7840332, 35.7722925 ], [ -5.7841754, 35.7723406 ], [ -5.7843362, 35.772389 ] ], [ [ -5.7843362, 35.772389 ], [ -5.7843487, 35.7724145 ] ], [ [ -5.7843487, 35.7724145 ], [ -5.7843894, 35.7724637 ], [ -5.7844456, 35.7725014 ], [ -5.7845002, 35.7725217 ], [ -5.784559, 35.7725312 ], [ -5.784619, 35.7725293 ] ], [ [ -5.784619, 35.7725293 ], [ -5.7846645, 35.7725212 ], [ -5.7847066, 35.7725051 ], [ -5.7847434, 35.772482 ] ], [ [ -5.7847434, 35.772482 ], [ -5.7848836, 35.7724725 ], [ -5.7849685, 35.7724704 ], [ -5.7850292, 35.7724741 ], [ -5.7861169, 35.7725417 ], [ -5.7861773, 35.7725454 ], [ -5.7863294, 35.7725647 ], [ -5.786547, 35.7726356 ] ], [ [ -5.786547, 35.7726356 ], [ -5.7866053, 35.7726592 ], [ -5.7866685, 35.7726717 ], [ -5.7867601, 35.7726696 ], [ -5.7868464, 35.7726446 ], [ -5.786919, 35.7725993 ], [ -5.78694, 35.7725741 ] ], [ [ -5.78694, 35.7725741 ], [ -5.7870188, 35.7725705 ], [ -5.7870921, 35.7725616 ], [ -5.7873678, 35.7725485 ] ], [ [ -5.7873678, 35.7725485 ], [ -5.7880037, 35.7725192 ], [ -5.7887851, 35.77246 ], [ -5.789357, 35.7723756 ] ], [ [ -5.789357, 35.7723756 ], [ -5.7894474, 35.7723719 ], [ -5.7897789, 35.7723645 ], [ -5.7901036, 35.7723553 ], [ -5.7906077, 35.7723465 ], [ -5.7908955, 35.7723499 ] ], [ [ -5.7908955, 35.7723499 ], [ -5.7909545, 35.7724552 ], [ -5.7910542, 35.7725379 ], [ -5.7911545, 35.7725807 ], [ -5.7913027, 35.7726006 ], [ -5.7914498, 35.7725761 ], [ -5.7915486, 35.7725296 ], [ -5.791628, 35.772463 ] ], [ [ -5.791628, 35.772463 ], [ -5.7918432, 35.7725181 ], [ -5.7927419, 35.7728364 ], [ -5.793982, 35.7732755 ], [ -5.7941396, 35.7733313 ], [ -5.7960168, 35.7739961 ], [ -5.7960334, 35.7740019 ], [ -5.7970992, 35.7743794 ], [ -5.7971815, 35.7744204 ], [ -5.7972176, 35.7744535 ] ], [ [ -5.797483, 35.7745461 ], [ -5.7976065, 35.774551 ], [ -5.7976508, 35.7745527 ], [ -5.797686, 35.7745589 ], [ -5.7979451, 35.7746247 ], [ -5.7981233, 35.7746726 ], [ -5.7981617, 35.7746808 ] ], [ [ -5.7983597, 35.7747567 ], [ -5.7998545, 35.7752853 ], [ -5.8001623, 35.775393 ] ], [ [ -5.8001623, 35.775393 ], [ -5.8001611, 35.7754195 ], [ -5.8001664, 35.7754458 ], [ -5.8001778, 35.7754703 ], [ -5.8001949, 35.7754926 ], [ -5.8002332, 35.7755218 ], [ -5.8002809, 35.7755397 ], [ -5.800317, 35.7755445 ], [ -5.8003536, 35.7755427 ], [ -5.8003888, 35.7755344 ], [ -5.8004485, 35.7754997 ] ], [ [ -5.8004485, 35.7754997 ], [ -5.8008316, 35.7756331 ], [ -5.8014826, 35.7758783 ], [ -5.8021919, 35.7761455 ], [ -5.802383, 35.7762159 ] ], [ [ -5.802383, 35.7762159 ], [ -5.8024902, 35.7762592 ] ], [ [ -5.8024902, 35.7762592 ], [ -5.8026252, 35.7763064 ], [ -5.803601, 35.776653 ], [ -5.8042092, 35.7768689 ], [ -5.8043646, 35.7769241 ], [ -5.8051694, 35.7772099 ], [ -5.8051985, 35.7772204 ], [ -5.8054597, 35.7773149 ], [ -5.8060534, 35.7775297 ], [ -5.8067147, 35.7778632 ], [ -5.8068049, 35.7779117 ], [ -5.8069279, 35.7780005 ], [ -5.8073797, 35.7783716 ], [ -5.8075164, 35.7784839 ], [ -5.8077125, 35.778645 ] ], [ [ -5.8077125, 35.778645 ], [ -5.8081924, 35.7790253 ], [ -5.8082862, 35.7792006 ], [ -5.8084062, 35.7795015 ], [ -5.8084637, 35.7796327 ], [ -5.8085006, 35.7796901 ], [ -5.8085686, 35.7797331 ], [ -5.8087146, 35.7797825 ], [ -5.8097626, 35.7801291 ], [ -5.8098282, 35.7801508 ], [ -5.8102839, 35.7803016 ], [ -5.8103187, 35.780313 ], [ -5.8104088, 35.7803429 ], [ -5.8113865, 35.7806662 ], [ -5.8121752, 35.7809271 ] ], [ [ -5.8121752, 35.7809271 ], [ -5.812256, 35.7809481 ], [ -5.8123737, 35.7809788 ] ], [ [ -5.8123737, 35.7809788 ], [ -5.8124268, 35.7809843 ], [ -5.8124803, 35.7809859 ], [ -5.8125588, 35.780981 ], [ -5.8126401, 35.7809691 ] ], [ [ -5.8128015, 35.7808987 ], [ -5.8128646, 35.7808722 ], [ -5.8129612, 35.7808319 ], [ -5.8129913, 35.7808212 ], [ -5.8132096, 35.7807435 ] ], [ [ -5.8132096, 35.7807435 ], [ -5.8133096, 35.7807203 ], [ -5.8134451, 35.7806933 ], [ -5.8135547, 35.7806797 ], [ -5.8137716, 35.7806671 ], [ -5.8139638, 35.7806597 ], [ -5.814144, 35.7806579 ], [ -5.8143868, 35.7806602 ], [ -5.8144605, 35.7806655 ] ], [ [ -5.8144605, 35.7806655 ], [ -5.8146114, 35.7806843 ], [ -5.8152504, 35.7807636 ], [ -5.8154278, 35.7807856 ] ], [ [ -5.8154278, 35.7807856 ], [ -5.8155062, 35.7807961 ], [ -5.8155643, 35.7808039 ], [ -5.8161103, 35.7808773 ], [ -5.8161298, 35.7808799 ], [ -5.816444, 35.7809221 ], [ -5.8168223, 35.7809729 ], [ -5.8168763, 35.7809802 ], [ -5.8170775, 35.7810072 ] ], [ [ -5.8170775, 35.7810072 ], [ -5.8171561, 35.7811894 ], [ -5.8171689, 35.7812124 ], [ -5.8172245, 35.7813123 ], [ -5.8173653, 35.7815484 ], [ -5.8174016, 35.7816016 ], [ -5.8175035, 35.7817507 ], [ -5.8176427, 35.7819312 ] ], [ [ -5.8176427, 35.7819312 ], [ -5.8178146, 35.7821381 ], [ -5.8179273, 35.7822599 ] ], [ [ -5.8179273, 35.7822599 ], [ -5.8180647, 35.7822135 ], [ -5.81817, 35.7821642 ], [ -5.8184664, 35.7820467 ] ], [ [ -5.8184664, 35.7820467 ], [ -5.8187936, 35.7819237 ], [ -5.8190793, 35.7818193 ], [ -5.8192858, 35.7817453 ], [ -5.8194628, 35.7816844 ], [ -5.8197727, 35.7816119 ] ], [ [ -5.8197727, 35.7816119 ], [ -5.820126, 35.7815246 ], [ -5.8202972, 35.781477 ] ], [ [ -5.8202972, 35.781477 ], [ -5.8204517, 35.7814671 ], [ -5.820613, 35.7814561 ] ], [ [ -5.820613, 35.7814561 ], [ -5.8206459, 35.7814899 ], [ -5.8206898, 35.7815139 ], [ -5.8207406, 35.7815261 ] ], [ [ -5.8207406, 35.7815261 ], [ -5.8207689, 35.7816701 ], [ -5.8208817, 35.7819711 ], [ -5.8210239, 35.782273 ], [ -5.8211077, 35.7825047 ], [ -5.821225, 35.7827511 ], [ -5.821327, 35.7829176 ], [ -5.8213517, 35.7829582 ], [ -5.8213846, 35.7830122 ], [ -5.8215141, 35.7831651 ], [ -5.821669, 35.7833337 ], [ -5.821852, 35.7834909 ], [ -5.8220499, 35.7836308 ], [ -5.8224043, 35.7838793 ], [ -5.8227539, 35.7841105 ], [ -5.8229141, 35.7842188 ] ], [ [ -5.8125786, 35.7809005 ], [ -5.8125896, 35.7809286 ], [ -5.8126111, 35.7809524 ], [ -5.8126401, 35.7809691 ], [ -5.8126514, 35.7809721 ], [ -5.8126756, 35.7809781 ], [ -5.8127119, 35.7809772 ], [ -5.8127478, 35.7809663 ], [ -5.8127747, 35.7809479 ], [ -5.8127771, 35.7809463 ], [ -5.8127965, 35.7809195 ], [ -5.8128015, 35.7808987 ], [ -5.8128039, 35.780889 ], [ -5.8127982, 35.7808583 ], [ -5.8127803, 35.7808309 ], [ -5.8127514, 35.7808095 ], [ -5.8127169, 35.7807976 ], [ -5.8126787, 35.7807956 ], [ -5.8126482, 35.7808023 ], [ -5.8126436, 35.7808034 ], [ -5.8126134, 35.7808197 ], [ -5.8126093, 35.780824 ], [ -5.8125911, 35.7808431 ], [ -5.8125791, 35.7808709 ], [ -5.8125786, 35.7809005 ] ] ] } },
{ "type": "Feature", "properties": { "name": "LI9 Sidi Hssain-Gare Ferroviaire", "Number": "LI9" }, "geometry": { "type": "MultiLineString", "coordinates": [ [ [ -5.8413546, 35.6884775 ], [ -5.8414323, 35.6885085 ], [ -5.8415013, 35.6885531 ] ], [ [ -5.8415013, 35.6885531 ], [ -5.8415877, 35.6886278 ], [ -5.8420618, 35.6892379 ], [ -5.8425436, 35.6898111 ], [ -5.8426452, 35.689922 ], [ -5.8429778, 35.6903402 ], [ -5.8433412, 35.6907738 ], [ -5.8434203, 35.6908751 ], [ -5.8434807, 35.6909535 ], [ -5.8436953, 35.6912432 ], [ -5.8439219, 35.6916244 ], [ -5.8439527, 35.6917061 ], [ -5.8439816, 35.6917884 ], [ -5.8441392, 35.6925306 ], [ -5.8442619, 35.6930687 ], [ -5.8442853, 35.693195 ], [ -5.8442867, 35.6932724 ], [ -5.8442585, 35.6933628 ], [ -5.8441807, 35.6934521 ], [ -5.8440453, 35.6935545 ], [ -5.8438991, 35.693659 ], [ -5.8438334, 35.6937701 ], [ -5.8438079, 35.6938736 ], [ -5.8438347, 35.6939542 ], [ -5.8439112, 35.6940402 ], [ -5.8440748, 35.6941165 ], [ -5.8442639, 35.6941938 ], [ -5.8444516, 35.6942428 ], [ -5.8446555, 35.6942788 ], [ -5.8448245, 35.6942864 ], [ -5.8449693, 35.6942875 ], [ -5.8450994, 35.6943125 ], [ -5.8452442, 35.6943703 ], [ -5.8453247, 35.6945173 ], [ -5.8453944, 35.6946284 ], [ -5.8454695, 35.6946807 ], [ -5.8455634, 35.6947351 ], [ -5.8457136, 35.6947635 ], [ -5.8458799, 35.6947656 ], [ -5.8460328, 35.69477 ], [ -5.8462474, 35.6947504 ], [ -5.8464378, 35.69477 ], [ -5.8466497, 35.6947526 ], [ -5.8469957, 35.694746 ], [ -5.8471835, 35.6947438 ], [ -5.8472827, 35.6947242 ], [ -5.8475295, 35.6947613 ], [ -5.847728, 35.6948157 ], [ -5.8479157, 35.6949116 ], [ -5.8480498, 35.6949421 ], [ -5.8482215, 35.6949944 ], [ -5.8498657, 35.6950989 ], [ -5.8501232, 35.6950946 ], [ -5.8503431, 35.6950423 ], [ -5.8505791, 35.69499 ], [ -5.8511102, 35.6948702 ], [ -5.8513758, 35.6948288 ], [ -5.8515072, 35.6948353 ], [ -5.8516111, 35.6948634 ], [ -5.8522783, 35.6951539 ], [ -5.8529101, 35.6954274 ], [ -5.8538351, 35.6958754 ], [ -5.8539265, 35.6959593 ], [ -5.8540124, 35.6960595 ], [ -5.8541143, 35.6961902 ], [ -5.8542833, 35.6964647 ], [ -5.8544174, 35.6966629 ], [ -5.8545086, 35.6967435 ], [ -5.8546266, 35.6968176 ], [ -5.8548067, 35.6969145 ], [ -5.8551176, 35.6970501 ], [ -5.855752, 35.6973269 ], [ -5.856509, 35.6976571 ], [ -5.8566168, 35.6977041 ], [ -5.8572096, 35.6979764 ], [ -5.8572513, 35.6979933 ], [ -5.8574402, 35.6980701 ], [ -5.857679, 35.6981376 ], [ -5.8577916, 35.6981724 ], [ -5.8579686, 35.6982149 ], [ -5.8582248, 35.6982814 ], [ -5.8586124, 35.6983794 ], [ -5.8590455, 35.6984894 ], [ -5.8592051, 35.6985384 ], [ -5.859417, 35.6986419 ], [ -5.8595645, 35.698729 ], [ -5.8596718, 35.6988074 ], [ -5.860038, 35.6990677 ], [ -5.8602318, 35.6992077 ], [ -5.86106, 35.6997775 ], [ -5.8613166, 35.6999426 ], [ -5.8616582, 35.7001994 ], [ -5.8618337, 35.7004334 ], [ -5.8620531, 35.7007558 ], [ -5.8621215, 35.7008791 ], [ -5.8621797, 35.7010161 ], [ -5.8622688, 35.7013412 ], [ -5.8623219, 35.7016867 ], [ -5.8623795, 35.7021019 ], [ -5.8624239, 35.7026524 ], [ -5.8624629, 35.7027672 ], [ -5.8625268, 35.7028966 ], [ -5.8627399, 35.7031507 ], [ -5.862861, 35.7033369 ], [ -5.8629937, 35.7036102 ], [ -5.8630863, 35.7039445 ], [ -5.8631413, 35.7043037 ], [ -5.8632043, 35.7047962 ], [ -5.863329, 35.7053472 ], [ -5.8634162, 35.7055465 ], [ -5.863549, 35.7057578 ], [ -5.8638172, 35.7060605 ], [ -5.8639526, 35.7061879 ], [ -5.8646129, 35.7068096 ], [ -5.8646642, 35.7068579 ], [ -5.8648069, 35.7069877 ], [ -5.8649263, 35.7070909 ] ], [ [ -5.8649263, 35.7070909 ], [ -5.8650476, 35.7073325 ], [ -5.8650536, 35.7073555 ] ], [ [ -5.8650536, 35.7073555 ], [ -5.8650485, 35.7073921 ], [ -5.865056, 35.7074285 ], [ -5.8650755, 35.7074619 ], [ -5.8650947, 35.7074813 ], [ -5.865118, 35.7074976 ], [ -5.8651546, 35.7075135 ], [ -5.865195, 35.7075214 ], [ -5.8652366, 35.7075208 ], [ -5.8652766, 35.7075119 ], [ -5.8653077, 35.707498 ], [ -5.8653343, 35.707479 ] ], [ [ -5.8653343, 35.707479 ], [ -5.8654312, 35.7074675 ], [ -5.8656128, 35.7074635 ] ], [ [ -5.8656128, 35.7074635 ], [ -5.8659225, 35.7076575 ], [ -5.8661735, 35.7078791 ], [ -5.8666858, 35.7082374 ], [ -5.8672209, 35.7085924 ], [ -5.8675937, 35.7088189 ], [ -5.8677091, 35.7088886 ], [ -5.8678727, 35.7089648 ], [ -5.8681583, 35.7090639 ], [ -5.8685821, 35.7092338 ], [ -5.8691414, 35.7094276 ], [ -5.8697962, 35.7096157 ], [ -5.8703725, 35.7097984 ], [ -5.8712336, 35.710092 ], [ -5.871829, 35.7103462 ], [ -5.8728284, 35.7107494 ], [ -5.8729827, 35.7108172 ], [ -5.8730964, 35.7108439 ], [ -5.8734109, 35.7108356 ], [ -5.8735222, 35.7108224 ], [ -5.8742479, 35.7106906 ], [ -5.874565, 35.7106386 ], [ -5.8747888, 35.710589 ], [ -5.8749079, 35.7105577 ], [ -5.8753609, 35.7104373 ], [ -5.8757589, 35.7103177 ], [ -5.8758621, 35.7102837 ], [ -5.8760105, 35.7102204 ], [ -5.8764236, 35.7100886 ], [ -5.8769453, 35.7099122 ], [ -5.8773328, 35.7097816 ], [ -5.8775209, 35.7097147 ], [ -5.8776882, 35.7096552 ], [ -5.8779337, 35.7095659 ], [ -5.8781053, 35.7094897 ], [ -5.8782434, 35.709395 ], [ -5.8785144, 35.7091859 ], [ -5.8787812, 35.7089801 ], [ -5.8790535, 35.7087656 ], [ -5.8793284, 35.708575 ], [ -5.8794907, 35.7084748 ], [ -5.879661, 35.7084084 ], [ -5.8798005, 35.7083757 ], [ -5.8800982, 35.7083158 ], [ -5.8804482, 35.7082526 ], [ -5.8811831, 35.7081274 ], [ -5.8815104, 35.7080817 ], [ -5.8820897, 35.7080131 ], [ -5.8826918, 35.7078788 ], [ -5.882822, 35.7078497 ], [ -5.8832189, 35.7077278 ], [ -5.8837688, 35.7074947 ], [ -5.8841014, 35.7073009 ], [ -5.88415, 35.7072502 ], [ -5.8841957, 35.7072025 ], [ -5.8843562, 35.7070352 ], [ -5.8844849, 35.706813 ], [ -5.8844957, 35.7067019 ], [ -5.8844715, 35.7065691 ], [ -5.8839887, 35.7055759 ], [ -5.8838493, 35.7053124 ], [ -5.8837849, 35.7051272 ], [ -5.8837098, 35.7048484 ], [ -5.8836998, 35.7047053 ], [ -5.883691, 35.7045805 ], [ -5.8836642, 35.7044281 ], [ -5.8836079, 35.704219 ], [ -5.8835971, 35.7040317 ], [ -5.8836213, 35.7039358 ], [ -5.8837205, 35.7038095 ], [ -5.8837822, 35.7037725 ], [ -5.8838975, 35.7037246 ], [ -5.8848393, 35.7034716 ], [ -5.88524, 35.7033619 ], [ -5.8864886, 35.703167 ], [ -5.8866361, 35.7031408 ], [ -5.8869128, 35.7030666 ], [ -5.8873509, 35.7029492 ], [ -5.8877581, 35.702826 ], [ -5.8890138, 35.7024463 ], [ -5.8891083, 35.7024178 ], [ -5.8892682, 35.7023807 ], [ -5.8895624, 35.7022805 ], [ -5.8898882, 35.702187 ], [ -5.8907479, 35.7019451 ], [ -5.8909437, 35.7018841 ], [ -5.8911583, 35.7018318 ], [ -5.8913219, 35.7018057 ], [ -5.8915553, 35.7017969 ], [ -5.8918288, 35.70181 ], [ -5.8921948, 35.7018364 ], [ -5.8927059, 35.7018732 ], [ -5.892927, 35.7018963 ], [ -5.8937252, 35.7019799 ], [ -5.89387, 35.7019821 ], [ -5.8940041, 35.7019712 ], [ -5.8941436, 35.7019429 ], [ -5.8947766, 35.7017948 ], [ -5.895415, 35.7016118 ], [ -5.8955517, 35.7016031 ], [ -5.8957931, 35.7016445 ], [ -5.8962029, 35.7017124 ], [ -5.8965817, 35.7017752 ], [ -5.8970833, 35.701786 ], [ -5.8972452, 35.7017776 ], [ -5.8977968, 35.701749 ], [ -5.8981293, 35.7017447 ], [ -5.8983165, 35.7017607 ] ], [ [ -5.8983165, 35.7017607 ], [ -5.8984008, 35.7017819 ], [ -5.8984968, 35.70181 ], [ -5.8987114, 35.7019102 ], [ -5.8989528, 35.7020496 ], [ -5.8991372, 35.7021518 ], [ -5.8992653, 35.7022228 ], [ -5.8993766, 35.7023175 ], [ -5.8995911, 35.7025048 ], [ -5.8997387, 35.7026551 ], [ -5.9000096, 35.7029426 ], [ -5.9006345, 35.7036342 ], [ -5.9006989, 35.7037071 ], [ -5.9009202, 35.7039418 ], [ -5.9012461, 35.7042647 ], [ -5.9014016, 35.704439 ], [ -5.9015062, 35.7045283 ], [ -5.9016186, 35.7045762 ], [ -5.9018429, 35.7046938 ], [ -5.9020709, 35.7047962 ], [ -5.9022827, 35.7048822 ], [ -5.9024584, 35.7049584 ], [ -5.9026578, 35.7050379 ], [ -5.903306, 35.705308 ], [ -5.9034696, 35.7053821 ], [ -5.9038036, 35.7055715 ], [ -5.9040758, 35.705773 ], [ -5.9041868, 35.7058381 ], [ -5.9044871, 35.7060165 ], [ -5.9049066, 35.7062552 ], [ -5.9051849, 35.7064319 ], [ -5.9053079, 35.7065157 ], [ -5.9054598, 35.7066192 ], [ -5.9055805, 35.7067096 ], [ -5.9056704, 35.7068021 ], [ -5.9058729, 35.7070461 ], [ -5.9061451, 35.7073412 ], [ -5.9063181, 35.7075089 ], [ -5.9063755, 35.707553 ], [ -5.9066492, 35.7077634 ], [ -5.9068565, 35.7079076 ] ], [ [ -5.9068565, 35.7079076 ], [ -5.9069282, 35.7079833 ], [ -5.9069668, 35.7080193 ], [ -5.9070073, 35.708054 ], [ -5.9070483, 35.7080937 ], [ -5.9070841, 35.7081366 ], [ -5.9071141, 35.7081823 ], [ -5.9071406, 35.7082307 ] ], [ [ -5.9071406, 35.7082307 ], [ -5.9071371, 35.7082698 ] ], [ [ -5.9071371, 35.7082698 ], [ -5.9071186, 35.7083062 ], [ -5.9070991, 35.7083414 ], [ -5.9070763, 35.7083753 ], [ -5.9070561, 35.708402 ], [ -5.9070211, 35.708438 ], [ -5.9066374, 35.7088418 ], [ -5.9065151, 35.7089733 ], [ -5.906396, 35.7091067 ], [ -5.9062802, 35.7092419 ], [ -5.9061677, 35.709379 ], [ -5.9061291, 35.7094281 ], [ -5.9060585, 35.7095179 ], [ -5.9059527, 35.7096584 ], [ -5.9058502, 35.7098006 ], [ -5.9057513, 35.7099444 ] ], [ [ -5.9057513, 35.7099444 ], [ -5.904002, 35.7117877 ], [ -5.9036962, 35.7121708 ], [ -5.9035997, 35.7123318 ], [ -5.9034977, 35.7125116 ] ], [ [ -5.9034977, 35.7125116 ], [ -5.9034133, 35.7126487 ], [ -5.9033529, 35.7127849 ], [ -5.9032553, 35.7132417 ], [ -5.9032446, 35.7134021 ], [ -5.9032463, 35.7135627 ], [ -5.9032604, 35.7137229 ], [ -5.9032869, 35.7138821 ], [ -5.9033516, 35.7142223 ], [ -5.903642, 35.7153374 ], [ -5.9036584, 35.7154041 ] ], [ [ -5.9036584, 35.7154041 ], [ -5.9036332, 35.7154539 ], [ -5.9036282, 35.7154887 ], [ -5.9036323, 35.7155236 ], [ -5.9036455, 35.715557 ], [ -5.9036671, 35.7155874 ], [ -5.9036909, 35.7156094 ], [ -5.9037191, 35.7156276 ] ], [ [ -5.9037191, 35.7156276 ], [ -5.9037191, 35.7156704 ], [ -5.9037244, 35.715713 ], [ -5.9037324, 35.7157522 ], [ -5.9041187, 35.7173809 ] ], [ [ -5.9041187, 35.7173809 ], [ -5.9040852, 35.7178699 ], [ -5.9040584, 35.7180376 ], [ -5.9040141, 35.7182031 ], [ -5.9039605, 35.7183566 ], [ -5.9038076, 35.7186996 ], [ -5.9037231, 35.7188629 ], [ -5.9035474, 35.719133 ], [ -5.9033851, 35.7193355 ], [ -5.9031987, 35.7195576 ], [ -5.9030418, 35.7197166 ], [ -5.9028514, 35.7198723 ], [ -5.9026891, 35.7200029 ], [ -5.9024812, 35.7201564 ], [ -5.9023096, 35.720261 ], [ -5.9020051, 35.7204787 ], [ -5.9015921, 35.7207607 ], [ -5.9012233, 35.7210416 ], [ -5.9007848, 35.7213302 ], [ -5.9001517, 35.721769 ], [ -5.8997923, 35.7220248 ], [ -5.8993793, 35.7223036 ], [ -5.8989112, 35.7226204 ], [ -5.898356, 35.7230047 ], [ -5.8980341, 35.7232366 ], [ -5.8975889, 35.723535 ], [ -5.8973703, 35.7236841 ], [ -5.8972362, 35.7237603 ], [ -5.8970672, 35.7238464 ], [ -5.8968942, 35.7239313 ], [ -5.896734, 35.7239911 ], [ -5.8962867, 35.7241458 ] ], [ [ -5.8962867, 35.7241458 ], [ -5.8958656, 35.7242808 ], [ -5.8947108, 35.724612 ] ], [ [ -5.8947108, 35.724612 ], [ -5.8946814, 35.7245974 ], [ -5.8946494, 35.7245874 ], [ -5.8946157, 35.7245821 ], [ -5.8945814, 35.7245817 ], [ -5.8945475, 35.7245862 ], [ -5.8945151, 35.7245955 ], [ -5.8944853, 35.7246093 ], [ -5.8944614, 35.7246252 ], [ -5.8944409, 35.7246439 ], [ -5.8944244, 35.7246651 ], [ -5.8944122, 35.7246881 ], [ -5.8944048, 35.7247117 ] ], [ [ -5.8944048, 35.7247117 ], [ -5.8941315, 35.7248023 ], [ -5.8933657, 35.7250777 ], [ -5.8932477, 35.7251191 ] ], [ [ -5.8932477, 35.7251191 ], [ -5.8906782, 35.7259672 ], [ -5.8901645, 35.7261463 ], [ -5.8898869, 35.7262361 ], [ -5.8894792, 35.7263706 ], [ -5.8892465, 35.7264436 ], [ -5.8889421, 35.726541 ], [ -5.8881673, 35.7267817 ], [ -5.8855242, 35.7276204 ], [ -5.8845661, 35.7279304 ], [ -5.8838873, 35.7281501 ] ], [ [ -5.8838873, 35.7281501 ], [ -5.8836091, 35.7282408 ], [ -5.88348, 35.7282743 ], [ -5.8833691, 35.7282971 ], [ -5.8832605, 35.7283129 ], [ -5.883054, 35.7283391 ] ], [ [ -5.883054, 35.7283391 ], [ -5.8830101, 35.7283197 ], [ -5.8829375, 35.7283048 ], [ -5.8828627, 35.7283081 ], [ -5.8827924, 35.7283292 ], [ -5.882733, 35.7283663 ], [ -5.88269, 35.7284157 ], [ -5.8826668, 35.7284734 ] ], [ [ -5.8826668, 35.7284734 ], [ -5.8825703, 35.7285299 ], [ -5.8824678, 35.728579 ], [ -5.8823274, 35.728631 ], [ -5.8821803, 35.7286692 ], [ -5.8821184, 35.7286889 ] ], [ [ -5.8821184, 35.7286889 ], [ -5.8816895, 35.7288251 ], [ -5.8805708, 35.7292008 ], [ -5.8803408, 35.7292781 ], [ -5.8789572, 35.7297148 ], [ -5.8781818, 35.7299492 ], [ -5.8781087, 35.7299731 ], [ -5.8772913, 35.7302333 ], [ -5.875578, 35.7307771 ], [ -5.8752079, 35.7308903 ], [ -5.8748397, 35.7310068 ], [ -5.8746144, 35.7310732 ], [ -5.8743046, 35.7311532 ], [ -5.8739714, 35.7312371 ], [ -5.8738513, 35.7312809 ] ], [ [ -5.8738513, 35.7312809 ], [ -5.8738112, 35.7312635 ], [ -5.8737667, 35.7312562 ], [ -5.8737215, 35.7312595 ], [ -5.8736793, 35.7312732 ], [ -5.8736437, 35.7312962 ], [ -5.8736177, 35.7313264 ], [ -5.8736035, 35.7313614 ] ], [ [ -5.8736035, 35.7313614 ], [ -5.8735141, 35.7313951 ], [ -5.8730802, 35.7315588 ], [ -5.872132, 35.731868 ], [ -5.8708687, 35.7322648 ], [ -5.8697992, 35.7325941 ], [ -5.86913, 35.732815 ] ], [ [ -5.86913, 35.732815 ], [ -5.8688529, 35.732904 ], [ -5.8685784, 35.7329982 ], [ -5.8683067, 35.7330976 ], [ -5.8680379, 35.7332022 ] ], [ [ -5.8680379, 35.7332022 ], [ -5.8679706, 35.7332291 ], [ -5.8679006, 35.733251 ], [ -5.8678291, 35.7332698 ], [ -5.8677528, 35.7332879 ] ], [ [ -5.8677528, 35.7332879 ], [ -5.8677191, 35.7332726 ] ], [ [ -5.8677191, 35.7332726 ], [ -5.8676678, 35.7332632 ], [ -5.8676156, 35.7332679 ], [ -5.8675681, 35.7332862 ], [ -5.8675306, 35.7333161 ] ], [ [ -5.8675306, 35.7333161 ], [ -5.867515, 35.7333377 ], [ -5.8675048, 35.7333615 ], [ -5.8675005, 35.7333863 ] ], [ [ -5.8675005, 35.7333863 ], [ -5.8674388, 35.7334242 ], [ -5.867402, 35.7334435 ], [ -5.867363, 35.7334623 ], [ -5.8664357, 35.7338667 ], [ -5.8661886, 35.7339721 ], [ -5.8660783, 35.7340191 ], [ -5.8657216, 35.7341595 ], [ -5.8654279, 35.7342771 ], [ -5.8652106, 35.7343696 ], [ -5.8649182, 35.7344905 ] ], [ [ -5.8649182, 35.7344905 ], [ -5.8643295, 35.7347272 ] ], [ [ -5.8643295, 35.7347272 ], [ -5.8638097, 35.7349376 ] ], [ [ -5.8638097, 35.7349376 ], [ -5.8637645, 35.7349559 ], [ -5.8635976, 35.7350234 ] ], [ [ -5.8635976, 35.7350234 ], [ -5.8611833, 35.7360004 ], [ -5.8608305, 35.7361506 ], [ -5.8594492, 35.7366611 ], [ -5.8583026, 35.7370128 ], [ -5.8571734, 35.7373143 ], [ -5.8565388, 35.7374745 ], [ -5.8563602, 35.7375147 ], [ -5.8560924, 35.7375444 ], [ -5.8560011, 35.7375592 ] ], [ [ -5.8560011, 35.7375592 ], [ -5.8559725, 35.7375442 ], [ -5.8559218, 35.7375308 ], [ -5.8558684, 35.7375308 ], [ -5.8558178, 35.7375444 ], [ -5.8557748, 35.7375701 ], [ -5.8557526, 35.7375927 ], [ -5.8557368, 35.7376187 ], [ -5.855728, 35.7376467 ] ], [ [ -5.855728, 35.7376467 ], [ -5.8556419, 35.7376736 ], [ -5.8543516, 35.7380099 ], [ -5.8534133, 35.7382318 ], [ -5.8533462, 35.7382419 ], [ -5.8531938, 35.7382364 ] ], [ [ -5.8531938, 35.7382364 ], [ -5.8531384, 35.7382207 ], [ -5.8530798, 35.7382191 ] ], [ [ -5.8530798, 35.7382191 ], [ -5.8530297, 35.7382294 ], [ -5.8529847, 35.7382501 ], [ -5.8529479, 35.7382796 ] ], [ [ -5.8529479, 35.7382796 ], [ -5.8529257, 35.738309 ], [ -5.8529119, 35.7383417 ] ], [ [ -5.8529119, 35.7383417 ], [ -5.8528215, 35.7383855 ], [ -5.8524612, 35.7385038 ], [ -5.8520188, 35.738615 ], [ -5.8511567, 35.7388268 ], [ -5.8504631, 35.7390033 ], [ -5.8497919, 35.7391706 ], [ -5.8492894, 35.7393038 ], [ -5.8488348, 35.7394465 ], [ -5.8482247, 35.7397025 ], [ -5.8480693, 35.7397696 ], [ -5.8476327, 35.7400433 ], [ -5.8473954, 35.7402251 ], [ -5.8471965, 35.7403772 ], [ -5.8469246, 35.7406072 ], [ -5.8467483, 35.7407754 ], [ -5.8464915, 35.7410404 ], [ -5.84612, 35.7414965 ], [ -5.8459408, 35.741725 ], [ -5.8445066, 35.7435015 ], [ -5.8441605, 35.7439434 ], [ -5.8439643, 35.7441772 ] ], [ [ -5.8439643, 35.7441772 ], [ -5.8439195, 35.7441782 ], [ -5.8438751, 35.7441871 ], [ -5.8438348, 35.7442025 ], [ -5.8438018, 35.7442295 ], [ -5.8437746, 35.7442652 ], [ -5.843761, 35.7442958 ], [ -5.8437583, 35.7443326 ], [ -5.8437635, 35.7443698 ], [ -5.8437752, 35.744395 ] ], [ [ -5.8437752, 35.744395 ], [ -5.8436109, 35.7445982 ], [ -5.8434536, 35.7448229 ], [ -5.8431005, 35.7453001 ], [ -5.8429664, 35.7454915 ], [ -5.842873, 35.7456226 ], [ -5.8424139, 35.7461834 ] ], [ [ -5.8424139, 35.7461834 ], [ -5.8422281, 35.7463271 ], [ -5.8419307, 35.7466591 ], [ -5.8418684, 35.7467286 ], [ -5.8417635, 35.7468415 ] ], [ [ -5.8417635, 35.7468415 ], [ -5.8412416, 35.7474161 ] ], [ [ -5.8412416, 35.7474161 ], [ -5.8411451, 35.7474439 ], [ -5.8410642, 35.7474947 ] ], [ [ -5.8410642, 35.7474947 ], [ -5.8410099, 35.7475586 ], [ -5.8409811, 35.7476326 ] ], [ [ -5.8409811, 35.7476326 ], [ -5.8409773, 35.7476836 ], [ -5.8409858, 35.7477342 ], [ -5.8410063, 35.7477825 ] ], [ [ -5.8410063, 35.7477825 ], [ -5.840073, 35.7489365 ], [ -5.8398295, 35.7492333 ] ], [ [ -5.8398295, 35.7492333 ], [ -5.839621, 35.7493465 ], [ -5.8394828, 35.7494249 ], [ -5.8393742, 35.7494815 ], [ -5.8392549, 35.7495337 ], [ -5.839114, 35.7495903 ], [ -5.8389357, 35.7496567 ], [ -5.8387131, 35.7497177 ], [ -5.8385253, 35.7497634 ], [ -5.8383, 35.7498102 ], [ -5.8380089, 35.749857 ], [ -5.8378266, 35.7498886 ], [ -5.8376563, 35.7499125 ] ], [ [ -5.8376563, 35.7499125 ], [ -5.8373988, 35.7499561 ], [ -5.8369643, 35.7500192 ], [ -5.8367148, 35.7500584 ], [ -5.8364989, 35.7500888 ], [ -5.8363205, 35.7501117 ], [ -5.836169, 35.7501346 ], [ -5.8360375, 35.7501618 ], [ -5.8358498, 35.7502031 ], [ -5.8356889, 35.7502477 ], [ -5.8355051, 35.7502978 ], [ -5.8353348, 35.750349 ], [ -5.8351819, 35.7504077 ], [ -5.8349807, 35.7505057 ], [ -5.8347179, 35.7506711 ], [ -5.8344456, 35.7508834 ], [ -5.8342331, 35.7510727 ], [ -5.8341881, 35.7511174 ], [ -5.8340816, 35.75123 ], [ -5.8339488, 35.7513606 ], [ -5.8338945, 35.7514156 ], [ -5.8338088, 35.7514969 ] ], [ [ -5.8338088, 35.7514969 ], [ -5.833761, 35.7515288 ], [ -5.8337318, 35.7515731 ], [ -5.8337249, 35.7516101 ], [ -5.8337313, 35.7516471 ], [ -5.8337591, 35.751691 ] ], [ [ -5.8337591, 35.751691 ], [ -5.8337158, 35.7518097 ], [ -5.8336685, 35.7519026 ], [ -5.8335815, 35.7520733 ], [ -5.8335337, 35.7521677 ], [ -5.8334304, 35.7523603 ], [ -5.8333325, 35.7525399 ], [ -5.8331408, 35.7528708 ], [ -5.8327961, 35.7534835 ], [ -5.832615, 35.7538122 ], [ -5.8323844, 35.7541985 ], [ -5.8322355, 35.7544336 ], [ -5.8321215, 35.7546078 ], [ -5.8320062, 35.7547763 ] ], [ [ -5.8320062, 35.7547763 ], [ -5.8319559, 35.7547882 ], [ -5.8318962, 35.7548279 ], [ -5.831876, 35.7548546 ], [ -5.8318661, 35.7548856 ], [ -5.8318724, 35.7549481 ], [ -5.8318873, 35.7549742 ] ], [ [ -5.8318873, 35.7549742 ], [ -5.8318057, 35.7550964 ], [ -5.8317675, 35.7551558 ], [ -5.8315301, 35.7555055 ], [ -5.8311562, 35.7560466 ], [ -5.8307013, 35.7565874 ], [ -5.8305135, 35.7568073 ], [ -5.830233, 35.7571436 ] ], [ [ -5.830233, 35.7571436 ], [ -5.8300025, 35.7572902 ], [ -5.8297561, 35.7575464 ], [ -5.8291649, 35.7582699 ], [ -5.8289609, 35.7584811 ], [ -5.8288894, 35.7585565 ], [ -5.8288463, 35.7586002 ] ], [ [ -5.8288463, 35.7586002 ], [ -5.8287722, 35.7586042 ], [ -5.8287032, 35.7586265 ], [ -5.828646, 35.758665 ], [ -5.8286062, 35.7587159 ], [ -5.8285908, 35.7587563 ] ], [ [ -5.8285908, 35.7587563 ], [ -5.8283545, 35.7588258 ], [ -5.8281771, 35.758878 ], [ -5.8281086, 35.7588952 ], [ -5.8273844, 35.759071 ], [ -5.8270826, 35.7591339 ], [ -5.8268248, 35.7592189 ] ], [ [ -5.8268248, 35.7592189 ], [ -5.8263188, 35.7592148 ], [ -5.8259496, 35.7591862 ], [ -5.8257004, 35.7591669 ] ], [ [ -5.8257004, 35.7591669 ], [ -5.8252943, 35.7591439 ], [ -5.8243968, 35.7590851 ], [ -5.8240896, 35.7590677 ], [ -5.8238415, 35.75906 ], [ -5.8235586, 35.7590644 ], [ -5.8231522, 35.7590927 ], [ -5.8229202, 35.7591199 ], [ -5.8226573, 35.7591623 ], [ -5.8224477, 35.7592102 ], [ -5.8223167, 35.7592461 ], [ -5.8222376, 35.7592646 ], [ -5.8218996, 35.7593582 ] ], [ [ -5.8218996, 35.7593582 ], [ -5.8216515, 35.7594388 ], [ -5.8214839, 35.759503 ], [ -5.8213565, 35.7595574 ], [ -5.8211647, 35.7596347 ], [ -5.8208093, 35.7598055 ], [ -5.8204472, 35.759996 ], [ -5.8201562, 35.7601897 ], [ -5.8199363, 35.7603442 ], [ -5.819825, 35.7604247 ], [ -5.8197217, 35.7605151 ], [ -5.8194722, 35.7607425 ], [ -5.8191504, 35.7610516 ], [ -5.8188191, 35.7613955 ], [ -5.81839, 35.7618134 ] ], [ [ -5.81839, 35.7618134 ], [ -5.818176, 35.7620097 ], [ -5.8181354, 35.7620425 ], [ -5.8180955, 35.7620839 ] ], [ [ -5.8180955, 35.7620839 ], [ -5.8180399, 35.7621404 ], [ -5.8178274, 35.7623814 ], [ -5.8175585, 35.7626823 ], [ -5.8170939, 35.7631657 ], [ -5.8169831, 35.7632651 ], [ -5.8168758, 35.7633489 ], [ -5.8167149, 35.7634762 ], [ -5.816499, 35.7636013 ], [ -5.8162563, 35.7637297 ], [ -5.8160041, 35.7638386 ], [ -5.8156917, 35.7639285 ], [ -5.8154777, 35.7639829 ], [ -5.8153148, 35.7640214 ], [ -5.8150895, 35.764054 ], [ -5.8149299, 35.7640802 ] ], [ [ -5.8149299, 35.7640802 ], [ -5.8148066, 35.7640736 ], [ -5.8146275, 35.7640774 ], [ -5.8142433, 35.7641465 ], [ -5.8141756, 35.7641602 ], [ -5.8140126, 35.7641933 ], [ -5.813617, 35.7642749 ], [ -5.813401, 35.7643217 ], [ -5.8133219, 35.7643457 ], [ -5.8132911, 35.7643603 ], [ -5.8132532, 35.7643868 ] ], [ [ -5.8132532, 35.7643868 ], [ -5.8131832, 35.7643601 ] ], [ [ -5.8131832, 35.7643601 ], [ -5.8131298, 35.7643546 ], [ -5.8130764, 35.7643603 ], [ -5.8130266, 35.7643769 ], [ -5.8129837, 35.7644032 ] ], [ [ -5.8129837, 35.7644032 ], [ -5.8129581, 35.7644277 ] ], [ [ -5.8129581, 35.7644277 ], [ -5.812933, 35.7644671 ], [ -5.8129213, 35.7645105 ], [ -5.8129238, 35.7645548 ], [ -5.8129404, 35.7645971 ], [ -5.8129698, 35.7646345 ], [ -5.8130102, 35.7646644 ] ], [ [ -5.8130102, 35.7646644 ], [ -5.8130387, 35.764678 ], [ -5.8130695, 35.7646878 ] ], [ [ -5.8130695, 35.7646878 ], [ -5.8131304, 35.7648254 ], [ -5.8131462, 35.7648593 ], [ -5.8132602, 35.7651346 ], [ -5.8134131, 35.7655383 ], [ -5.8134708, 35.7657124 ], [ -5.8135271, 35.7658419 ], [ -5.8135888, 35.7659442 ], [ -5.8137417, 35.7661684 ], [ -5.8139402, 35.7664513 ] ], [ [ -5.8139402, 35.7664513 ], [ -5.8140728, 35.7666323 ], [ -5.8141842, 35.7667843 ], [ -5.814312, 35.7669444 ], [ -5.8145023, 35.7671828 ] ], [ [ -5.8145023, 35.7671828 ], [ -5.8144577, 35.7672235 ], [ -5.8144231, 35.7672701 ] ], [ [ -5.8144231, 35.7672701 ], [ -5.8144028, 35.7673117 ], [ -5.8143905, 35.7673554 ] ], [ [ -5.8143905, 35.7673554 ], [ -5.814387, 35.7674183 ], [ -5.8143999, 35.7674804 ] ], [ [ -5.8143999, 35.7674804 ], [ -5.8144342, 35.7675473 ], [ -5.8144875, 35.7676056 ] ], [ [ -5.8144875, 35.7676056 ], [ -5.8145428, 35.7676442 ], [ -5.8146065, 35.7676732 ] ], [ [ -5.8146065, 35.7676732 ], [ -5.8146317, 35.7678156 ] ], [ [ -5.8146317, 35.7678156 ], [ -5.8145705, 35.7680879 ], [ -5.8144994, 35.7684002 ], [ -5.8144525, 35.7685384 ], [ -5.8143988, 35.7686614 ], [ -5.8143559, 35.7687963 ], [ -5.8143009, 35.7689933 ], [ -5.8142634, 35.7692 ], [ -5.814254, 35.7692882 ], [ -5.8142594, 35.7694253 ], [ -5.8142754, 35.7696113 ], [ -5.8143076, 35.7698866 ], [ -5.8143194, 35.769966 ], [ -5.8143358, 35.770076 ], [ -5.8144004, 35.7704085 ], [ -5.8144256, 35.7707637 ], [ -5.8144055, 35.7709726 ], [ -5.8143854, 35.7711652 ], [ -5.8143626, 35.7713523 ], [ -5.8143318, 35.7715438 ] ], [ [ -5.8143318, 35.7715438 ], [ -5.8143012, 35.7716121 ], [ -5.8142616, 35.7717262 ] ], [ [ -5.8142616, 35.7717262 ], [ -5.8142394, 35.7717337 ] ], [ [ -5.8142394, 35.7717337 ], [ -5.8141987, 35.771756 ], [ -5.8141668, 35.7717864 ], [ -5.8141462, 35.7718226 ] ], [ [ -5.8141462, 35.7718226 ], [ -5.8141386, 35.7718522 ], [ -5.8141394, 35.7718828 ] ], [ [ -5.8141394, 35.7718828 ], [ -5.8139807, 35.7719233 ], [ -5.8135526, 35.7720324 ], [ -5.8129385, 35.7721805 ], [ -5.8127295, 35.7722257 ], [ -5.8124135, 35.7723364 ], [ -5.8122142, 35.7724143 ], [ -5.8119599, 35.7725 ], [ -5.8117415, 35.7725819 ], [ -5.8111663, 35.7728357 ], [ -5.810584, 35.7731345 ] ], [ [ -5.8121525, 35.7753207 ], [ -5.8119161, 35.7749711 ], [ -5.8117394, 35.7746971 ], [ -5.8115879, 35.7744859 ], [ -5.8113827, 35.7741999 ], [ -5.8111299, 35.7738617 ], [ -5.810584, 35.7731345 ] ], [ [ -5.8109256, 35.7752563 ], [ -5.8121525, 35.7753207 ] ], [ [ -5.8109256, 35.7752563 ], [ -5.8109337, 35.7751953 ], [ -5.8109159, 35.7751357 ], [ -5.8108743, 35.7750845 ], [ -5.8108138, 35.7750477 ], [ -5.8107415, 35.7750296 ], [ -5.810666, 35.7750325 ], [ -5.8105961, 35.7750559 ] ], [ [ -5.8105961, 35.7750559 ], [ -5.8100618, 35.7744454 ], [ -5.8099477, 35.7743087 ], [ -5.8094789, 35.7737443 ] ], [ [ -5.8094789, 35.7737443 ], [ -5.8094041, 35.7736541 ], [ -5.809078, 35.7732605 ], [ -5.80902, 35.7731833 ], [ -5.808999, 35.7731051 ], [ -5.8089821, 35.7730302 ], [ -5.808962, 35.7729671 ], [ -5.8088534, 35.7727875 ], [ -5.8087595, 35.7726504 ], [ -5.808671, 35.7725569 ], [ -5.8086213, 35.7725264 ], [ -5.8085194, 35.7724731 ], [ -5.8083853, 35.7724013 ], [ -5.8079629, 35.7721804 ], [ -5.8078904, 35.7721369 ], [ -5.8077577, 35.7720683 ], [ -5.8075914, 35.7719769 ], [ -5.8074653, 35.7719073 ], [ -5.8073781, 35.7718572 ], [ -5.8073205, 35.7718148 ], [ -5.8072642, 35.7717723 ], [ -5.8072132, 35.7717234 ], [ -5.8071609, 35.7716657 ], [ -5.8070536, 35.7715536 ], [ -5.8069731, 35.7714601 ], [ -5.8069021, 35.7713719 ], [ -5.8067116, 35.7711369 ], [ -5.8065145, 35.7708975 ], [ -5.8064072, 35.7707767 ], [ -5.8063254, 35.7706788 ], [ -5.8062033, 35.7705123 ] ], [ [ -5.8062033, 35.7705123 ], [ -5.8061785, 35.7704557 ], [ -5.8061457, 35.770385 ], [ -5.8061229, 35.770336 ], [ -5.8061034, 35.7702849 ], [ -5.8060793, 35.7702272 ], [ -5.8060628, 35.77019 ] ], [ [ -5.8060628, 35.77019 ], [ -5.8060355, 35.7701219 ] ], [ [ -5.8060355, 35.7701219 ], [ -5.805852, 35.7700939 ], [ -5.8055985, 35.7700662 ], [ -5.8052941, 35.7700346 ], [ -5.8048649, 35.770002 ], [ -5.8043607, 35.7699421 ], [ -5.8041742, 35.7699149 ], [ -5.8039176, 35.7698579 ] ], [ [ -5.8039176, 35.7698579 ], [ -5.8039182, 35.7697812 ], [ -5.8039115, 35.7697315 ] ], [ [ -5.8039115, 35.7697315 ], [ -5.8038381, 35.7696004 ], [ -5.8037621, 35.7695337 ] ], [ [ -5.8037621, 35.7695337 ], [ -5.8036699, 35.7694773 ], [ -5.8036135, 35.7694505 ] ], [ [ -5.8036135, 35.7694505 ], [ -5.803438, 35.7694314 ] ], [ [ -5.803438, 35.7694314 ], [ -5.803309, 35.7694474 ], [ -5.8031902, 35.7694913 ], [ -5.8030906, 35.7695597 ] ], [ [ -5.8030906, 35.7695597 ], [ -5.8030165, 35.7696496 ], [ -5.8029893, 35.7697187 ], [ -5.802976, 35.7697526 ], [ -5.8029723, 35.7698606 ] ], [ [ -5.8029723, 35.7698606 ], [ -5.8029981, 35.7699494 ] ], [ [ -5.8029981, 35.7699494 ], [ -5.8026239, 35.770092 ], [ -5.8025109, 35.770135 ], [ -5.8015336, 35.7705254 ] ], [ [ -5.8015336, 35.7705254 ], [ -5.801268, 35.770632 ], [ -5.8008438, 35.7707985 ], [ -5.8004747, 35.7709619 ], [ -5.800111, 35.7711106 ], [ -5.7993784, 35.7714285 ], [ -5.7989882, 35.7716021 ], [ -5.7988212, 35.771688 ], [ -5.7987689, 35.7717168 ], [ -5.7987149, 35.7717454 ], [ -5.7986633, 35.7717628 ], [ -5.7986217, 35.771777 ], [ -5.7985956, 35.7717868 ], [ -5.7985741, 35.7717911 ], [ -5.7985175, 35.7718009 ], [ -5.79849, 35.7718055 ], [ -5.7984366, 35.7718009 ], [ -5.7982902, 35.7717947 ], [ -5.7980159, 35.7717854 ], [ -5.797517, 35.7717687 ], [ -5.7971066, 35.7717625 ], [ -5.796947, 35.7717549 ], [ -5.7968552, 35.7717566 ], [ -5.7962463, 35.7717397 ], [ -5.7960579, 35.7717343 ], [ -5.7955087, 35.7717152 ], [ -5.7950935, 35.7717096 ], [ -5.7949223, 35.7716989 ] ], [ [ -5.7949223, 35.7716989 ], [ -5.7948932, 35.7716823 ], [ -5.7948597, 35.7716725 ], [ -5.7948242, 35.7716704 ], [ -5.7947893, 35.771676 ] ], [ [ -5.7947893, 35.771676 ], [ -5.7947604, 35.7716875 ], [ -5.7947329, 35.7717066 ] ], [ [ -5.7947329, 35.7717066 ], [ -5.794555, 35.7717244 ], [ -5.7940717, 35.7717783 ], [ -5.7932756, 35.7718946 ], [ -5.7924031, 35.7720162 ], [ -5.7920074, 35.772064 ], [ -5.7918415, 35.7720742 ], [ -5.7917847, 35.7720778 ], [ -5.7916414, 35.7720852 ] ], [ [ -5.7916414, 35.7720852 ], [ -5.7915622, 35.7720117 ], [ -5.7914602, 35.7719598 ], [ -5.791344, 35.771934 ], [ -5.7912236, 35.7719366 ], [ -5.7911108, 35.7719586 ] ], [ [ -5.7911108, 35.7719586 ], [ -5.7910423, 35.7720016 ], [ -5.7909846, 35.7720457 ], [ -5.7909383, 35.7720979 ], [ -5.7908979, 35.7721569 ] ], [ [ -5.7908979, 35.7721569 ], [ -5.7908833, 35.772244 ] ], [ [ -5.7908833, 35.772244 ], [ -5.7906103, 35.7722544 ], [ -5.7899608, 35.772266 ] ], [ [ -5.7899608, 35.772266 ], [ -5.7893369, 35.7722848 ] ], [ [ -5.7893369, 35.7722848 ], [ -5.7891477, 35.7722796 ], [ -5.7887352, 35.7722684 ], [ -5.7880223, 35.7722851 ], [ -5.7870762, 35.7723082 ], [ -5.7869867, 35.7723016 ], [ -5.7868718, 35.7722717 ] ], [ [ -5.7868718, 35.7722717 ], [ -5.7868344, 35.7722521 ], [ -5.7867833, 35.772235 ], [ -5.7867232, 35.7722261 ], [ -5.7866599, 35.7722284 ], [ -5.7865987, 35.7722423 ], [ -5.7865428, 35.7722672 ] ], [ [ -5.7865428, 35.7722672 ], [ -5.7865026, 35.7722969 ], [ -5.7864703, 35.7723288 ] ], [ [ -5.7864703, 35.7723288 ], [ -5.7863718, 35.7723443 ], [ -5.7862712, 35.7723571 ], [ -5.7861304, 35.772362 ], [ -5.785886, 35.7723525 ] ], [ [ -5.785886, 35.7723525 ], [ -5.7852693, 35.7723222 ], [ -5.7851505, 35.7723141 ], [ -5.7850439, 35.772295 ], [ -5.7849778, 35.7722785 ], [ -5.7848986, 35.7722485 ], [ -5.7847867, 35.7722046 ] ] ] } },
{ "type": "Feature", "properties": { "name": "Tanja Balia-Boukhalef", "Number": "L20" }, "geometry": { "type": "MultiLineString", "coordinates": [ [ [ -5.7623268, 35.777534 ], [ -5.7624119, 35.777247 ], [ -5.7624701, 35.7769674 ], [ -5.7625264, 35.7766527 ], [ -5.7625428, 35.7763479 ], [ -5.7625304, 35.7760307 ], [ -5.7624916, 35.7757583 ], [ -5.762424, 35.7754834 ], [ -5.7623575, 35.7752113 ], [ -5.7622277, 35.774908 ], [ -5.7620176, 35.7745211 ], [ -5.761862, 35.7742781 ], [ -5.7613399, 35.7736314 ], [ -5.7610046, 35.7732498 ], [ -5.7602675, 35.7724141 ], [ -5.7596891, 35.7717323 ], [ -5.7595356, 35.771509 ], [ -5.7594819, 35.77141 ], [ -5.7593693, 35.7711119 ], [ -5.7593103, 35.770817 ], [ -5.7593089, 35.7706777 ] ], [ [ -5.7593089, 35.7706777 ], [ -5.7593827, 35.7703034 ], [ -5.7594126, 35.7702091 ], [ -5.7594417, 35.7701173 ], [ -5.7596563, 35.7697669 ], [ -5.7598615, 35.7695646 ], [ -5.7601495, 35.7693672 ], [ -5.7603019, 35.7692867 ], [ -5.7604872, 35.7692048 ] ], [ [ -5.7604872, 35.7692048 ], [ -5.7606693, 35.7691287 ] ], [ [ -5.7606693, 35.7691287 ], [ -5.7607837, 35.7690923 ] ], [ [ -5.7607837, 35.7690923 ], [ -5.7609987, 35.7691103 ] ], [ [ -5.7609987, 35.7691103 ], [ -5.7610493, 35.7691225 ], [ -5.7611019, 35.7691185 ], [ -5.7611489, 35.7690988 ], [ -5.7611834, 35.7690664 ] ], [ [ -5.7611834, 35.7690664 ], [ -5.7615593, 35.7689603 ] ], [ [ -5.7615593, 35.7689603 ], [ -5.7620488, 35.7689899 ], [ -5.7623351, 35.7690408 ], [ -5.7624362, 35.7690672 ], [ -5.7628337, 35.7692545 ], [ -5.7629849, 35.7693458 ], [ -5.7630479, 35.7693877 ], [ -5.763115, 35.7694399 ], [ -5.7632022, 35.7695107 ], [ -5.7632867, 35.7695868 ], [ -5.7633966, 35.7696984 ], [ -5.7635997, 35.769917 ], [ -5.7636371, 35.7699572 ], [ -5.7645647, 35.7709552 ], [ -5.7646854, 35.7710662 ], [ -5.7647833, 35.771138 ], [ -5.7649, 35.7712098 ], [ -5.7650435, 35.771286 ], [ -5.7652313, 35.7713718 ], [ -5.7653573, 35.7714198 ], [ -5.7654968, 35.7714601 ], [ -5.7657085, 35.7715223 ], [ -5.7658379, 35.7715529 ], [ -5.7659673, 35.7715696 ], [ -5.7661197, 35.7715808 ], [ -5.7669717, 35.7715715 ] ], [ [ -5.7669717, 35.7715715 ], [ -5.7680118, 35.7715789 ], [ -5.7680685, 35.7715772 ], [ -5.7686676, 35.7716288 ] ], [ [ -5.7686676, 35.7716288 ], [ -5.7689795, 35.7716683 ], [ -5.7690322, 35.7716765 ], [ -5.7691389, 35.7716935 ], [ -5.7692645, 35.7717222 ], [ -5.7695076, 35.7718029 ], [ -5.7696846, 35.7718523 ], [ -5.7697406, 35.7718679 ], [ -5.7700492, 35.77196 ], [ -5.770435, 35.7720944 ], [ -5.7708368, 35.7722378 ] ], [ [ -5.7708368, 35.7722378 ], [ -5.7711359, 35.7723457 ], [ -5.7714339, 35.7724459 ], [ -5.7716077, 35.772505 ], [ -5.7716758, 35.7725286 ], [ -5.7718638, 35.7725858 ], [ -5.7720067, 35.7726245 ], [ -5.7721539, 35.7726636 ], [ -5.7722794, 35.7726988 ], [ -5.7724957, 35.772741 ], [ -5.7727356, 35.7727823 ], [ -5.7730838, 35.7728229 ], [ -5.7732901, 35.7728443 ], [ -5.7734955, 35.7728575 ], [ -5.7737246, 35.7728679 ], [ -5.773948, 35.772869 ], [ -5.7741372, 35.7728634 ], [ -5.7743923, 35.7728322 ] ], [ [ -5.7743923, 35.7728322 ], [ -5.7744924, 35.7728284 ], [ -5.7746453, 35.772816 ], [ -5.7747765, 35.7727909 ] ], [ [ -5.7747765, 35.7727909 ], [ -5.7747973, 35.7728005 ], [ -5.7748075, 35.772802 ], [ -5.7748396, 35.7728069 ], [ -5.7748822, 35.7728017 ], [ -5.7749205, 35.7727857 ] ], [ [ -5.7749205, 35.7727857 ], [ -5.7750658, 35.7727473 ], [ -5.7752187, 35.7727161 ], [ -5.7753405, 35.7726844 ] ], [ [ -5.7753405, 35.7726844 ], [ -5.7757656, 35.7725819 ], [ -5.7763124, 35.7724036 ], [ -5.7765304, 35.7723022 ], [ -5.7767836, 35.7721796 ], [ -5.777342, 35.7718638 ], [ -5.7778786, 35.771531 ], [ -5.7781273, 35.7713872 ], [ -5.7785665, 35.7711968 ], [ -5.7793853, 35.7709296 ], [ -5.7794214, 35.7709257 ], [ -5.7796258, 35.7709062 ], [ -5.7798149, 35.7708831 ], [ -5.7799536, 35.7708686 ] ], [ [ -5.7799536, 35.7708686 ], [ -5.7805122, 35.770884 ] ], [ [ -5.7805122, 35.770884 ], [ -5.7806209, 35.770894 ], [ -5.780749, 35.7709008 ], [ -5.7808982, 35.770921 ], [ -5.7810432, 35.7709468 ], [ -5.7810843, 35.7709556 ], [ -5.7811718, 35.7709745 ], [ -5.7813244, 35.7710091 ], [ -5.7816176, 35.7710964 ], [ -5.7819621, 35.7712051 ], [ -5.7822785, 35.7713161 ], [ -5.7823658, 35.7713545 ], [ -5.7824274, 35.7713817 ] ], [ [ -5.7824274, 35.7713817 ], [ -5.7825439, 35.7714663 ] ], [ [ -5.7825439, 35.7714663 ], [ -5.7826052, 35.7715354 ], [ -5.7828347, 35.7716793 ], [ -5.7830016, 35.7717794 ], [ -5.783101, 35.7718462 ], [ -5.783284, 35.7719543 ], [ -5.7834779, 35.7720575 ], [ -5.7837488, 35.7721839 ] ], [ [ -5.7837488, 35.7721839 ], [ -5.7839051, 35.7722448 ], [ -5.7840332, 35.7722925 ], [ -5.7841754, 35.7723406 ], [ -5.7843362, 35.772389 ] ], [ [ -5.7843362, 35.772389 ], [ -5.7843487, 35.7724145 ] ], [ [ -5.7843487, 35.7724145 ], [ -5.7843894, 35.7724637 ], [ -5.7844456, 35.7725014 ], [ -5.7845002, 35.7725217 ], [ -5.784559, 35.7725312 ], [ -5.784619, 35.7725293 ] ], [ [ -5.784619, 35.7725293 ], [ -5.7846645, 35.7725212 ], [ -5.7847066, 35.7725051 ], [ -5.7847434, 35.772482 ] ], [ [ -5.7847434, 35.772482 ], [ -5.7848836, 35.7724725 ], [ -5.7849685, 35.7724704 ], [ -5.7850292, 35.7724741 ], [ -5.7861169, 35.7725417 ], [ -5.7861773, 35.7725454 ], [ -5.7863294, 35.7725647 ], [ -5.786547, 35.7726356 ] ], [ [ -5.786547, 35.7726356 ], [ -5.7866053, 35.7726592 ], [ -5.7866685, 35.7726717 ], [ -5.7867601, 35.7726696 ], [ -5.7868464, 35.7726446 ], [ -5.786919, 35.7725993 ], [ -5.78694, 35.7725741 ] ], [ [ -5.78694, 35.7725741 ], [ -5.7870188, 35.7725705 ], [ -5.7870921, 35.7725616 ], [ -5.7873678, 35.7725485 ] ], [ [ -5.7873678, 35.7725485 ], [ -5.7880037, 35.7725192 ], [ -5.7887851, 35.77246 ], [ -5.789357, 35.7723756 ] ], [ [ -5.789357, 35.7723756 ], [ -5.7894474, 35.7723719 ], [ -5.7897789, 35.7723645 ], [ -5.7901036, 35.7723553 ], [ -5.7906077, 35.7723465 ], [ -5.7908955, 35.7723499 ] ], [ [ -5.7908955, 35.7723499 ], [ -5.7909545, 35.7724552 ], [ -5.7910542, 35.7725379 ], [ -5.7911545, 35.7725807 ], [ -5.7913027, 35.7726006 ], [ -5.7914498, 35.7725761 ], [ -5.7915486, 35.7725296 ], [ -5.791628, 35.772463 ] ], [ [ -5.791628, 35.772463 ], [ -5.7916901, 35.7723607 ] ], [ [ -5.7916901, 35.7723607 ], [ -5.7917036, 35.7723082 ], [ -5.7917067, 35.7722546 ] ], [ [ -5.7917067, 35.7722546 ], [ -5.7916414, 35.7720852 ] ], [ [ -5.7916414, 35.7720852 ], [ -5.7915622, 35.7720117 ], [ -5.7914602, 35.7719598 ], [ -5.791344, 35.771934 ], [ -5.7912236, 35.7719366 ], [ -5.7911108, 35.7719586 ] ], [ [ -5.7911108, 35.7719586 ], [ -5.7909866, 35.7719358 ], [ -5.7908691, 35.7718957 ], [ -5.790762, 35.7718397 ], [ -5.7906686, 35.7717695 ] ], [ [ -5.7902363, 35.771416 ], [ -5.7906686, 35.7717695 ] ], [ [ -5.7841683, 35.7592339 ], [ -5.78407, 35.7592933 ], [ -5.7840148, 35.7593267 ], [ -5.7839155, 35.7594268 ], [ -5.7838418, 35.7595422 ], [ -5.7837828, 35.7596978 ], [ -5.7837307, 35.7598624 ], [ -5.7836952, 35.7600124 ], [ -5.7835735, 35.7604987 ], [ -5.7832168, 35.7616915 ], [ -5.7830654, 35.7622864 ], [ -5.7829634, 35.7627036 ], [ -5.7829499, 35.7629854 ], [ -5.7829593, 35.7634022 ], [ -5.7830277, 35.7639778 ], [ -5.7831184, 35.7643301 ], [ -5.783186, 35.7644632 ], [ -5.7832973, 35.7646471 ], [ -5.7836138, 35.7650563 ], [ -5.7837519, 35.7652151 ], [ -5.7839692, 35.7655024 ], [ -5.7841985, 35.7657734 ], [ -5.7847443, 35.7664753 ], [ -5.7858159, 35.7679051 ], [ -5.7859889, 35.7680988 ], [ -5.786119, 35.768249 ], [ -5.7863255, 35.7684437 ], [ -5.7864249, 35.7685158 ], [ -5.7865387, 35.7685983 ], [ -5.7868901, 35.76883 ], [ -5.7870796, 35.7689688 ], [ -5.7873781, 35.7691721 ], [ -5.7875794, 35.7693252 ], [ -5.787904, 35.7695537 ], [ -5.7881695, 35.7697419 ], [ -5.7884391, 35.7699508 ], [ -5.7890162, 35.7704362 ], [ -5.7891311, 35.7705262 ], [ -5.7895211, 35.7708312 ], [ -5.7899658, 35.7712049 ], [ -5.7902363, 35.771416 ] ], [ [ -5.7903817, 35.7551791 ], [ -5.7890325, 35.7554504 ], [ -5.7886148, 35.755535 ], [ -5.7883734, 35.7556047 ], [ -5.7881547, 35.7556814 ], [ -5.7879388, 35.7557962 ], [ -5.7877826, 35.7559045 ], [ -5.7876813, 35.7559747 ], [ -5.7874373, 35.7562011 ], [ -5.7871529, 35.7565341 ], [ -5.7867493, 35.7570521 ], [ -5.786292, 35.7576148 ], [ -5.7859299, 35.7580164 ], [ -5.7856214, 35.7582917 ], [ -5.7853264, 35.7585246 ], [ -5.784916, 35.7587967 ], [ -5.7841683, 35.7592339 ] ], [ [ -5.7903817, 35.7551791 ], [ -5.7905793, 35.7551772 ], [ -5.7907329, 35.7552092 ] ], [ [ -5.7907329, 35.7552092 ], [ -5.7907732, 35.7552406 ], [ -5.7908226, 35.7552616 ], [ -5.7908491, 35.7552668 ] ], [ [ -5.7908491, 35.7552668 ], [ -5.7909077, 35.7552701 ] ], [ [ -5.7909077, 35.7552701 ], [ -5.7909618, 35.7552598 ], [ -5.7910102, 35.7552374 ], [ -5.791049, 35.7552049 ] ], [ [ -5.791049, 35.7552049 ], [ -5.7910704, 35.7551745 ] ], [ [ -5.7910704, 35.7551745 ], [ -5.7910864, 35.7551212 ] ], [ [ -5.7910864, 35.7551212 ], [ -5.7914378, 35.7547933 ] ], [ [ -5.7926964, 35.7539651 ], [ -5.7926575, 35.7540011 ], [ -5.7926306, 35.754026 ], [ -5.792463, 35.7541474 ], [ -5.7923092, 35.7542539 ], [ -5.7920051, 35.7544467 ], [ -5.791769, 35.7546023 ], [ -5.7915712, 35.7547172 ], [ -5.7914378, 35.7547933 ] ], [ [ -5.7926964, 35.7539651 ], [ -5.7929404, 35.753796 ] ], [ [ -5.7929404, 35.753796 ], [ -5.7929812, 35.7537869 ], [ -5.792999, 35.7537804 ], [ -5.7930118, 35.7537728 ], [ -5.793032, 35.7537517 ], [ -5.7930432, 35.7537265 ], [ -5.7930443, 35.7536998 ], [ -5.7930352, 35.7536742 ], [ -5.7930162, 35.7536515 ], [ -5.7929894, 35.7536349 ], [ -5.7929576, 35.7536259 ], [ -5.7929239, 35.7536256 ], [ -5.7928917, 35.753634 ] ], [ [ -5.7928917, 35.753634 ], [ -5.7927335, 35.7535169 ] ], [ [ -5.7923176, 35.7493328 ], [ -5.7918388, 35.7499463 ], [ -5.7914002, 35.7505079 ], [ -5.7912822, 35.75067 ], [ -5.7911655, 35.750866 ], [ -5.791077, 35.7510379 ], [ -5.7910448, 35.7511859 ], [ -5.7910494, 35.7512272 ], [ -5.7910582, 35.7513057 ], [ -5.7910831, 35.7513747 ], [ -5.7911092, 35.7514472 ], [ -5.7912111, 35.7516714 ], [ -5.7918755, 35.7524668 ], [ -5.7920313, 35.7526619 ], [ -5.7921338, 35.7527902 ], [ -5.7923254, 35.7530224 ], [ -5.7927335, 35.7535169 ] ], [ [ -5.7923176, 35.7493328 ], [ -5.7925442, 35.7494717 ], [ -5.7927722, 35.7495871 ], [ -5.7928935, 35.7496393 ], [ -5.7930055, 35.7496714 ], [ -5.7931028, 35.7496888 ], [ -5.7932214, 35.7497003 ], [ -5.7934213, 35.7497106 ], [ -5.7937894, 35.7497248 ], [ -5.7941756, 35.7497395 ], [ -5.7944244, 35.7497144 ], [ -5.7946202, 35.7496861 ], [ -5.7948147, 35.7496513 ], [ -5.7953458, 35.749561 ], [ -5.7957454, 35.7494978 ], [ -5.7959211, 35.7494706 ], [ -5.7961705, 35.749438 ], [ -5.7963234, 35.7494358 ], [ -5.796589, 35.7494336 ], [ -5.7969288, 35.7494301 ], [ -5.7975398, 35.7494239 ], [ -5.7975666, 35.7494236 ], [ -5.7976578, 35.7494227 ], [ -5.7977196, 35.7494221 ], [ -5.7988314, 35.7494107 ] ], [ [ -5.7988314, 35.7494107 ], [ -5.7991163, 35.7500121 ] ], [ [ -5.7991163, 35.7500121 ], [ -5.7991959, 35.7501885 ], [ -5.7993892, 35.7506167 ], [ -5.7995298, 35.7509153 ], [ -5.7995474, 35.7509557 ], [ -5.7997231, 35.7513884 ], [ -5.799791, 35.7515778 ] ], [ [ -5.799791, 35.7515778 ], [ -5.7998355, 35.7517362 ], [ -5.7998459, 35.7517731 ], [ -5.7998632, 35.7519137 ] ], [ [ -5.7998632, 35.7519137 ], [ -5.7998139, 35.7519521 ], [ -5.7997794, 35.7519999 ], [ -5.7997622, 35.7520536 ], [ -5.7997636, 35.752109 ] ], [ [ -5.7997636, 35.752109 ], [ -5.7997783, 35.7521522 ], [ -5.7998043, 35.7521916 ], [ -5.7998403, 35.7522255 ], [ -5.7998847, 35.7522521 ] ], [ [ -5.7998847, 35.7522521 ], [ -5.7999299, 35.7522687 ], [ -5.7999783, 35.7522777 ], [ -5.8000266, 35.7522788 ], [ -5.8000742, 35.7522724 ], [ -5.8001194, 35.7522586 ], [ -5.8001604, 35.7522379 ], [ -5.8002152, 35.7521911 ] ], [ [ -5.8002152, 35.7521911 ], [ -5.8002486, 35.7521338 ], [ -5.8002584, 35.7520709 ] ], [ [ -5.8002584, 35.7520709 ], [ -5.800253, 35.752035 ], [ -5.8002399, 35.7520004 ], [ -5.8002063, 35.7519534 ], [ -5.8001586, 35.7519153 ], [ -5.8000904, 35.7518861 ], [ -5.8000626, 35.7518789 ] ], [ [ -5.8000626, 35.7518789 ], [ -5.799998, 35.7517486 ], [ -5.7999739, 35.7516952 ], [ -5.7999255, 35.7515878 ], [ -5.799822, 35.7513567 ], [ -5.7996177, 35.7508897 ], [ -5.7995538, 35.7507467 ], [ -5.7993476, 35.7503022 ], [ -5.7992834, 35.7501651 ], [ -5.7991994, 35.7499861 ], [ -5.79907, 35.7497101 ], [ -5.7989357, 35.7494058 ], [ -5.798889, 35.7492997 ], [ -5.7988431, 35.7491767 ], [ -5.7988071, 35.7490516 ], [ -5.7987862, 35.7489528 ], [ -5.7987725, 35.7488608 ], [ -5.7987706, 35.7487915 ], [ -5.7987683, 35.7487055 ], [ -5.7987522, 35.7481515 ], [ -5.7987284, 35.7477314 ], [ -5.7987414, 35.747432 ], [ -5.7987476, 35.7472369 ], [ -5.7987629, 35.7467593 ], [ -5.7987724, 35.7465588 ], [ -5.798782, 35.746412 ], [ -5.7987964, 35.7462434 ], [ -5.7988399, 35.7460118 ], [ -5.7989875, 35.7454196 ], [ -5.7990266, 35.7452651 ], [ -5.7990445, 35.7451941 ], [ -5.7990958, 35.7449947 ], [ -5.7991357, 35.7447936 ], [ -5.799163, 35.7446018 ], [ -5.79918, 35.7444093 ], [ -5.7991857, 35.7443285 ], [ -5.7992169, 35.7438874 ] ], [ [ -5.7992169, 35.7438874 ], [ -5.7992321, 35.7437365 ], [ -5.799241, 35.7436463 ], [ -5.7992544, 35.7435706 ], [ -5.7992733, 35.7434957 ] ], [ [ -5.7992733, 35.7434957 ], [ -5.7993008, 35.7434809 ], [ -5.7993231, 35.7434611 ] ], [ [ -5.7993231, 35.7434611 ], [ -5.799426, 35.7433841 ], [ -5.7994908, 35.7433356 ], [ -5.7997433, 35.743175 ], [ -5.8000029, 35.7430251 ], [ -5.8004956, 35.7427396 ], [ -5.8006921, 35.7426204 ], [ -5.8010441, 35.7423983 ], [ -5.8012956, 35.742283 ], [ -5.8014303, 35.7422323 ], [ -5.8016066, 35.7421933 ], [ -5.8026253, 35.7420593 ], [ -5.8042614, 35.7418699 ], [ -5.8047938, 35.7418198 ], [ -5.8055304, 35.7417235 ], [ -5.8057091, 35.7416979 ], [ -5.8058535, 35.7416753 ] ], [ [ -5.8058535, 35.7416753 ], [ -5.8058754, 35.7416943 ] ], [ [ -5.8058754, 35.7416943 ], [ -5.8059004, 35.7417053 ], [ -5.8059284, 35.7417098 ], [ -5.8059567, 35.7417072 ], [ -5.8059828, 35.741698 ] ], [ [ -5.8059828, 35.741698 ], [ -5.8060025, 35.7416845 ], [ -5.8060169, 35.7416673 ] ], [ [ -5.8060169, 35.7416673 ], [ -5.8061547, 35.7416492 ], [ -5.806353, 35.7416165 ] ], [ [ -5.8169134, 35.7440063 ], [ -5.8164615, 35.7438368 ], [ -5.8155669, 35.7434678 ], [ -5.8154006, 35.7434036 ], [ -5.814718, 35.7431521 ], [ -5.8142405, 35.7429776 ], [ -5.8141504, 35.7429436 ], [ -5.813279, 35.7425883 ], [ -5.8130752, 35.7424631 ], [ -5.8129786, 35.7423858 ], [ -5.8128706, 35.742277 ], [ -5.8128069, 35.7421953 ], [ -5.8127131, 35.7420582 ], [ -5.8126514, 35.7419297 ], [ -5.8125629, 35.7417229 ], [ -5.8125146, 35.7416217 ], [ -5.8124502, 35.7414617 ], [ -5.8123858, 35.7413474 ], [ -5.8123255, 35.7412494 ], [ -5.8122799, 35.7411983 ], [ -5.8122303, 35.7411417 ], [ -5.8121565, 35.74106 ], [ -5.8120975, 35.7410121 ], [ -5.812013, 35.7409577 ], [ -5.8119205, 35.740906 ], [ -5.8118467, 35.7408744 ], [ -5.8117575, 35.7408467 ], [ -5.8116509, 35.7408227 ], [ -5.8115503, 35.7408086 ], [ -5.8114243, 35.7408064 ], [ -5.8112915, 35.7408173 ], [ -5.8111762, 35.7408325 ], [ -5.8110823, 35.7408499 ], [ -5.8109562, 35.7408913 ], [ -5.8108529, 35.7409381 ], [ -5.8107618, 35.7409882 ], [ -5.8103215, 35.7411972 ], [ -5.8098874, 35.7414551 ], [ -5.8096151, 35.741613 ], [ -5.809481, 35.7416805 ], [ -5.8091712, 35.7417904 ], [ -5.808903, 35.7418209 ], [ -5.8086495, 35.7418046 ], [ -5.8084993, 35.7417931 ], [ -5.8083424, 35.7417741 ], [ -5.8081989, 35.7417561 ], [ -5.8079112, 35.7417164 ], [ -5.8076242, 35.7416772 ], [ -5.8072742, 35.7416397 ], [ -5.8071012, 35.7416304 ], [ -5.8068518, 35.7416173 ], [ -5.8066788, 35.741613 ], [ -5.8065133, 35.7416148 ], [ -5.806353, 35.7416165 ] ], [ [ -5.8169134, 35.7440063 ], [ -5.8171806, 35.7441227 ] ], [ [ -5.8171806, 35.7441227 ], [ -5.8171908, 35.7441531 ], [ -5.8172105, 35.7441802 ] ], [ [ -5.8172105, 35.7441802 ], [ -5.8172621, 35.7442135 ], [ -5.8173265, 35.7442248 ] ], [ [ -5.8173265, 35.7442248 ], [ -5.8173829, 35.7442146 ], [ -5.8174299, 35.7441873 ] ], [ [ -5.8174299, 35.7441873 ], [ -5.8174599, 35.7441473 ], [ -5.8174689, 35.7441009 ] ], [ [ -5.8174689, 35.7441009 ], [ -5.8176538, 35.7439162 ] ], [ [ -5.8252415, 35.7429633 ], [ -5.8251695, 35.7429636 ], [ -5.8247093, 35.742939 ], [ -5.8245809, 35.7429374 ], [ -5.8244721, 35.7429361 ], [ -5.8242272, 35.7429323 ], [ -5.8239896, 35.7429271 ], [ -5.8236515, 35.7429279 ], [ -5.8232165, 35.7429353 ], [ -5.823106, 35.7429289 ], [ -5.8229415, 35.7429195 ], [ -5.8226257, 35.742899 ], [ -5.8225036, 35.7428931 ], [ -5.8223842, 35.7428785 ], [ -5.8221882, 35.7428566 ], [ -5.8221252, 35.7428559 ], [ -5.8218736, 35.7428598 ], [ -5.8217918, 35.742866 ], [ -5.8216536, 35.7428873 ], [ -5.8215643, 35.7428987 ], [ -5.8214345, 35.7429157 ], [ -5.8212827, 35.7429448 ], [ -5.821219, 35.7429563 ], [ -5.8210318, 35.7429924 ], [ -5.8207082, 35.743049 ], [ -5.8205384, 35.7430813 ], [ -5.8204488, 35.7431032 ], [ -5.8202221, 35.7431702 ], [ -5.819904, 35.7432659 ], [ -5.819727, 35.7433143 ], [ -5.8195634, 35.7433557 ], [ -5.8193628, 35.743412 ], [ -5.8193111, 35.7434234 ], [ -5.8192461, 35.7434348 ], [ -5.8191321, 35.7434544 ], [ -5.8189993, 35.7434729 ], [ -5.8187995, 35.7434931 ], [ -5.8186379, 35.7435099 ], [ -5.8185362, 35.7435218 ], [ -5.8184883, 35.7435289 ], [ -5.818443, 35.7435371 ], [ -5.8183308, 35.7435564 ], [ -5.8182604, 35.743576 ], [ -5.8182181, 35.7435917 ], [ -5.8181435, 35.7436205 ], [ -5.8180671, 35.7436586 ], [ -5.8180067, 35.7436956 ], [ -5.8178777, 35.743766 ], [ -5.8176538, 35.7439162 ] ], [ [ -5.8298053, 35.7434769 ], [ -5.8297017, 35.7434905 ], [ -5.8295369, 35.7435065 ], [ -5.8292754, 35.743532 ], [ -5.8290637, 35.7435537 ], [ -5.8289428, 35.7435594 ], [ -5.8288252, 35.7435537 ], [ -5.8286977, 35.743519 ], [ -5.8285394, 35.7434689 ], [ -5.8281103, 35.7433034 ], [ -5.8278769, 35.7431946 ], [ -5.827598, 35.7431075 ], [ -5.8273861, 35.7430596 ], [ -5.8270471, 35.7430129 ], [ -5.8269015, 35.7430084 ], [ -5.8261658, 35.7429854 ], [ -5.8252415, 35.7429633 ] ], [ [ -5.8298053, 35.7434769 ], [ -5.8299314, 35.7435005 ], [ -5.8300417, 35.7435141 ], [ -5.8301871, 35.7435226 ] ], [ [ -5.8301871, 35.7435226 ], [ -5.8301944, 35.7435513 ], [ -5.8302125, 35.7435767 ] ], [ [ -5.8302125, 35.7435767 ], [ -5.8302352, 35.7435939 ], [ -5.8302626, 35.7436055 ], [ -5.830293, 35.7436106 ] ], [ [ -5.830293, 35.7436106 ], [ -5.830321, 35.7436094 ] ], [ [ -5.830321, 35.7436094 ], [ -5.8303568, 35.7436515 ], [ -5.8304391, 35.7437203 ], [ -5.8305263, 35.7437742 ], [ -5.8306336, 35.7438428 ], [ -5.8307952, 35.7439168 ], [ -5.8309695, 35.7439837 ], [ -5.8312961, 35.7441057 ], [ -5.8315824, 35.7442112 ], [ -5.8323643, 35.7444994 ], [ -5.832662, 35.7446151 ], [ -5.8329463, 35.7447032 ], [ -5.833098, 35.7447565 ], [ -5.8335471, 35.7449144 ], [ -5.8339266, 35.7450505 ], [ -5.8340701, 35.7450962 ], [ -5.8346006, 35.7452785 ], [ -5.8351055, 35.7454543 ], [ -5.8354984, 35.7455892 ], [ -5.8360322, 35.7457732 ], [ -5.8367027, 35.7459942 ], [ -5.837144, 35.7461531 ], [ -5.8374994, 35.7462695 ], [ -5.8378145, 35.7463741 ], [ -5.8379312, 35.7464157 ], [ -5.8382785, 35.7465482 ], [ -5.8386366, 35.7466919 ], [ -5.8389933, 35.7468279 ], [ -5.8393288, 35.746957 ], [ -5.8394265, 35.7469944 ], [ -5.8396558, 35.7470815 ], [ -5.8402734, 35.747317 ], [ -5.8408481, 35.7475844 ], [ -5.8409811, 35.7476326 ] ], [ [ -5.8409811, 35.7476326 ], [ -5.8409773, 35.7476836 ], [ -5.8409858, 35.7477342 ], [ -5.8410063, 35.7477825 ] ], [ [ -5.8410063, 35.7477825 ], [ -5.8410543, 35.7478437 ], [ -5.8411212, 35.7478918 ], [ -5.8412017, 35.7479232 ], [ -5.8412898, 35.7479354 ] ], [ [ -5.8412898, 35.7479354 ], [ -5.8413783, 35.7479276 ], [ -5.8414608, 35.7479005 ], [ -5.8415479, 35.7478422 ], [ -5.8416002, 35.747769 ] ], [ [ -5.8416002, 35.747769 ], [ -5.8416211, 35.7476964 ], [ -5.841616, 35.747622 ], [ -5.8415852, 35.7475518 ] ], [ [ -5.8415852, 35.7475518 ], [ -5.8422896, 35.746609 ], [ -5.8423208, 35.7465672 ], [ -5.8424716, 35.746362 ], [ -5.8425444, 35.7461933 ] ], [ [ -5.8425444, 35.7461933 ], [ -5.8432555, 35.7452679 ], [ -5.843762, 35.7446666 ], [ -5.8439053, 35.7445049 ], [ -5.8439314, 35.7444808 ] ], [ [ -5.8439314, 35.7444808 ], [ -5.8440004, 35.7444742 ], [ -5.8440618, 35.7444477 ], [ -5.844107, 35.7444049 ], [ -5.8441328, 35.7443499 ], [ -5.8441347, 35.7443008 ], [ -5.8441174, 35.7442695 ] ], [ [ -5.8441174, 35.7442695 ], [ -5.8442753, 35.7440019 ], [ -5.8447259, 35.7434183 ], [ -5.8451721, 35.742844 ], [ -5.8459201, 35.7419167 ], [ -5.8466309, 35.7410415 ] ], [ [ -5.8466309, 35.7410415 ], [ -5.8468683, 35.7407813 ], [ -5.847111, 35.7405506 ], [ -5.8477239, 35.7401032 ], [ -5.8478782, 35.7399982 ], [ -5.8482702, 35.7397772 ], [ -5.8489056, 35.7395211 ], [ -5.8493924, 35.7393658 ] ], [ [ -5.8493924, 35.7393658 ], [ -5.8513793, 35.7388535 ], [ -5.8514974, 35.7388256 ], [ -5.8524865, 35.738583 ], [ -5.8528635, 35.7385088 ], [ -5.8529665, 35.7384944 ] ], [ [ -5.8529665, 35.7384944 ], [ -5.8530036, 35.7385132 ], [ -5.8530594, 35.7385311 ], [ -5.8531192, 35.7385344 ], [ -5.8531775, 35.7385228 ] ], [ [ -5.8531775, 35.7385228 ], [ -5.8532158, 35.7385055 ], [ -5.8532484, 35.7384817 ], [ -5.8532736, 35.7384527 ], [ -5.8532902, 35.7384197 ] ], [ [ -5.8532902, 35.7384197 ], [ -5.8532977, 35.7383766 ] ], [ [ -5.8532977, 35.7383766 ], [ -5.8534636, 35.7383283 ], [ -5.8544482, 35.7380796 ], [ -5.8553031, 35.7378802 ], [ -5.8553676, 35.7378652 ], [ -5.85559, 35.7378071 ], [ -5.8556592, 35.7378015 ], [ -5.8558417, 35.7377965 ] ], [ [ -5.8558417, 35.7377965 ], [ -5.8558901, 35.7378036 ], [ -5.8559389, 35.737799 ], [ -5.8559841, 35.7377832 ], [ -5.8560217, 35.7377576 ] ], [ [ -5.8560217, 35.7377576 ], [ -5.8563816, 35.7376109 ], [ -5.8565709, 35.7375544 ], [ -5.857165, 35.7374008 ], [ -5.8572677, 35.7373753 ], [ -5.857337, 35.7373563 ] ], [ [ -5.857337, 35.7373563 ], [ -5.8574059, 35.7373375 ], [ -5.8581926, 35.7371227 ], [ -5.8590724, 35.7368669 ], [ -5.859928, 35.7365719 ], [ -5.8612245, 35.7360638 ] ], [ [ -5.8612245, 35.7360638 ], [ -5.8614448, 35.7359775 ], [ -5.8623192, 35.7356161 ], [ -5.8629012, 35.7353788 ], [ -5.8634403, 35.735173 ], [ -5.8636388, 35.7350936 ], [ -5.8643839, 35.7347894 ], [ -5.8649826, 35.7345427 ], [ -5.8652857, 35.734423 ], [ -5.8656921, 35.7342532 ], [ -5.8661413, 35.7340703 ], [ -5.8667321, 35.7338389 ], [ -5.8673819, 35.7335548 ], [ -5.8674388, 35.7335358 ], [ -5.8674871, 35.7335238 ], [ -5.8675816, 35.7335042 ] ], [ [ -5.8675816, 35.7335042 ], [ -5.867601, 35.7335117 ], [ -5.8676216, 35.733517 ], [ -5.8676728, 35.7335201 ], [ -5.8677225, 35.7335099 ], [ -5.8677656, 35.7334872 ], [ -5.8677976, 35.7334546 ], [ -5.8678149, 35.7334159 ] ], [ [ -5.8678149, 35.7334159 ], [ -5.8678894, 35.7333697 ], [ -5.8679558, 35.7333382 ], [ -5.8680309, 35.733305 ], [ -5.8680964, 35.7332784 ], [ -5.8680967, 35.7332783 ], [ -5.8691158, 35.7329115 ], [ -5.8692145, 35.7328809 ], [ -5.8707478, 35.7323929 ], [ -5.8718839, 35.7320313 ], [ -5.8728026, 35.7317308 ] ], [ [ -5.8728026, 35.7317308 ], [ -5.8733726, 35.7315686 ], [ -5.8735657, 35.7315207 ], [ -5.873664, 35.7314879 ] ], [ [ -5.873664, 35.7314879 ], [ -5.8737062, 35.7315076 ] ], [ [ -5.8737062, 35.7315076 ], [ -5.8737119, 35.731592 ], [ -5.8737401, 35.7316742 ], [ -5.8737863, 35.7318065 ], [ -5.8739118, 35.7320892 ] ], [ [ -5.8739118, 35.7320892 ], [ -5.874019, 35.7326823 ], [ -5.8740414, 35.7327565 ], [ -5.8741673, 35.7331905 ], [ -5.8743247, 35.733698 ], [ -5.8743864, 35.7338852 ], [ -5.8744468, 35.734042 ], [ -5.874491, 35.7341595 ], [ -5.8745246, 35.7342738 ], [ -5.874542, 35.7343664 ], [ -5.8745447, 35.7345122 ] ], [ [ -5.8745447, 35.7345122 ], [ -5.874538, 35.7345961 ], [ -5.8745098, 35.7346984 ], [ -5.8744508, 35.734829 ], [ -5.8743502, 35.7350435 ], [ -5.874223, 35.7353299 ], [ -5.8741424, 35.7355399 ], [ -5.87409, 35.7356836 ], [ -5.874074, 35.7357456 ], [ -5.8740565, 35.7358959 ], [ -5.8740418, 35.7360309 ], [ -5.8740377, 35.7361441 ], [ -5.8740462, 35.7362812 ] ], [ [ -5.8740462, 35.7362812 ], [ -5.8740605, 35.7363656 ], [ -5.8740753, 35.7364423 ], [ -5.8741001, 35.7365376 ], [ -5.8741356, 35.7366421 ], [ -5.8741745, 35.7367297 ], [ -5.8742255, 35.7368419 ], [ -5.8742537, 35.7368957 ], [ -5.8743442, 35.7370487 ], [ -5.8744595, 35.7372348 ], [ -5.8745755, 35.7374047 ], [ -5.8747137, 35.7376235 ], [ -5.8748337, 35.7378026 ], [ -5.8749737, 35.7380116 ], [ -5.8750114, 35.7380687 ] ], [ [ -5.8750114, 35.7380687 ], [ -5.8750847, 35.7382484 ], [ -5.8751296, 35.7383587 ], [ -5.8751996, 35.7385317 ] ], [ [ -5.8751996, 35.7385317 ], [ -5.8751975, 35.7385617 ] ], [ [ -5.8751975, 35.7385617 ], [ -5.8752049, 35.7385834 ], [ -5.8752137, 35.7385984 ], [ -5.8752317, 35.7386199 ], [ -5.8752576, 35.7386393 ], [ -5.8752873, 35.7386521 ] ], [ [ -5.8752873, 35.7386521 ], [ -5.8753243, 35.7386592 ], [ -5.8753622, 35.7386578 ] ], [ [ -5.8753622, 35.7386578 ], [ -5.8753986, 35.7386481 ], [ -5.8754303, 35.7386307 ], [ -5.8754549, 35.7386069 ] ], [ [ -5.8754549, 35.7386069 ], [ -5.8754678, 35.7385856 ], [ -5.8754756, 35.7385583 ] ], [ [ -5.8754756, 35.7385583 ], [ -5.8755907, 35.7384715 ], [ -5.8757061, 35.7383942 ], [ -5.875808, 35.7383376 ], [ -5.8760373, 35.7382135 ], [ -5.8762938, 35.7380864 ], [ -5.8763646, 35.7380513 ], [ -5.8766623, 35.7378967 ], [ -5.8768514, 35.7377911 ], [ -5.8771464, 35.737593 ], [ -5.8775152, 35.7373622 ], [ -5.8776909, 35.7372686 ], [ -5.8779264, 35.737143 ] ], [ [ -5.8779264, 35.737143 ], [ -5.8779491, 35.7371482 ], [ -5.8779726, 35.7371494 ], [ -5.877996, 35.7371467 ] ], [ [ -5.877996, 35.7371467 ], [ -5.8781563, 35.7371913 ], [ -5.878285, 35.7372163 ], [ -5.8785211, 35.7372512 ], [ -5.8787249, 35.7372762 ], [ -5.8789931, 35.737286 ], [ -5.8794639, 35.737286 ], [ -5.8805019, 35.737298 ], [ -5.8812073, 35.7373067 ], [ -5.8819985, 35.7373197 ] ], [ [ -5.8819985, 35.7373197 ], [ -5.8821919, 35.7373184 ], [ -5.8824289, 35.7373244 ], [ -5.8830002, 35.7373353 ], [ -5.8832122, 35.7373396 ], [ -5.8834042, 35.737341 ], [ -5.884336, 35.7373418 ], [ -5.884945, 35.7373556 ], [ -5.8861625, 35.7373665 ], [ -5.8874046, 35.7373312 ], [ -5.8874803, 35.7373323 ], [ -5.8876202, 35.7373306 ], [ -5.8877326, 35.7373477 ], [ -5.8879289, 35.7373923 ] ], [ [ -5.8879663, 35.7373087 ], [ -5.8879289, 35.7373923 ] ], [ [ -5.8897099, 35.7359209 ], [ -5.8896482, 35.7360232 ], [ -5.8895946, 35.7360842 ], [ -5.8894846, 35.7361713 ], [ -5.8889696, 35.7365719 ], [ -5.8885592, 35.7369065 ], [ -5.8884192, 35.7370065 ], [ -5.8880095, 35.7372824 ], [ -5.8879663, 35.7373087 ] ], [ [ -5.889852, 35.7341911 ], [ -5.8897474, 35.7356292 ], [ -5.8897367, 35.7358273 ], [ -5.8897099, 35.7359209 ] ] ] } },
{ "type": "Feature", "properties": { "name": "Boukhalef-Tanja Balia", "Number": "L20" }, "geometry": { "type": "MultiLineString", "coordinates": [ [ [ -5.889852, 35.7341911 ], [ -5.8897474, 35.7356292 ], [ -5.8897367, 35.7358273 ], [ -5.8897099, 35.7359209 ] ], [ [ -5.8816841, 35.7342532 ], [ -5.8817464, 35.7342308 ], [ -5.8818289, 35.7341911 ], [ -5.8818812, 35.7341661 ], [ -5.8819456, 35.7341378 ], [ -5.8820676, 35.7340817 ], [ -5.882195, 35.7340333 ], [ -5.8823244, 35.7339941 ], [ -5.8824424, 35.7339571 ], [ -5.8825953, 35.7339277 ], [ -5.8827683, 35.7339092 ], [ -5.8829561, 35.7338972 ], [ -5.883168, 35.7338928 ], [ -5.883408, 35.7338994 ], [ -5.8834968, 35.7339022 ], [ -5.883856, 35.7339135 ], [ -5.8841443, 35.7339244 ], [ -5.8843133, 35.7339331 ], [ -5.8844876, 35.733944 ], [ -5.8851729, 35.7339843 ], [ -5.8853473, 35.7339843 ], [ -5.8855833, 35.7339919 ], [ -5.886046, 35.7340278 ], [ -5.8863477, 35.7340452 ], [ -5.8865127, 35.7340431 ], [ -5.887485, 35.7340808 ], [ -5.889852, 35.7341911 ] ], [ [ -5.8816841, 35.7342532 ], [ -5.8816032, 35.7342376 ], [ -5.8815563, 35.7342265 ], [ -5.8815114, 35.7342183 ], [ -5.8814668, 35.7342112 ], [ -5.8814396, 35.7342096 ], [ -5.8813748, 35.7342159 ] ], [ [ -5.8813748, 35.7342159 ], [ -5.8813741, 35.7342088 ], [ -5.8813722, 35.734197 ], [ -5.8813604, 35.7341699 ], [ -5.8813395, 35.7341468 ], [ -5.8813112, 35.7341297 ], [ -5.8812779, 35.73412 ], [ -5.8812427, 35.7341187 ], [ -5.8812029, 35.7341277 ], [ -5.8811693, 35.7341472 ], [ -5.8811458, 35.7341748 ] ], [ [ -5.8811458, 35.7341748 ], [ -5.8811353, 35.7342071 ], [ -5.881139, 35.7342404 ] ], [ [ -5.881139, 35.7342404 ], [ -5.8809022, 35.734491 ], [ -5.880646, 35.7347414 ], [ -5.8803865, 35.7349999 ], [ -5.8800399, 35.7353276 ], [ -5.8797663, 35.735597 ], [ -5.8795698, 35.7357848 ], [ -5.8793538, 35.7359836 ], [ -5.8792161, 35.7361033 ], [ -5.8790964, 35.7362018 ], [ -5.8789388, 35.7363128 ], [ -5.8787363, 35.73645 ], [ -5.8785137, 35.7366045 ], [ -5.8779989, 35.73697 ] ], [ [ -5.8779989, 35.73697 ], [ -5.8779704, 35.7369665 ], [ -5.8779418, 35.7369691 ], [ -5.8779149, 35.7369774 ], [ -5.8778914, 35.736991 ], [ -5.877873, 35.737009 ], [ -5.8778608, 35.7370302 ], [ -5.8778556, 35.7370532 ], [ -5.8778578, 35.7370765 ] ], [ [ -5.8778578, 35.7370765 ], [ -5.8777466, 35.7371411 ], [ -5.8765597, 35.7378304 ], [ -5.8764821, 35.7378755 ], [ -5.8762237, 35.7380111 ], [ -5.8761178, 35.7380616 ], [ -5.8753968, 35.738445 ] ], [ [ -5.8753968, 35.738445 ], [ -5.8753347, 35.7384331 ] ], [ [ -5.8753347, 35.7384331 ], [ -5.875147, 35.7382057 ], [ -5.8750114, 35.7380687 ] ], [ [ -5.8740462, 35.7362812 ], [ -5.8740605, 35.7363656 ], [ -5.8740753, 35.7364423 ], [ -5.8741001, 35.7365376 ], [ -5.8741356, 35.7366421 ], [ -5.8741745, 35.7367297 ], [ -5.8742255, 35.7368419 ], [ -5.8742537, 35.7368957 ], [ -5.8743442, 35.7370487 ], [ -5.8744595, 35.7372348 ], [ -5.8745755, 35.7374047 ], [ -5.8747137, 35.7376235 ], [ -5.8748337, 35.7378026 ], [ -5.8749737, 35.7380116 ], [ -5.8750114, 35.7380687 ] ], [ [ -5.8745447, 35.7345122 ], [ -5.874538, 35.7345961 ], [ -5.8745098, 35.7346984 ], [ -5.8744508, 35.734829 ], [ -5.8743502, 35.7350435 ], [ -5.874223, 35.7353299 ], [ -5.8741424, 35.7355399 ], [ -5.87409, 35.7356836 ], [ -5.874074, 35.7357456 ], [ -5.8740565, 35.7358959 ], [ -5.8740418, 35.7360309 ], [ -5.8740377, 35.7361441 ], [ -5.8740462, 35.7362812 ] ], [ [ -5.8739118, 35.7320892 ], [ -5.874019, 35.7326823 ], [ -5.8740414, 35.7327565 ], [ -5.8741673, 35.7331905 ], [ -5.8743247, 35.733698 ], [ -5.8743864, 35.7338852 ], [ -5.8744468, 35.734042 ], [ -5.874491, 35.7341595 ], [ -5.8745246, 35.7342738 ], [ -5.874542, 35.7343664 ], [ -5.8745447, 35.7345122 ] ], [ [ -5.8739118, 35.7320892 ], [ -5.8739285, 35.7317237 ], [ -5.8739291, 35.7316012 ], [ -5.8739211, 35.7315201 ], [ -5.8739015, 35.7314317 ] ], [ [ -5.8739015, 35.7314317 ], [ -5.8739065, 35.7314204 ], [ -5.8739116, 35.7314025 ] ], [ [ -5.8739116, 35.7314025 ], [ -5.8739127, 35.7313616 ], [ -5.8738916, 35.7313164 ], [ -5.8738513, 35.7312809 ] ], [ [ -5.8738513, 35.7312809 ], [ -5.8738112, 35.7312635 ], [ -5.8737667, 35.7312562 ], [ -5.8737215, 35.7312595 ], [ -5.8736793, 35.7312732 ], [ -5.8736437, 35.7312962 ], [ -5.8736177, 35.7313264 ], [ -5.8736035, 35.7313614 ] ], [ [ -5.8736035, 35.7313614 ], [ -5.8735141, 35.7313951 ], [ -5.8730802, 35.7315588 ], [ -5.872132, 35.731868 ], [ -5.8708687, 35.7322648 ], [ -5.8697992, 35.7325941 ], [ -5.86913, 35.732815 ] ], [ [ -5.86913, 35.732815 ], [ -5.8688529, 35.732904 ], [ -5.8685784, 35.7329982 ], [ -5.8683067, 35.7330976 ], [ -5.8680379, 35.7332022 ] ], [ [ -5.8680379, 35.7332022 ], [ -5.8679706, 35.7332291 ], [ -5.8679006, 35.733251 ], [ -5.8678291, 35.7332698 ], [ -5.8677528, 35.7332879 ] ], [ [ -5.8677528, 35.7332879 ], [ -5.8677191, 35.7332726 ] ], [ [ -5.8677191, 35.7332726 ], [ -5.8676678, 35.7332632 ], [ -5.8676156, 35.7332679 ], [ -5.8675681, 35.7332862 ], [ -5.8675306, 35.7333161 ] ], [ [ -5.8675306, 35.7333161 ], [ -5.867515, 35.7333377 ], [ -5.8675048, 35.7333615 ], [ -5.8675005, 35.7333863 ] ], [ [ -5.8675005, 35.7333863 ], [ -5.8674388, 35.7334242 ], [ -5.867402, 35.7334435 ], [ -5.867363, 35.7334623 ], [ -5.8664357, 35.7338667 ], [ -5.8661886, 35.7339721 ], [ -5.8660783, 35.7340191 ], [ -5.8657216, 35.7341595 ], [ -5.8654279, 35.7342771 ], [ -5.8652106, 35.7343696 ], [ -5.8649182, 35.7344905 ] ], [ [ -5.8649182, 35.7344905 ], [ -5.8643295, 35.7347272 ] ], [ [ -5.8643295, 35.7347272 ], [ -5.8638097, 35.7349376 ] ], [ [ -5.8638097, 35.7349376 ], [ -5.8637645, 35.7349559 ], [ -5.8635976, 35.7350234 ] ], [ [ -5.8635976, 35.7350234 ], [ -5.8611833, 35.7360004 ], [ -5.8608305, 35.7361506 ], [ -5.8594492, 35.7366611 ], [ -5.8583026, 35.7370128 ], [ -5.8571734, 35.7373143 ], [ -5.8565388, 35.7374745 ], [ -5.8563602, 35.7375147 ], [ -5.8560924, 35.7375444 ], [ -5.8560011, 35.7375592 ] ], [ [ -5.8560011, 35.7375592 ], [ -5.8559725, 35.7375442 ], [ -5.8559218, 35.7375308 ], [ -5.8558684, 35.7375308 ], [ -5.8558178, 35.7375444 ], [ -5.8557748, 35.7375701 ], [ -5.8557526, 35.7375927 ], [ -5.8557368, 35.7376187 ], [ -5.855728, 35.7376467 ] ], [ [ -5.855728, 35.7376467 ], [ -5.8556419, 35.7376736 ], [ -5.8543516, 35.7380099 ], [ -5.8534133, 35.7382318 ], [ -5.8533462, 35.7382419 ], [ -5.8531938, 35.7382364 ] ], [ [ -5.8531938, 35.7382364 ], [ -5.8531384, 35.7382207 ], [ -5.8530798, 35.7382191 ] ], [ [ -5.8530798, 35.7382191 ], [ -5.8530297, 35.7382294 ], [ -5.8529847, 35.7382501 ], [ -5.8529479, 35.7382796 ] ], [ [ -5.8529479, 35.7382796 ], [ -5.8529257, 35.738309 ], [ -5.8529119, 35.7383417 ] ], [ [ -5.8529119, 35.7383417 ], [ -5.8528215, 35.7383855 ], [ -5.8524612, 35.7385038 ], [ -5.8520188, 35.738615 ], [ -5.8511567, 35.7388268 ], [ -5.8504631, 35.7390033 ], [ -5.8497919, 35.7391706 ], [ -5.8492894, 35.7393038 ], [ -5.8488348, 35.7394465 ], [ -5.8482247, 35.7397025 ], [ -5.8480693, 35.7397696 ], [ -5.8476327, 35.7400433 ], [ -5.8473954, 35.7402251 ], [ -5.8471965, 35.7403772 ], [ -5.8469246, 35.7406072 ], [ -5.8467483, 35.7407754 ], [ -5.8464915, 35.7410404 ], [ -5.84612, 35.7414965 ], [ -5.8459408, 35.741725 ], [ -5.8445066, 35.7435015 ], [ -5.8441605, 35.7439434 ], [ -5.8439643, 35.7441772 ] ], [ [ -5.8439643, 35.7441772 ], [ -5.8439195, 35.7441782 ], [ -5.8438751, 35.7441871 ], [ -5.8438348, 35.7442025 ], [ -5.8438018, 35.7442295 ], [ -5.8437746, 35.7442652 ], [ -5.843761, 35.7442958 ], [ -5.8437583, 35.7443326 ], [ -5.8437635, 35.7443698 ], [ -5.8437752, 35.744395 ] ], [ [ -5.8437752, 35.744395 ], [ -5.8436109, 35.7445982 ], [ -5.8434536, 35.7448229 ], [ -5.8431005, 35.7453001 ], [ -5.8429664, 35.7454915 ], [ -5.842873, 35.7456226 ], [ -5.8424139, 35.7461834 ] ], [ [ -5.8424139, 35.7461834 ], [ -5.8422281, 35.7463271 ], [ -5.8419307, 35.7466591 ], [ -5.8418684, 35.7467286 ], [ -5.8417635, 35.7468415 ] ], [ [ -5.8417635, 35.7468415 ], [ -5.8414483, 35.7470463 ], [ -5.841099, 35.7471897 ], [ -5.840796, 35.7473042 ], [ -5.8406528, 35.7473385 ] ], [ [ -5.8406528, 35.7473385 ], [ -5.8405913, 35.747315 ], [ -5.839739, 35.746989 ], [ -5.8394824, 35.7468918 ], [ -5.83938, 35.7468536 ], [ -5.8390336, 35.7467267 ], [ -5.8385333, 35.7465362 ], [ -5.8383027, 35.7464524 ], [ -5.838002, 35.7463364 ], [ -5.837897, 35.7462946 ], [ -5.8374873, 35.7461476 ], [ -5.8371084, 35.7460132 ], [ -5.8368089, 35.7459162 ], [ -5.8366692, 35.7458712 ], [ -5.8359718, 35.7456328 ], [ -5.8355199, 35.745494 ], [ -5.8352067, 35.7453884 ], [ -5.8347407, 35.7452311 ], [ -5.8344229, 35.7451196 ], [ -5.8339689, 35.7449601 ], [ -5.8337724, 35.7448861 ], [ -5.833303, 35.7447294 ], [ -5.8331949, 35.7446897 ], [ -5.8328987, 35.7445808 ], [ -5.8327163, 35.7445176 ], [ -5.8324085, 35.7444142 ], [ -5.8317326, 35.7441813 ], [ -5.831341, 35.7440273 ], [ -5.8312567, 35.7439937 ], [ -5.8311753, 35.7439639 ], [ -5.8309152, 35.7438689 ], [ -5.8307221, 35.7437745 ], [ -5.8305881, 35.7437018 ], [ -5.8305007, 35.7436431 ], [ -5.8304328, 35.7435886 ], [ -5.8304088, 35.7435482 ] ], [ [ -5.8304088, 35.7435482 ], [ -5.8304145, 35.7435255 ], [ -5.8304118, 35.7434968 ], [ -5.8303983, 35.7434702 ], [ -5.8303753, 35.7434482 ], [ -5.830345, 35.7434331 ] ], [ [ -5.830345, 35.7434331 ], [ -5.8303152, 35.7434265 ], [ -5.8302842, 35.7434268 ], [ -5.8302544, 35.7434339 ], [ -5.8302281, 35.7434472 ] ], [ [ -5.8302281, 35.7434472 ], [ -5.830216, 35.7434552 ] ], [ [ -5.830216, 35.7434552 ], [ -5.8300893, 35.7434387 ], [ -5.829993, 35.7434408 ], [ -5.8298053, 35.7434769 ] ], [ [ -5.8298053, 35.7434769 ], [ -5.8297017, 35.7434905 ], [ -5.8295369, 35.7435065 ], [ -5.8292754, 35.743532 ], [ -5.8290637, 35.7435537 ], [ -5.8289428, 35.7435594 ], [ -5.8288252, 35.7435537 ], [ -5.8286977, 35.743519 ], [ -5.8285394, 35.7434689 ], [ -5.8281103, 35.7433034 ], [ -5.8278769, 35.7431946 ], [ -5.827598, 35.7431075 ], [ -5.8273861, 35.7430596 ], [ -5.8270471, 35.7430129 ], [ -5.8269015, 35.7430084 ], [ -5.8261658, 35.7429854 ], [ -5.8252415, 35.7429633 ] ], [ [ -5.8252415, 35.7429633 ], [ -5.8251695, 35.7429636 ], [ -5.8247093, 35.742939 ], [ -5.8245809, 35.7429374 ], [ -5.8244721, 35.7429361 ], [ -5.8242272, 35.7429323 ], [ -5.8239896, 35.7429271 ], [ -5.8236515, 35.7429279 ], [ -5.8232165, 35.7429353 ], [ -5.823106, 35.7429289 ], [ -5.8229415, 35.7429195 ], [ -5.8226257, 35.742899 ], [ -5.8225036, 35.7428931 ], [ -5.8223842, 35.7428785 ], [ -5.8221882, 35.7428566 ], [ -5.8221252, 35.7428559 ], [ -5.8218736, 35.7428598 ], [ -5.8217918, 35.742866 ], [ -5.8216536, 35.7428873 ], [ -5.8215643, 35.7428987 ], [ -5.8214345, 35.7429157 ], [ -5.8212827, 35.7429448 ], [ -5.821219, 35.7429563 ], [ -5.8210318, 35.7429924 ], [ -5.8207082, 35.743049 ], [ -5.8205384, 35.7430813 ], [ -5.8204488, 35.7431032 ], [ -5.8202221, 35.7431702 ], [ -5.819904, 35.7432659 ], [ -5.819727, 35.7433143 ], [ -5.8195634, 35.7433557 ], [ -5.8193628, 35.743412 ], [ -5.8193111, 35.7434234 ], [ -5.8192461, 35.7434348 ], [ -5.8191321, 35.7434544 ], [ -5.8189993, 35.7434729 ], [ -5.8187995, 35.7434931 ], [ -5.8186379, 35.7435099 ], [ -5.8185362, 35.7435218 ], [ -5.8184883, 35.7435289 ], [ -5.818443, 35.7435371 ], [ -5.8183308, 35.7435564 ], [ -5.8182604, 35.743576 ], [ -5.8182181, 35.7435917 ], [ -5.8181435, 35.7436205 ], [ -5.8180671, 35.7436586 ], [ -5.8180067, 35.7436956 ], [ -5.8178777, 35.743766 ], [ -5.8176538, 35.7439162 ] ], [ [ -5.8176538, 35.7439162 ], [ -5.817299, 35.7439926 ] ], [ [ -5.817299, 35.7439926 ], [ -5.8172529, 35.7440052 ], [ -5.8172151, 35.7440301 ] ], [ [ -5.8172151, 35.7440301 ], [ -5.8169134, 35.7440063 ] ], [ [ -5.8169134, 35.7440063 ], [ -5.8164615, 35.7438368 ], [ -5.8155669, 35.7434678 ], [ -5.8154006, 35.7434036 ], [ -5.814718, 35.7431521 ], [ -5.8142405, 35.7429776 ], [ -5.8141504, 35.7429436 ], [ -5.813279, 35.7425883 ], [ -5.8130752, 35.7424631 ], [ -5.8129786, 35.7423858 ], [ -5.8128706, 35.742277 ], [ -5.8128069, 35.7421953 ], [ -5.8127131, 35.7420582 ], [ -5.8126514, 35.7419297 ], [ -5.8125629, 35.7417229 ], [ -5.8125146, 35.7416217 ], [ -5.8124502, 35.7414617 ], [ -5.8123858, 35.7413474 ], [ -5.8123255, 35.7412494 ], [ -5.8122799, 35.7411983 ], [ -5.8122303, 35.7411417 ], [ -5.8121565, 35.74106 ], [ -5.8120975, 35.7410121 ], [ -5.812013, 35.7409577 ], [ -5.8119205, 35.740906 ], [ -5.8118467, 35.7408744 ], [ -5.8117575, 35.7408467 ], [ -5.8116509, 35.7408227 ], [ -5.8115503, 35.7408086 ], [ -5.8114243, 35.7408064 ], [ -5.8112915, 35.7408173 ], [ -5.8111762, 35.7408325 ], [ -5.8110823, 35.7408499 ], [ -5.8109562, 35.7408913 ], [ -5.8108529, 35.7409381 ], [ -5.8107618, 35.7409882 ], [ -5.8103215, 35.7411972 ], [ -5.8098874, 35.7414551 ], [ -5.8096151, 35.741613 ], [ -5.809481, 35.7416805 ], [ -5.8091712, 35.7417904 ], [ -5.808903, 35.7418209 ], [ -5.8086495, 35.7418046 ], [ -5.8084993, 35.7417931 ], [ -5.8083424, 35.7417741 ], [ -5.8081989, 35.7417561 ], [ -5.8079112, 35.7417164 ], [ -5.8076242, 35.7416772 ], [ -5.8072742, 35.7416397 ], [ -5.8071012, 35.7416304 ], [ -5.8068518, 35.7416173 ], [ -5.8066788, 35.741613 ], [ -5.8065133, 35.7416148 ], [ -5.806353, 35.7416165 ] ], [ [ -5.806353, 35.7416165 ], [ -5.8061893, 35.7416035 ], [ -5.8061014, 35.7415967 ], [ -5.8060122, 35.7415922 ] ], [ [ -5.8060122, 35.7415922 ], [ -5.8059968, 35.7415771 ], [ -5.8059772, 35.7415657 ], [ -5.8059547, 35.7415587 ] ], [ [ -5.8059547, 35.7415587 ], [ -5.8059257, 35.7415567 ], [ -5.8058974, 35.741562 ], [ -5.8058723, 35.741574 ] ], [ [ -5.8058723, 35.741574 ], [ -5.8058587, 35.7415852 ], [ -5.8058482, 35.7415983 ] ], [ [ -5.8058482, 35.7415983 ], [ -5.8057091, 35.7416143 ], [ -5.8055345, 35.7416356 ], [ -5.8054512, 35.7416464 ], [ -5.8053263, 35.7416625 ], [ -5.8047348, 35.7417207 ], [ -5.8042704, 35.7417679 ], [ -5.8040586, 35.7417825 ], [ -5.8025294, 35.7419613 ], [ -5.801995, 35.742031 ], [ -5.8015256, 35.7420887 ], [ -5.8014183, 35.7421137 ], [ -5.8012989, 35.7421551 ], [ -5.8011849, 35.7422008 ], [ -5.8010843, 35.7422666 ], [ -5.8010072, 35.7423124 ], [ -5.8009046, 35.7423651 ], [ -5.8008369, 35.742406 ], [ -5.8006679, 35.7425039 ], [ -5.8004232, 35.7426514 ], [ -5.8000114, 35.7428988 ], [ -5.7999377, 35.7429431 ], [ -5.7995997, 35.7431445 ], [ -5.7993238, 35.7433331 ] ], [ [ -5.7993238, 35.7433331 ], [ -5.7993031, 35.7433143 ], [ -5.7992777, 35.7432997 ] ], [ [ -5.7992777, 35.7432997 ], [ -5.7992438, 35.7432891 ], [ -5.7992076, 35.7432861 ], [ -5.7991718, 35.743291 ], [ -5.7991388, 35.7433034 ], [ -5.799111, 35.7433224 ] ], [ [ -5.799111, 35.7433224 ], [ -5.7990925, 35.7433435 ], [ -5.7990805, 35.7433677 ], [ -5.7990757, 35.7433934 ], [ -5.7990785, 35.7434193 ], [ -5.7990917, 35.7434489 ], [ -5.7991147, 35.7434743 ] ], [ [ -5.7991147, 35.7434743 ], [ -5.7991278, 35.7435602 ], [ -5.7991333, 35.743639 ], [ -5.7991307, 35.7437388 ], [ -5.7991222, 35.7439574 ], [ -5.7990874, 35.7443244 ], [ -5.7990465, 35.7447462 ], [ -5.7990333, 35.7448561 ], [ -5.799015, 35.7449656 ], [ -5.7989826, 35.7451105 ], [ -5.7989413, 35.745254 ], [ -5.7987442, 35.7459575 ], [ -5.7987193, 35.7460747 ], [ -5.7987024, 35.7461676 ], [ -5.7986921, 35.7462611 ], [ -5.7986885, 35.746355 ], [ -5.7986683, 35.7469025 ], [ -5.7986575, 35.7472369 ], [ -5.7986543, 35.747432 ], [ -5.7986535, 35.7477408 ], [ -5.7986757, 35.7482756 ], [ -5.7986829, 35.7487945 ], [ -5.7986891, 35.7489264 ], [ -5.7986942, 35.7490237 ], [ -5.7987106, 35.7491202 ], [ -5.7987342, 35.7492033 ], [ -5.7987662, 35.7492846 ], [ -5.7988065, 35.7493634 ], [ -5.7988314, 35.7494107 ] ], [ [ -5.7923176, 35.7493328 ], [ -5.7925442, 35.7494717 ], [ -5.7927722, 35.7495871 ], [ -5.7928935, 35.7496393 ], [ -5.7930055, 35.7496714 ], [ -5.7931028, 35.7496888 ], [ -5.7932214, 35.7497003 ], [ -5.7934213, 35.7497106 ], [ -5.7937894, 35.7497248 ], [ -5.7941756, 35.7497395 ], [ -5.7944244, 35.7497144 ], [ -5.7946202, 35.7496861 ], [ -5.7948147, 35.7496513 ], [ -5.7953458, 35.749561 ], [ -5.7957454, 35.7494978 ], [ -5.7959211, 35.7494706 ], [ -5.7961705, 35.749438 ], [ -5.7963234, 35.7494358 ], [ -5.796589, 35.7494336 ], [ -5.7969288, 35.7494301 ], [ -5.7975398, 35.7494239 ], [ -5.7975666, 35.7494236 ], [ -5.7976578, 35.7494227 ], [ -5.7977196, 35.7494221 ], [ -5.7988314, 35.7494107 ] ], [ [ -5.7923176, 35.7493328 ], [ -5.7918388, 35.7499463 ], [ -5.7914002, 35.7505079 ], [ -5.7912822, 35.75067 ], [ -5.7911655, 35.750866 ], [ -5.791077, 35.7510379 ], [ -5.7910448, 35.7511859 ], [ -5.7910494, 35.7512272 ], [ -5.7910582, 35.7513057 ], [ -5.7910831, 35.7513747 ], [ -5.7911092, 35.7514472 ], [ -5.7912111, 35.7516714 ], [ -5.7918755, 35.7524668 ], [ -5.7920313, 35.7526619 ], [ -5.7921338, 35.7527902 ], [ -5.7923254, 35.7530224 ], [ -5.7927335, 35.7535169 ] ], [ [ -5.7927335, 35.7535169 ], [ -5.792842, 35.7536774 ] ], [ [ -5.792842, 35.7536774 ], [ -5.792834, 35.7537064 ], [ -5.7928387, 35.7537359 ], [ -5.7928508, 35.753759 ] ], [ [ -5.7928508, 35.753759 ], [ -5.7926964, 35.7539651 ] ], [ [ -5.7926964, 35.7539651 ], [ -5.7926575, 35.7540011 ], [ -5.7926306, 35.754026 ], [ -5.792463, 35.7541474 ], [ -5.7923092, 35.7542539 ], [ -5.7920051, 35.7544467 ], [ -5.791769, 35.7546023 ], [ -5.7915712, 35.7547172 ], [ -5.7914378, 35.7547933 ] ], [ [ -5.7914378, 35.7547933 ], [ -5.7910092, 35.7549828 ] ], [ [ -5.7910092, 35.7549828 ], [ -5.7909819, 35.7549617 ], [ -5.7909455, 35.754947 ] ], [ [ -5.7909455, 35.754947 ], [ -5.7909136, 35.754946 ], [ -5.7908824, 35.7549497 ] ], [ [ -5.7908824, 35.7549497 ], [ -5.7908293, 35.7549571 ], [ -5.7907807, 35.7549757 ], [ -5.7907402, 35.7550045 ] ], [ [ -5.7907402, 35.7550045 ], [ -5.7907208, 35.7550257 ] ], [ [ -5.7907208, 35.7550257 ], [ -5.7907028, 35.7550558 ], [ -5.7906929, 35.7550882 ] ], [ [ -5.7906929, 35.7550882 ], [ -5.7903817, 35.7551791 ] ], [ [ -5.7903817, 35.7551791 ], [ -5.7890325, 35.7554504 ], [ -5.7886148, 35.755535 ], [ -5.7883734, 35.7556047 ], [ -5.7881547, 35.7556814 ], [ -5.7879388, 35.7557962 ], [ -5.7877826, 35.7559045 ], [ -5.7876813, 35.7559747 ], [ -5.7874373, 35.7562011 ], [ -5.7871529, 35.7565341 ], [ -5.7867493, 35.7570521 ], [ -5.786292, 35.7576148 ], [ -5.7859299, 35.7580164 ], [ -5.7856214, 35.7582917 ], [ -5.7853264, 35.7585246 ], [ -5.784916, 35.7587967 ], [ -5.7841683, 35.7592339 ] ], [ [ -5.7841683, 35.7592339 ], [ -5.78407, 35.7592933 ], [ -5.7840148, 35.7593267 ], [ -5.7839155, 35.7594268 ], [ -5.7838418, 35.7595422 ], [ -5.7837828, 35.7596978 ], [ -5.7837307, 35.7598624 ], [ -5.7836952, 35.7600124 ], [ -5.7835735, 35.7604987 ], [ -5.7832168, 35.7616915 ], [ -5.7830654, 35.7622864 ], [ -5.7829634, 35.7627036 ], [ -5.7829499, 35.7629854 ], [ -5.7829593, 35.7634022 ], [ -5.7830277, 35.7639778 ], [ -5.7831184, 35.7643301 ], [ -5.783186, 35.7644632 ], [ -5.7832973, 35.7646471 ], [ -5.7836138, 35.7650563 ], [ -5.7837519, 35.7652151 ], [ -5.7839692, 35.7655024 ], [ -5.7841985, 35.7657734 ], [ -5.7847443, 35.7664753 ], [ -5.7858159, 35.7679051 ], [ -5.7859889, 35.7680988 ], [ -5.786119, 35.768249 ], [ -5.7863255, 35.7684437 ], [ -5.7864249, 35.7685158 ], [ -5.7865387, 35.7685983 ], [ -5.7868901, 35.76883 ], [ -5.7870796, 35.7689688 ], [ -5.7873781, 35.7691721 ], [ -5.7875794, 35.7693252 ], [ -5.787904, 35.7695537 ], [ -5.7881695, 35.7697419 ], [ -5.7884391, 35.7699508 ], [ -5.7890162, 35.7704362 ], [ -5.7891311, 35.7705262 ], [ -5.7895211, 35.7708312 ], [ -5.7899658, 35.7712049 ], [ -5.7902363, 35.771416 ] ], [ [ -5.7902363, 35.771416 ], [ -5.7903502, 35.7716614 ], [ -5.7904215, 35.7717812 ], [ -5.7904296, 35.7718715 ], [ -5.7904242, 35.7719716 ], [ -5.7903964, 35.7720272 ], [ -5.7903441, 35.7720946 ], [ -5.7902798, 35.7721469 ], [ -5.7902442, 35.7721652 ], [ -5.7901745, 35.772188 ], [ -5.7899608, 35.772266 ] ], [ [ -5.7899608, 35.772266 ], [ -5.7893369, 35.7722848 ] ], [ [ -5.7893369, 35.7722848 ], [ -5.7891477, 35.7722796 ], [ -5.7887352, 35.7722684 ], [ -5.7880223, 35.7722851 ], [ -5.7870762, 35.7723082 ], [ -5.7869867, 35.7723016 ], [ -5.7868718, 35.7722717 ] ], [ [ -5.7868718, 35.7722717 ], [ -5.7868344, 35.7722521 ], [ -5.7867833, 35.772235 ], [ -5.7867232, 35.7722261 ], [ -5.7866599, 35.7722284 ], [ -5.7865987, 35.7722423 ], [ -5.7865428, 35.7722672 ] ], [ [ -5.7865428, 35.7722672 ], [ -5.7865026, 35.7722969 ], [ -5.7864703, 35.7723288 ] ], [ [ -5.7864703, 35.7723288 ], [ -5.7863718, 35.7723443 ], [ -5.7862712, 35.7723571 ], [ -5.7861304, 35.772362 ], [ -5.785886, 35.7723525 ] ], [ [ -5.785886, 35.7723525 ], [ -5.7852693, 35.7723222 ], [ -5.7851505, 35.7723141 ], [ -5.7850439, 35.772295 ], [ -5.7849778, 35.7722785 ], [ -5.7848986, 35.7722485 ], [ -5.7847867, 35.7722046 ] ], [ [ -5.7847867, 35.7722046 ], [ -5.7847588, 35.7721755 ], [ -5.7847249, 35.772151 ], [ -5.7846482, 35.7721203 ], [ -5.7845632, 35.7721127 ] ], [ [ -5.7845632, 35.7721127 ], [ -5.784518, 35.7721223 ] ], [ [ -5.784518, 35.7721223 ], [ -5.7843001, 35.772105 ] ], [ [ -5.7843001, 35.772105 ], [ -5.7841006, 35.7720545 ], [ -5.7839143, 35.771979 ], [ -5.7837304, 35.7718919 ], [ -5.7834397, 35.7717344 ], [ -5.7831667, 35.7716064 ], [ -5.78298, 35.7715235 ], [ -5.7827434, 35.7714509 ], [ -5.7825714, 35.7714272 ] ], [ [ -5.7825714, 35.7714272 ], [ -5.7824274, 35.7713817 ] ], [ [ -5.7805122, 35.770884 ], [ -5.7806209, 35.770894 ], [ -5.780749, 35.7709008 ], [ -5.7808982, 35.770921 ], [ -5.7810432, 35.7709468 ], [ -5.7810843, 35.7709556 ], [ -5.7811718, 35.7709745 ], [ -5.7813244, 35.7710091 ], [ -5.7816176, 35.7710964 ], [ -5.7819621, 35.7712051 ], [ -5.7822785, 35.7713161 ], [ -5.7823658, 35.7713545 ], [ -5.7824274, 35.7713817 ] ], [ [ -5.7799536, 35.7708686 ], [ -5.7805122, 35.770884 ] ], [ [ -5.7753405, 35.7726844 ], [ -5.7757656, 35.7725819 ], [ -5.7763124, 35.7724036 ], [ -5.7765304, 35.7723022 ], [ -5.7767836, 35.7721796 ], [ -5.777342, 35.7718638 ], [ -5.7778786, 35.771531 ], [ -5.7781273, 35.7713872 ], [ -5.7785665, 35.7711968 ], [ -5.7793853, 35.7709296 ], [ -5.7794214, 35.7709257 ], [ -5.7796258, 35.7709062 ], [ -5.7798149, 35.7708831 ], [ -5.7799536, 35.7708686 ] ], [ [ -5.7753405, 35.7726844 ], [ -5.7751345, 35.7726353 ], [ -5.7750451, 35.7726303 ], [ -5.77494, 35.7726302 ] ], [ [ -5.77494, 35.7726302 ], [ -5.7749065, 35.7726083 ], [ -5.774866, 35.7725963 ], [ -5.7748229, 35.7725957 ], [ -5.7747819, 35.7726064 ], [ -5.7747619, 35.7726186 ], [ -5.7747475, 35.7726273 ], [ -5.7747232, 35.7726562 ], [ -5.7747119, 35.77269 ] ], [ [ -5.7747119, 35.77269 ], [ -5.7746391, 35.7727415 ], [ -5.7745436, 35.7727849 ], [ -5.7743923, 35.7728322 ] ], [ [ -5.7708368, 35.7722378 ], [ -5.7711359, 35.7723457 ], [ -5.7714339, 35.7724459 ], [ -5.7716077, 35.772505 ], [ -5.7716758, 35.7725286 ], [ -5.7718638, 35.7725858 ], [ -5.7720067, 35.7726245 ], [ -5.7721539, 35.7726636 ], [ -5.7722794, 35.7726988 ], [ -5.7724957, 35.772741 ], [ -5.7727356, 35.7727823 ], [ -5.7730838, 35.7728229 ], [ -5.7732901, 35.7728443 ], [ -5.7734955, 35.7728575 ], [ -5.7737246, 35.7728679 ], [ -5.773948, 35.772869 ], [ -5.7741372, 35.7728634 ], [ -5.7743923, 35.7728322 ] ], [ [ -5.7686676, 35.7716288 ], [ -5.7689795, 35.7716683 ], [ -5.7690322, 35.7716765 ], [ -5.7691389, 35.7716935 ], [ -5.7692645, 35.7717222 ], [ -5.7695076, 35.7718029 ], [ -5.7696846, 35.7718523 ], [ -5.7697406, 35.7718679 ], [ -5.7700492, 35.77196 ], [ -5.770435, 35.7720944 ], [ -5.7708368, 35.7722378 ] ], [ [ -5.7669717, 35.7715715 ], [ -5.7680118, 35.7715789 ], [ -5.7680685, 35.7715772 ], [ -5.7686676, 35.7716288 ] ], [ [ -5.7615593, 35.7689603 ], [ -5.7620488, 35.7689899 ], [ -5.7623351, 35.7690408 ], [ -5.7624362, 35.7690672 ], [ -5.7628337, 35.7692545 ], [ -5.7629849, 35.7693458 ], [ -5.7630479, 35.7693877 ], [ -5.763115, 35.7694399 ], [ -5.7632022, 35.7695107 ], [ -5.7632867, 35.7695868 ], [ -5.7633966, 35.7696984 ], [ -5.7635997, 35.769917 ], [ -5.7636371, 35.7699572 ], [ -5.7645647, 35.7709552 ], [ -5.7646854, 35.7710662 ], [ -5.7647833, 35.771138 ], [ -5.7649, 35.7712098 ], [ -5.7650435, 35.771286 ], [ -5.7652313, 35.7713718 ], [ -5.7653573, 35.7714198 ], [ -5.7654968, 35.7714601 ], [ -5.7657085, 35.7715223 ], [ -5.7658379, 35.7715529 ], [ -5.7659673, 35.7715696 ], [ -5.7661197, 35.7715808 ], [ -5.7669717, 35.7715715 ] ], [ [ -5.7615593, 35.7689603 ], [ -5.7611239, 35.7689091 ] ], [ [ -5.7611239, 35.7689091 ], [ -5.7610751, 35.7688981 ], [ -5.7610247, 35.768902 ], [ -5.7609813, 35.7689192 ], [ -5.7609477, 35.7689474 ], [ -5.7609315, 35.7689738 ] ], [ [ -5.7609315, 35.7689738 ], [ -5.7607837, 35.7690923 ] ], [ [ -5.7606693, 35.7691287 ], [ -5.7607837, 35.7690923 ] ], [ [ -5.7604872, 35.7692048 ], [ -5.7606693, 35.7691287 ] ], [ [ -5.7593089, 35.7706777 ], [ -5.7593827, 35.7703034 ], [ -5.7594126, 35.7702091 ], [ -5.7594417, 35.7701173 ], [ -5.7596563, 35.7697669 ], [ -5.7598615, 35.7695646 ], [ -5.7601495, 35.7693672 ], [ -5.7603019, 35.7692867 ], [ -5.7604872, 35.7692048 ] ], [ [ -5.7623268, 35.777534 ], [ -5.7624119, 35.777247 ], [ -5.7624701, 35.7769674 ], [ -5.7625264, 35.7766527 ], [ -5.7625428, 35.7763479 ], [ -5.7625304, 35.7760307 ], [ -5.7624916, 35.7757583 ], [ -5.762424, 35.7754834 ], [ -5.7623575, 35.7752113 ], [ -5.7622277, 35.774908 ], [ -5.7620176, 35.7745211 ], [ -5.761862, 35.7742781 ], [ -5.7613399, 35.7736314 ], [ -5.7610046, 35.7732498 ], [ -5.7602675, 35.7724141 ], [ -5.7596891, 35.7717323 ], [ -5.7595356, 35.771509 ], [ -5.7594819, 35.77141 ], [ -5.7593693, 35.7711119 ], [ -5.7593103, 35.770817 ], [ -5.7593089, 35.7706777 ] ] ] } },
{ "type": "Feature", "properties": { "name": "Castilla-Achakkar", "Number": "L26" }, "geometry": { "type": "MultiLineString", "coordinates": [ [ [ -5.8139402, 35.7664513 ], [ -5.8140728, 35.7666323 ], [ -5.8141842, 35.7667843 ], [ -5.814312, 35.7669444 ], [ -5.8145023, 35.7671828 ] ], [ [ -5.8145023, 35.7671828 ], [ -5.8144577, 35.7672235 ], [ -5.8144231, 35.7672701 ] ], [ [ -5.8144231, 35.7672701 ], [ -5.8144028, 35.7673117 ], [ -5.8143905, 35.7673554 ] ], [ [ -5.8143905, 35.7673554 ], [ -5.814387, 35.7674183 ], [ -5.8143999, 35.7674804 ] ], [ [ -5.8143999, 35.7674804 ], [ -5.8144342, 35.7675473 ], [ -5.8144875, 35.7676056 ] ], [ [ -5.8144875, 35.7676056 ], [ -5.8145428, 35.7676442 ], [ -5.8146065, 35.7676732 ] ], [ [ -5.8146065, 35.7676732 ], [ -5.8146647, 35.7676893 ], [ -5.8147254, 35.7676972 ] ], [ [ -5.8147254, 35.7676972 ], [ -5.8148139, 35.7676941 ], [ -5.8148922, 35.7676734 ], [ -5.8149754, 35.7676376 ] ], [ [ -5.8149754, 35.7676376 ], [ -5.8150258, 35.7676002 ], [ -5.8150668, 35.7675558 ] ], [ [ -5.8150668, 35.7675558 ], [ -5.8150993, 35.7675007 ], [ -5.8151173, 35.7674413 ] ], [ [ -5.8244061, 35.7664807 ], [ -5.8242627, 35.7665025 ], [ -5.8240762, 35.7665329 ], [ -5.823914, 35.7665612 ], [ -5.8237503, 35.766583 ], [ -5.823574, 35.7666084 ], [ -5.8234781, 35.7666222 ], [ -5.8233011, 35.7666472 ], [ -5.8230825, 35.7666777 ], [ -5.8227231, 35.7667266 ], [ -5.8223945, 35.7667745 ], [ -5.8219694, 35.76683 ], [ -5.8216448, 35.7668768 ], [ -5.8213404, 35.7669192 ], [ -5.8210829, 35.7669551 ], [ -5.8207221, 35.7670052 ], [ -5.8201347, 35.7670846 ], [ -5.81955, 35.7671641 ], [ -5.8192965, 35.7672043 ], [ -5.8183604, 35.7673153 ], [ -5.8179702, 35.7673621 ], [ -5.8174016, 35.7674111 ], [ -5.817014, 35.767447 ], [ -5.8165902, 35.7674764 ], [ -5.8161382, 35.7675123 ], [ -5.8159746, 35.7675166 ], [ -5.815748, 35.7675166 ], [ -5.8155249, 35.7674913 ], [ -5.8154704, 35.7674851 ], [ -5.8152873, 35.7674624 ], [ -5.8151173, 35.7674413 ] ], [ [ -5.8269556, 35.7655492 ], [ -5.8268391, 35.765612 ], [ -5.8267273, 35.7656742 ], [ -5.8266646, 35.7657092 ], [ -5.8264124, 35.7658474 ], [ -5.8262113, 35.7659649 ], [ -5.8260021, 35.7660802 ], [ -5.8259612, 35.7661026 ], [ -5.8257942, 35.7661934 ], [ -5.8257245, 35.7662282 ], [ -5.8256691, 35.766256 ], [ -5.8255649, 35.7663088 ], [ -5.825528, 35.7663251 ], [ -5.8254871, 35.7663392 ], [ -5.8254401, 35.7663485 ], [ -5.8253972, 35.7663556 ], [ -5.8252484, 35.7663773 ], [ -5.825011, 35.7664034 ], [ -5.8248125, 35.7664252 ], [ -5.8245657, 35.7664557 ], [ -5.8244061, 35.7664807 ] ], [ [ -5.8269556, 35.7655492 ], [ -5.827087, 35.7656896 ], [ -5.8271728, 35.7657843 ], [ -5.8272855, 35.7658855 ], [ -5.8273284, 35.7659246 ], [ -5.8274189, 35.7659883 ], [ -5.8274726, 35.7660193 ], [ -5.8275256, 35.7660443 ], [ -5.8277656, 35.766163 ], [ -5.8284979, 35.7664404 ], [ -5.8285475, 35.7664676 ], [ -5.8292127, 35.7667147 ], [ -5.8295486, 35.7668324 ], [ -5.8295748, 35.7668401 ], [ -5.8296086, 35.7668455 ], [ -5.8296861, 35.766855 ], [ -5.8297411, 35.7668561 ], [ -5.8298229, 35.7668572 ], [ -5.8298725, 35.7668583 ], [ -5.8299315, 35.7668567 ], [ -5.83002, 35.7668507 ], [ -5.830873, 35.7668082 ], [ -5.8311734, 35.7667886 ], [ -5.8317795, 35.7667582 ], [ -5.8320732, 35.7667244 ], [ -5.8323348, 35.7666602 ], [ -5.832544, 35.7665993 ], [ -5.8326848, 35.766546 ], [ -5.8330925, 35.7664034 ], [ -5.8332279, 35.766349 ], [ -5.833645, 35.7661978 ], [ -5.8340812, 35.7660487 ], [ -5.8341568, 35.766022 ], [ -5.8343643, 35.7659434 ] ], [ [ -5.8343643, 35.7659434 ], [ -5.8343903, 35.7659631 ] ], [ [ -5.8343903, 35.7659631 ], [ -5.8344227, 35.7659741 ], [ -5.8344577, 35.7659755 ] ], [ [ -5.8344577, 35.7659755 ], [ -5.8344989, 35.7659636 ], [ -5.8345301, 35.7659385 ], [ -5.8345452, 35.7659052 ] ], [ [ -5.8345452, 35.7659052 ], [ -5.834612, 35.765861 ], [ -5.8346944, 35.7658125 ], [ -5.8348654, 35.7657016 ], [ -5.8350243, 35.7655873 ], [ -5.8352617, 35.7654186 ], [ -5.8354448, 35.7652891 ], [ -5.8357398, 35.765065 ], [ -5.836, 35.7648668 ], [ -5.8362199, 35.764689 ], [ -5.8364519, 35.7645013 ], [ -5.8367081, 35.7643087 ], [ -5.837034, 35.7640682 ], [ -5.8373096, 35.7638663 ], [ -5.8374551, 35.7637569 ], [ -5.8376321, 35.7636302 ], [ -5.8378749, 35.7634381 ], [ -5.8382921, 35.763123 ], [ -5.8385637, 35.7629216 ] ], [ [ -5.8385637, 35.7629216 ], [ -5.8386417, 35.7629132 ] ], [ [ -5.8386417, 35.7629132 ], [ -5.8386987, 35.7628828 ], [ -5.8387356, 35.7628363 ], [ -5.8387449, 35.7627685 ], [ -5.838738, 35.7627466 ] ], [ [ -5.838738, 35.7627466 ], [ -5.8388104, 35.7626824 ], [ -5.8391365, 35.7623933 ], [ -5.8405106, 35.7611751 ], [ -5.8407745, 35.7609752 ], [ -5.8410809, 35.7607345 ], [ -5.8411443, 35.7606882 ], [ -5.8412645, 35.7606005 ], [ -5.8413628, 35.7605267 ], [ -5.8418524, 35.7601657 ], [ -5.8419853, 35.7600677 ], [ -5.8429014, 35.759438 ], [ -5.8429969, 35.7593673 ], [ -5.8434375, 35.7590291 ], [ -5.8439186, 35.7586598 ] ], [ [ -5.8439186, 35.7586598 ], [ -5.8441999, 35.7584665 ], [ -5.8446102, 35.7582442 ], [ -5.8451327, 35.7580774 ], [ -5.845277, 35.7580313 ], [ -5.845661, 35.7578392 ], [ -5.8465752, 35.7572964 ], [ -5.8466623, 35.7572507 ], [ -5.8469272, 35.7571118 ], [ -5.8470155, 35.7570715 ], [ -5.8471007, 35.7570514 ] ], [ [ -5.8471007, 35.7570514 ], [ -5.8471535, 35.7570478 ], [ -5.8472011, 35.757029 ], [ -5.8472373, 35.7569975 ], [ -5.847257, 35.7569576 ], [ -5.8472578, 35.756915 ] ], [ [ -5.8472578, 35.756915 ], [ -5.8473553, 35.7568387 ], [ -5.8475632, 35.7567065 ], [ -5.8476839, 35.7566297 ], [ -5.8478554, 35.7565265 ], [ -5.8480378, 35.7564046 ], [ -5.8481944, 35.7562889 ], [ -5.8482982, 35.7562125 ], [ -5.848831, 35.7557569 ], [ -5.8490037, 35.7556097 ], [ -5.8491522, 35.7554817 ], [ -5.849517, 35.7551508 ], [ -5.8497155, 35.7549669 ], [ -5.8498582, 35.7548041 ], [ -5.8498996, 35.7547493 ], [ -5.8500298, 35.7546459 ], [ -5.8507121, 35.7538298 ], [ -5.8508061, 35.7537034 ], [ -5.8508312, 35.7536697 ], [ -5.8509528, 35.7534843 ] ], [ [ -5.8509528, 35.7534843 ], [ -5.8509677, 35.7534849 ], [ -5.8509872, 35.7534836 ] ], [ [ -5.8509872, 35.7534836 ], [ -5.85101, 35.7534798 ], [ -5.851048, 35.7534698 ], [ -5.8510831, 35.7534546 ], [ -5.851115, 35.7534345 ] ], [ [ -5.851115, 35.7534345 ], [ -5.851144, 35.7534068 ] ], [ [ -5.851144, 35.7534068 ], [ -5.8511728, 35.7533611 ], [ -5.8511848, 35.7533106 ], [ -5.8511823, 35.7532844 ], [ -5.8511733, 35.7532431 ] ], [ [ -5.8511733, 35.7532431 ], [ -5.8512864, 35.7531879 ], [ -5.8513482, 35.7531394 ], [ -5.8514705, 35.7530195 ], [ -5.8514912, 35.7530004 ] ], [ [ -5.8514912, 35.7530004 ], [ -5.8518262, 35.7526915 ], [ -5.8519985, 35.7525336 ], [ -5.8525162, 35.7520591 ], [ -5.8525908, 35.7519256 ], [ -5.8527623, 35.7517409 ], [ -5.8528781, 35.7516244 ], [ -5.8530048, 35.751507 ], [ -5.8531563, 35.7513828 ], [ -5.8532716, 35.751293 ], [ -5.8534405, 35.7511781 ], [ -5.853628, 35.7510733 ], [ -5.8542285, 35.7507983 ], [ -5.8552973, 35.7503319 ], [ -5.8553812, 35.7502943 ], [ -5.8564438, 35.7498256 ], [ -5.8566282, 35.7497242 ], [ -5.8567673, 35.7496306 ], [ -5.8571248, 35.7493789 ], [ -5.8578269, 35.7488049 ], [ -5.8583917, 35.7483474 ], [ -5.8585452, 35.7482308 ], [ -5.8589588, 35.7478991 ], [ -5.8593149, 35.7476385 ], [ -5.859593, 35.7474349 ], [ -5.8597254, 35.7473451 ], [ -5.8599146, 35.7472219 ], [ -5.8605017, 35.7468227 ], [ -5.8608017, 35.7466402 ], [ -5.8610054, 35.7465393 ] ], [ [ -5.8610054, 35.7465393 ], [ -5.8610409, 35.7465361 ], [ -5.8610786, 35.7465236 ], [ -5.8611102, 35.7465028 ], [ -5.861133, 35.7464754 ], [ -5.8611385, 35.7464645 ] ], [ [ -5.8611385, 35.7464645 ], [ -5.8617178, 35.7458926 ], [ -5.8621368, 35.7454957 ], [ -5.8623619, 35.7453095 ], [ -5.8626719, 35.7450874 ], [ -5.863052, 35.7448719 ], [ -5.8641561, 35.7442475 ], [ -5.8644483, 35.7440825 ], [ -5.8648549, 35.7438541 ], [ -5.8652398, 35.7436441 ], [ -5.8657163, 35.7433712 ], [ -5.8657574, 35.7433435 ], [ -5.8658935, 35.7432538 ], [ -5.8661961, 35.7430427 ], [ -5.866578, 35.7427379 ], [ -5.8669968, 35.7424104 ], [ -5.867119, 35.7423221 ], [ -5.8673491, 35.7421367 ], [ -5.8676946, 35.7418737 ], [ -5.867959, 35.7416636 ], [ -5.8681892, 35.7415076 ], [ -5.8683332, 35.7414164 ], [ -5.8684326, 35.7413479 ], [ -5.8692046, 35.7408818 ], [ -5.8694204, 35.7407418 ], [ -5.8695804, 35.7406249 ], [ -5.8697206, 35.740516 ], [ -5.8699232, 35.7403104 ], [ -5.8702452, 35.7399879 ], [ -5.8703209, 35.7399093 ], [ -5.8704034, 35.7398358 ], [ -5.8704864, 35.7397745 ], [ -5.8705894, 35.7397085 ], [ -5.8707472, 35.7396275 ], [ -5.8708844, 35.7395716 ], [ -5.870986, 35.7395337 ], [ -5.8711531, 35.7394861 ], [ -5.8713663, 35.7394438 ], [ -5.8715941, 35.7394046 ], [ -5.8722198, 35.7393099 ], [ -5.8733168, 35.7391431 ], [ -5.8736936, 35.7390817 ], [ -5.874141, 35.7389907 ], [ -5.874251, 35.7389667 ], [ -5.8743784, 35.7389395 ], [ -5.874643, 35.7388625 ] ], [ [ -5.874643, 35.7388625 ], [ -5.8747955, 35.7388155 ], [ -5.8752873, 35.7386521 ] ], [ [ -5.8752873, 35.7386521 ], [ -5.8753243, 35.7386592 ], [ -5.8753622, 35.7386578 ] ], [ [ -5.8753622, 35.7386578 ], [ -5.875401, 35.7387278 ], [ -5.8754446, 35.7387877 ], [ -5.8754781, 35.7388225 ], [ -5.875521, 35.738859 ], [ -5.8755733, 35.7389009 ], [ -5.8756434, 35.7389447 ], [ -5.8757705, 35.7390217 ] ], [ [ -5.8757705, 35.7390217 ], [ -5.8758027, 35.7390406 ], [ -5.8758201, 35.7390522 ], [ -5.8760333, 35.7391779 ], [ -5.8763693, 35.7393701 ], [ -5.8766093, 35.739505 ], [ -5.8767669, 35.7395927 ], [ -5.8770297, 35.7397418 ], [ -5.8772628, 35.7398773 ], [ -5.8777781, 35.7401663 ], [ -5.8780181, 35.7403035 ], [ -5.8784835, 35.7405647 ], [ -5.8788939, 35.7408004 ], [ -5.8792654, 35.7410089 ], [ -5.8794907, 35.7411275 ], [ -5.8797388, 35.7412766 ], [ -5.879828, 35.7413332 ], [ -5.8799259, 35.7413958 ], [ -5.8800519, 35.7414916 ], [ -5.8801686, 35.7415847 ], [ -5.8803215, 35.7417224 ], [ -5.8804931, 35.7418857 ], [ -5.8806742, 35.7420636 ], [ -5.8808117, 35.7421926 ], [ -5.8810725, 35.742437 ], [ -5.8812187, 35.7425725 ], [ -5.8813246, 35.7426547 ], [ -5.8814929, 35.7427761 ], [ -5.8816686, 35.74288 ], [ -5.8818591, 35.7429763 ], [ -5.882154, 35.743127 ], [ -5.8824445, 35.7432799 ], [ -5.8828978, 35.7435297 ], [ -5.8831418, 35.7436678 ], [ -5.8832632, 35.7437484 ], [ -5.883559, 35.7439449 ], [ -5.8836906, 35.7440364 ], [ -5.8837254, 35.7440597 ], [ -5.8838525, 35.7441553 ], [ -5.8839245, 35.7442095 ], [ -5.8841531, 35.7443623 ], [ -5.8844714, 35.7445883 ], [ -5.8849882, 35.7449554 ], [ -5.8854592, 35.745295 ], [ -5.8854961, 35.7453193 ], [ -5.8857763, 35.7455172 ] ], [ [ -5.8857763, 35.7455172 ], [ -5.885852, 35.7455707 ] ], [ [ -5.885852, 35.7455707 ], [ -5.8859909, 35.7456688 ], [ -5.8861426, 35.7457699 ], [ -5.8864617, 35.7459942 ], [ -5.8868257, 35.7461998 ], [ -5.8871147, 35.7463155 ], [ -5.8873198, 35.7463881 ], [ -5.8875172, 35.7464274 ], [ -5.8878773, 35.7464886 ], [ -5.8883603, 35.7465611 ], [ -5.8890228, 35.7466744 ], [ -5.8892162, 35.7467264 ], [ -5.8893654, 35.7467882 ], [ -5.8895973, 35.7469348 ], [ -5.8900573, 35.7472818 ], [ -5.8903418, 35.7474563 ], [ -5.8905639, 35.7475476 ], [ -5.8907764, 35.7476058 ], [ -5.8911311, 35.7476445 ], [ -5.8914426, 35.7476573 ], [ -5.8917522, 35.7476921 ], [ -5.8922292, 35.747791 ], [ -5.8925528, 35.7478885 ], [ -5.8926362, 35.747921 ], [ -5.8928386, 35.7480088 ], [ -5.8933137, 35.7482405 ], [ -5.893632, 35.7484019 ], [ -5.8938874, 35.7485321 ], [ -5.8939221, 35.74855 ], [ -5.894047, 35.7486148 ], [ -5.8948477, 35.7490379 ], [ -5.8950472, 35.7491889 ], [ -5.8951242, 35.7492544 ], [ -5.895301, 35.7494346 ], [ -5.8955242, 35.7496671 ], [ -5.8956258, 35.7497953 ], [ -5.8958709, 35.7500854 ], [ -5.8960425, 35.7502379 ], [ -5.8961794, 35.7503087 ], [ -5.8963052, 35.7503645 ], [ -5.896465, 35.7503935 ], [ -5.8966413, 35.7503885 ], [ -5.8968644, 35.7503792 ], [ -5.8973842, 35.7503305 ], [ -5.8976674, 35.7503115 ], [ -5.8980013, 35.750289 ], [ -5.898348, 35.7502724 ], [ -5.8984872, 35.7502814 ], [ -5.8985682, 35.7502913 ], [ -5.8986363, 35.7503006 ], [ -5.8988083, 35.7503448 ], [ -5.8990781, 35.750423 ], [ -5.8997099, 35.7506133 ], [ -5.8999185, 35.7506834 ], [ -5.9001114, 35.7507534 ], [ -5.9004231, 35.7508936 ], [ -5.9006365, 35.7510064 ], [ -5.9009103, 35.7511818 ], [ -5.9015398, 35.751605 ], [ -5.9019716, 35.7518977 ], [ -5.9024236, 35.7521981 ], [ -5.902956, 35.7525573 ], [ -5.9033114, 35.7528011 ], [ -5.9033985, 35.7528512 ], [ -5.9035568, 35.7529491 ], [ -5.9039296, 35.7531657 ], [ -5.9042461, 35.7533507 ], [ -5.9045498, 35.7535279 ], [ -5.9049475, 35.7537414 ], [ -5.9054048, 35.7539994 ], [ -5.9059922, 35.7543302 ], [ -5.9063517, 35.7545348 ], [ -5.9066668, 35.7546937 ], [ -5.9068465, 35.7547482 ], [ -5.9070182, 35.7547623 ], [ -5.9071644, 35.7547623 ], [ -5.9074789, 35.7547318 ], [ -5.9081286, 35.7546709 ], [ -5.9087403, 35.7546273 ], [ -5.9088917, 35.7546165 ], [ -5.9097889, 35.7545348 ], [ -5.9104487, 35.7544663 ], [ -5.9109664, 35.7543814 ], [ -5.911236, 35.7543433 ], [ -5.9117268, 35.7542682 ], [ -5.9124658, 35.7541441 ], [ -5.9132382, 35.754019 ], [ -5.9134769, 35.7539928 ], [ -5.9137036, 35.7539983 ], [ -5.9139477, 35.7540299 ], [ -5.9142651, 35.7540802 ], [ -5.9146571, 35.7541485 ], [ -5.9150977, 35.7542241 ], [ -5.9154041, 35.7542987 ], [ -5.9156153, 35.75437 ], [ -5.9158641, 35.7544761 ], [ -5.9159754, 35.7545338 ], [ -5.9160299, 35.7545737 ], [ -5.9160867, 35.7546154 ], [ -5.9162544, 35.754771 ], [ -5.916477, 35.7549996 ], [ -5.9168217, 35.7553674 ], [ -5.9170168, 35.7555533 ], [ -5.9171073, 35.7556395 ], [ -5.917232, 35.7557288 ], [ -5.9173957, 35.7558398 ], [ -5.9176022, 35.7559508 ], [ -5.9179026, 35.7560574 ], [ -5.9181815, 35.7561314 ], [ -5.9186, 35.7561728 ], [ -5.918877, 35.7561796 ], [ -5.9191478, 35.7561889 ], [ -5.919579, 35.7561946 ], [ -5.9198231, 35.7562033 ], [ -5.920051, 35.7562337 ], [ -5.9204333, 35.7562979 ], [ -5.9207618, 35.756336 ], [ -5.92114, 35.7563306 ], [ -5.9214941, 35.7562838 ], [ -5.9216912, 35.7562446 ], [ -5.9220104, 35.7561456 ], [ -5.9223457, 35.7560172 ], [ -5.9225965, 35.7559105 ], [ -5.9227192, 35.7558535 ], [ -5.9228285, 35.7558028 ], [ -5.9228353, 35.7558009 ], [ -5.9231342, 35.75572 ], [ -5.9233241, 35.7556922 ], [ -5.9234802, 35.7556841 ], [ -5.9236921, 35.7556885 ], [ -5.9239443, 35.7557287 ], [ -5.9241696, 35.7557712 ], [ -5.9247597, 35.7559203 ], [ -5.9253994, 35.7560868 ], [ -5.9255107, 35.7561205 ], [ -5.9257521, 35.7562098 ], [ -5.926035, 35.7563295 ], [ -5.926436, 35.7565221 ], [ -5.926668, 35.7566005 ], [ -5.9268907, 35.7566495 ], [ -5.9273064, 35.7567387 ], [ -5.9279421, 35.756878 ], [ -5.9286207, 35.75705 ], [ -5.9291317, 35.7571985 ], [ -5.9293087, 35.7572475 ], [ -5.9294629, 35.7572752 ], [ -5.9296151, 35.7572899 ], [ -5.9296922, 35.7572932 ], [ -5.9297834, 35.757291 ], [ -5.9299276, 35.7572813 ] ], [ [ -5.9299276, 35.7572813 ], [ -5.9302813, 35.7572808 ], [ -5.930475, 35.757282 ] ], [ [ -5.930475, 35.757282 ], [ -5.9305069, 35.7573081 ], [ -5.930545, 35.7573323 ], [ -5.9305835, 35.7573413 ], [ -5.930622, 35.7573435 ], [ -5.930673, 35.7573389 ], [ -5.93073, 35.7573173 ], [ -5.9307746, 35.7572812 ], [ -5.9308012, 35.7572349 ] ], [ [ -5.9308012, 35.7572349 ], [ -5.9308318, 35.7572189 ], [ -5.9308677, 35.7572053 ], [ -5.9309341, 35.7571797 ], [ -5.9309774, 35.7571651 ], [ -5.9310491, 35.7571425 ] ], [ [ -5.9310491, 35.7571425 ], [ -5.9312063, 35.7571267 ], [ -5.9313673, 35.7571207 ], [ -5.9315939, 35.757112 ], [ -5.9319024, 35.7571202 ], [ -5.9321136, 35.7571354 ], [ -5.9322645, 35.7571615 ], [ -5.932404, 35.7571909 ], [ -5.9325287, 35.7572176 ], [ -5.9326762, 35.757241 ], [ -5.9328217, 35.757248 ], [ -5.9329934, 35.7572388 ], [ -5.9333112, 35.7572116 ], [ -5.9334721, 35.7572148 ], [ -5.9336163, 35.7572328 ], [ -5.9337345, 35.7572629 ], [ -5.9338443, 35.757309 ], [ -5.9339127, 35.7573558 ], [ -5.9339958, 35.7574331 ], [ -5.934083, 35.7575266 ], [ -5.9342211, 35.7576932 ], [ -5.93448, 35.7579957 ], [ -5.9347918, 35.7583494 ], [ -5.9348441, 35.7584093 ], [ -5.9349527, 35.7585045 ], [ -5.9350453, 35.7585654 ], [ -5.9351204, 35.7586051 ], [ -5.9352089, 35.7586351 ], [ -5.9353068, 35.7586525 ], [ -5.9354838, 35.7586688 ], [ -5.9356561, 35.7586808 ], [ -5.9357835, 35.7587004 ], [ -5.9359203, 35.7587336 ], [ -5.936161, 35.7588066 ], [ -5.9363723, 35.7588707 ], [ -5.9370455, 35.7590775 ], [ -5.937476, 35.7592081 ], [ -5.9378059, 35.7593245 ], [ -5.9378616, 35.7593457 ], [ -5.9378991, 35.7593729 ], [ -5.9379246, 35.7594034 ], [ -5.9379467, 35.7594431 ], [ -5.9379682, 35.7595003 ] ], [ [ -5.9379682, 35.7595003 ], [ -5.9379722, 35.7595568 ], [ -5.9379722, 35.7595982 ], [ -5.9379622, 35.7596445 ], [ -5.9379327, 35.7597087 ], [ -5.9379052, 35.7597565 ], [ -5.9377871, 35.7599274 ], [ -5.9376852, 35.7600406 ], [ -5.937582, 35.7601385 ], [ -5.9373499, 35.7603094 ], [ -5.937075, 35.7605357 ], [ -5.9369624, 35.7606195 ], [ -5.9368719, 35.760671 ], [ -5.9368189, 35.7607012 ], [ -5.9366915, 35.7607588 ], [ -5.936566, 35.7607953 ], [ -5.9364293, 35.7608088 ], [ -5.9363146, 35.7608024 ], [ -5.93621, 35.760786 ], [ -5.9360853, 35.7607567 ], [ -5.9359954, 35.7607305 ], [ -5.9358707, 35.7607055 ], [ -5.9357889, 35.7607022 ], [ -5.9357004, 35.7607142 ], [ -5.9355837, 35.7607469 ], [ -5.9354724, 35.7608111 ], [ -5.9354225, 35.7608384 ], [ -5.9347879, 35.7612103 ], [ -5.9345958, 35.7613538 ], [ -5.9345332, 35.7614174 ], [ -5.934447, 35.7615195 ], [ -5.9343782, 35.7616255 ], [ -5.9343316, 35.7617153 ], [ -5.9342939, 35.7618131 ], [ -5.9342621, 35.7619157 ], [ -5.9342367, 35.7620215 ], [ -5.9342235, 35.7621077 ], [ -5.9342198, 35.7622098 ], [ -5.9342295, 35.7623108 ], [ -5.9342522, 35.7624238 ], [ -5.9342898, 35.7625321 ], [ -5.9343489, 35.7626536 ], [ -5.9344267, 35.7628171 ], [ -5.9345021, 35.7629641 ], [ -5.9345391, 35.7630505 ], [ -5.9347011, 35.7633876 ], [ -5.9347898, 35.7637036 ], [ -5.9348474, 35.7639158 ], [ -5.9348689, 35.7640845 ], [ -5.9348609, 35.7642129 ], [ -5.9348141, 35.7644026 ], [ -5.9347301, 35.7646241 ], [ -5.9346666, 35.7647892 ], [ -5.9345732, 35.765033 ], [ -5.9344812, 35.7652532 ], [ -5.9343782, 35.7654991 ], [ -5.9342712, 35.7657493 ], [ -5.9341787, 35.7659801 ], [ -5.9340792, 35.7662446 ], [ -5.9340266, 35.7663935 ], [ -5.9340083, 35.7664454 ], [ -5.9339593, 35.7666417 ], [ -5.9339183, 35.7668758 ], [ -5.9338833, 35.7671082 ], [ -5.9338473, 35.7673422 ], [ -5.9338135, 35.7675515 ], [ -5.9337839, 35.7677604 ], [ -5.9337437, 35.768015 ], [ -5.9337062, 35.7682261 ], [ -5.9336834, 35.7683589 ], [ -5.933674, 35.768435 ], [ -5.9336659, 35.7685139 ], [ -5.9336632, 35.7685896 ], [ -5.9336659, 35.7686674 ], [ -5.933672, 35.7687359 ], [ -5.9336814, 35.7688072 ], [ -5.9336961, 35.7688915 ], [ -5.9337176, 35.7689856 ], [ -5.9337477, 35.7690934 ], [ -5.9337793, 35.7692109 ], [ -5.9338208, 35.7693567 ], [ -5.9338658, 35.7695096 ], [ -5.9339006, 35.7696271 ], [ -5.9339268, 35.7697147 ], [ -5.9339556, 35.7698126 ], [ -5.9339777, 35.7698937 ], [ -5.9339945, 35.7699525 ], [ -5.9340106, 35.7700134 ], [ -5.9340247, 35.7700613 ], [ -5.9340394, 35.7701157 ], [ -5.9340495, 35.7701565 ], [ -5.9340562, 35.7701957 ], [ -5.9340602, 35.7702359 ], [ -5.9340629, 35.7702881 ], [ -5.9340589, 35.7703377 ], [ -5.9340549, 35.7703877 ], [ -5.9340468, 35.7704296 ], [ -5.9340361, 35.7704726 ], [ -5.9340186, 35.7705134 ], [ -5.9339952, 35.7705585 ], [ -5.9339657, 35.7706053 ], [ -5.9339335, 35.7706499 ], [ -5.9338959, 35.7706929 ], [ -5.9338564, 35.7707299 ], [ -5.9338222, 35.7707615 ], [ -5.9337786, 35.7707925 ], [ -5.933729, 35.7708235 ], [ -5.93368, 35.7708507 ], [ -5.9336257, 35.770879 ], [ -5.9335526, 35.7709138 ], [ -5.9334728, 35.7709481 ], [ -5.9333615, 35.7709954 ], [ -5.933214, 35.7710569 ], [ -5.9331201, 35.7710988 ], [ -5.9330383, 35.7711358 ], [ -5.9329612, 35.7711722 ], [ -5.9328988, 35.7712049 ], [ -5.9328324, 35.7712441 ], [ -5.9327667, 35.7712881 ], [ -5.9327064, 35.7713355 ], [ -5.9326588, 35.7713795 ], [ -5.9326279, 35.7714149 ], [ -5.9326002, 35.7714556 ], [ -5.9325622, 35.7715449 ], [ -5.9325501, 35.7716287 ], [ -5.9325582, 35.7717256 ], [ -5.932593, 35.7718627 ], [ -5.932648, 35.7720509 ], [ -5.9326842, 35.772238 ], [ -5.9326883, 35.7724034 ], [ -5.9326655, 35.7725057 ], [ -5.9326226, 35.7726156 ], [ -5.9325394, 35.7727179 ], [ -5.93242, 35.77283 ], [ -5.9322631, 35.7729562 ], [ -5.9321784, 35.7730115 ], [ -5.9320124, 35.7731194 ], [ -5.9318313, 35.773213 ], [ -5.9315466, 35.7733521 ], [ -5.9311205, 35.773547 ], [ -5.9308845, 35.7736602 ], [ -5.9307187, 35.7737366 ], [ -5.9303854, 35.7738901 ], [ -5.9302121, 35.7739768 ], [ -5.9301787, 35.7739932 ], [ -5.9299819, 35.77409 ], [ -5.9298344, 35.7741694 ], [ -5.9297057, 35.7742412 ], [ -5.929542, 35.7743935 ], [ -5.9293315, 35.774609 ], [ -5.9288044, 35.7751214 ], [ -5.9287079, 35.7753238 ], [ -5.9286525, 35.7753871 ] ], [ [ -5.9286525, 35.7753871 ], [ -5.9285507, 35.7754421 ], [ -5.9284325, 35.7754672 ], [ -5.9283106, 35.7754597 ], [ -5.9281836, 35.7754293 ] ], [ [ -5.9281836, 35.7754293 ], [ -5.9278664, 35.7752111 ] ], [ [ -5.9177189, 35.7696026 ], [ -5.9181383, 35.7716923 ], [ -5.9183035, 35.7725009 ], [ -5.9183564, 35.7726252 ], [ -5.9184349, 35.7727402 ], [ -5.9185369, 35.7728424 ], [ -5.918686, 35.7729519 ], [ -5.9188284, 35.7730132 ], [ -5.9189835, 35.7730489 ], [ -5.9191444, 35.7730575 ], [ -5.9193039, 35.7730387 ], [ -5.9194551, 35.7729931 ], [ -5.9196327, 35.7729359 ], [ -5.9198201, 35.7729059 ], [ -5.9200112, 35.7729042 ], [ -5.9213357, 35.7729649 ], [ -5.9215728, 35.7729797 ], [ -5.9218105, 35.7729744 ], [ -5.9220463, 35.772949 ], [ -5.9223938, 35.7728942 ], [ -5.9227464, 35.7728679 ], [ -5.9231005, 35.7728708 ], [ -5.9234523, 35.7729029 ], [ -5.9239045, 35.7729693 ], [ -5.9243467, 35.7730705 ], [ -5.9247749, 35.7732056 ], [ -5.9251852, 35.7733734 ], [ -5.9255738, 35.7735723 ], [ -5.9259935, 35.7738331 ], [ -5.9262815, 35.7740307 ], [ -5.9278664, 35.7752111 ] ], [ [ -5.9177189, 35.7696026 ], [ -5.9176445, 35.7690274 ], [ -5.9176342, 35.7689319 ], [ -5.917635, 35.7688359 ], [ -5.9176464, 35.7687401 ] ], [ [ -5.9174784, 35.7685442 ], [ -5.9174419, 35.7685603 ], [ -5.9174121, 35.7685839 ], [ -5.9173914, 35.7686133 ], [ -5.9173813, 35.7686461 ], [ -5.9173825, 35.7686799 ], [ -5.9173969, 35.7687152 ], [ -5.9174236, 35.7687453 ], [ -5.9174601, 35.7687676 ], [ -5.9175083, 35.7687808 ], [ -5.9175592, 35.7687803 ], [ -5.9176071, 35.7687662 ], [ -5.9176464, 35.7687401 ], [ -5.9176714, 35.7687079 ], [ -5.917683, 35.7686711 ], [ -5.9176803, 35.7686332 ], [ -5.9176634, 35.7685978 ], [ -5.917634, 35.7685682 ], [ -5.9175998, 35.7685492 ], [ -5.9175605, 35.7685384 ], [ -5.917519, 35.7685367 ], [ -5.9174784, 35.7685442 ] ] ] } },
{ "type": "Feature", "properties": { "name": "Achakkar-Castilla", "Number": "L26" }, "geometry": { "type": "MultiLineString", "coordinates": [ [ [ -5.9174601, 35.7687676 ], [ -5.9175184, 35.7688531 ], [ -5.9175598, 35.7689444 ], [ -5.9175828, 35.7690399 ], [ -5.9177189, 35.7696026 ] ], [ [ -5.9177189, 35.7696026 ], [ -5.9181383, 35.7716923 ], [ -5.9183035, 35.7725009 ], [ -5.9183564, 35.7726252 ], [ -5.9184349, 35.7727402 ], [ -5.9185369, 35.7728424 ], [ -5.918686, 35.7729519 ], [ -5.9188284, 35.7730132 ], [ -5.9189835, 35.7730489 ], [ -5.9191444, 35.7730575 ], [ -5.9193039, 35.7730387 ], [ -5.9194551, 35.7729931 ], [ -5.9196327, 35.7729359 ], [ -5.9198201, 35.7729059 ], [ -5.9200112, 35.7729042 ], [ -5.9213357, 35.7729649 ], [ -5.9215728, 35.7729797 ], [ -5.9218105, 35.7729744 ], [ -5.9220463, 35.772949 ], [ -5.9223938, 35.7728942 ], [ -5.9227464, 35.7728679 ], [ -5.9231005, 35.7728708 ], [ -5.9234523, 35.7729029 ], [ -5.9239045, 35.7729693 ], [ -5.9243467, 35.7730705 ], [ -5.9247749, 35.7732056 ], [ -5.9251852, 35.7733734 ], [ -5.9255738, 35.7735723 ], [ -5.9259935, 35.7738331 ], [ -5.9262815, 35.7740307 ], [ -5.9278664, 35.7752111 ] ], [ [ -5.9278664, 35.7752111 ], [ -5.9281596, 35.7754949 ], [ -5.928237, 35.7755569 ], [ -5.9283237, 35.77561 ], [ -5.9284184, 35.7756533 ] ], [ [ -5.9286525, 35.7753871 ], [ -5.9284612, 35.7756043 ], [ -5.9284184, 35.7756533 ] ], [ [ -5.9379682, 35.7595003 ], [ -5.9379722, 35.7595568 ], [ -5.9379722, 35.7595982 ], [ -5.9379622, 35.7596445 ], [ -5.9379327, 35.7597087 ], [ -5.9379052, 35.7597565 ], [ -5.9377871, 35.7599274 ], [ -5.9376852, 35.7600406 ], [ -5.937582, 35.7601385 ], [ -5.9373499, 35.7603094 ], [ -5.937075, 35.7605357 ], [ -5.9369624, 35.7606195 ], [ -5.9368719, 35.760671 ], [ -5.9368189, 35.7607012 ], [ -5.9366915, 35.7607588 ], [ -5.936566, 35.7607953 ], [ -5.9364293, 35.7608088 ], [ -5.9363146, 35.7608024 ], [ -5.93621, 35.760786 ], [ -5.9360853, 35.7607567 ], [ -5.9359954, 35.7607305 ], [ -5.9358707, 35.7607055 ], [ -5.9357889, 35.7607022 ], [ -5.9357004, 35.7607142 ], [ -5.9355837, 35.7607469 ], [ -5.9354724, 35.7608111 ], [ -5.9354225, 35.7608384 ], [ -5.9347879, 35.7612103 ], [ -5.9345958, 35.7613538 ], [ -5.9345332, 35.7614174 ], [ -5.934447, 35.7615195 ], [ -5.9343782, 35.7616255 ], [ -5.9343316, 35.7617153 ], [ -5.9342939, 35.7618131 ], [ -5.9342621, 35.7619157 ], [ -5.9342367, 35.7620215 ], [ -5.9342235, 35.7621077 ], [ -5.9342198, 35.7622098 ], [ -5.9342295, 35.7623108 ], [ -5.9342522, 35.7624238 ], [ -5.9342898, 35.7625321 ], [ -5.9343489, 35.7626536 ], [ -5.9344267, 35.7628171 ], [ -5.9345021, 35.7629641 ], [ -5.9345391, 35.7630505 ], [ -5.9347011, 35.7633876 ], [ -5.9347898, 35.7637036 ], [ -5.9348474, 35.7639158 ], [ -5.9348689, 35.7640845 ], [ -5.9348609, 35.7642129 ], [ -5.9348141, 35.7644026 ], [ -5.9347301, 35.7646241 ], [ -5.9346666, 35.7647892 ], [ -5.9345732, 35.765033 ], [ -5.9344812, 35.7652532 ], [ -5.9343782, 35.7654991 ], [ -5.9342712, 35.7657493 ], [ -5.9341787, 35.7659801 ], [ -5.9340792, 35.7662446 ], [ -5.9340266, 35.7663935 ], [ -5.9340083, 35.7664454 ], [ -5.9339593, 35.7666417 ], [ -5.9339183, 35.7668758 ], [ -5.9338833, 35.7671082 ], [ -5.9338473, 35.7673422 ], [ -5.9338135, 35.7675515 ], [ -5.9337839, 35.7677604 ], [ -5.9337437, 35.768015 ], [ -5.9337062, 35.7682261 ], [ -5.9336834, 35.7683589 ], [ -5.933674, 35.768435 ], [ -5.9336659, 35.7685139 ], [ -5.9336632, 35.7685896 ], [ -5.9336659, 35.7686674 ], [ -5.933672, 35.7687359 ], [ -5.9336814, 35.7688072 ], [ -5.9336961, 35.7688915 ], [ -5.9337176, 35.7689856 ], [ -5.9337477, 35.7690934 ], [ -5.9337793, 35.7692109 ], [ -5.9338208, 35.7693567 ], [ -5.9338658, 35.7695096 ], [ -5.9339006, 35.7696271 ], [ -5.9339268, 35.7697147 ], [ -5.9339556, 35.7698126 ], [ -5.9339777, 35.7698937 ], [ -5.9339945, 35.7699525 ], [ -5.9340106, 35.7700134 ], [ -5.9340247, 35.7700613 ], [ -5.9340394, 35.7701157 ], [ -5.9340495, 35.7701565 ], [ -5.9340562, 35.7701957 ], [ -5.9340602, 35.7702359 ], [ -5.9340629, 35.7702881 ], [ -5.9340589, 35.7703377 ], [ -5.9340549, 35.7703877 ], [ -5.9340468, 35.7704296 ], [ -5.9340361, 35.7704726 ], [ -5.9340186, 35.7705134 ], [ -5.9339952, 35.7705585 ], [ -5.9339657, 35.7706053 ], [ -5.9339335, 35.7706499 ], [ -5.9338959, 35.7706929 ], [ -5.9338564, 35.7707299 ], [ -5.9338222, 35.7707615 ], [ -5.9337786, 35.7707925 ], [ -5.933729, 35.7708235 ], [ -5.93368, 35.7708507 ], [ -5.9336257, 35.770879 ], [ -5.9335526, 35.7709138 ], [ -5.9334728, 35.7709481 ], [ -5.9333615, 35.7709954 ], [ -5.933214, 35.7710569 ], [ -5.9331201, 35.7710988 ], [ -5.9330383, 35.7711358 ], [ -5.9329612, 35.7711722 ], [ -5.9328988, 35.7712049 ], [ -5.9328324, 35.7712441 ], [ -5.9327667, 35.7712881 ], [ -5.9327064, 35.7713355 ], [ -5.9326588, 35.7713795 ], [ -5.9326279, 35.7714149 ], [ -5.9326002, 35.7714556 ], [ -5.9325622, 35.7715449 ], [ -5.9325501, 35.7716287 ], [ -5.9325582, 35.7717256 ], [ -5.932593, 35.7718627 ], [ -5.932648, 35.7720509 ], [ -5.9326842, 35.772238 ], [ -5.9326883, 35.7724034 ], [ -5.9326655, 35.7725057 ], [ -5.9326226, 35.7726156 ], [ -5.9325394, 35.7727179 ], [ -5.93242, 35.77283 ], [ -5.9322631, 35.7729562 ], [ -5.9321784, 35.7730115 ], [ -5.9320124, 35.7731194 ], [ -5.9318313, 35.773213 ], [ -5.9315466, 35.7733521 ], [ -5.9311205, 35.773547 ], [ -5.9308845, 35.7736602 ], [ -5.9307187, 35.7737366 ], [ -5.9303854, 35.7738901 ], [ -5.9302121, 35.7739768 ], [ -5.9301787, 35.7739932 ], [ -5.9299819, 35.77409 ], [ -5.9298344, 35.7741694 ], [ -5.9297057, 35.7742412 ], [ -5.929542, 35.7743935 ], [ -5.9293315, 35.774609 ], [ -5.9288044, 35.7751214 ], [ -5.9287079, 35.7753238 ], [ -5.9286525, 35.7753871 ] ], [ [ -5.9310491, 35.7571425 ], [ -5.9312063, 35.7571267 ], [ -5.9313673, 35.7571207 ], [ -5.9315939, 35.757112 ], [ -5.9319024, 35.7571202 ], [ -5.9321136, 35.7571354 ], [ -5.9322645, 35.7571615 ], [ -5.932404, 35.7571909 ], [ -5.9325287, 35.7572176 ], [ -5.9326762, 35.757241 ], [ -5.9328217, 35.757248 ], [ -5.9329934, 35.7572388 ], [ -5.9333112, 35.7572116 ], [ -5.9334721, 35.7572148 ], [ -5.9336163, 35.7572328 ], [ -5.9337345, 35.7572629 ], [ -5.9338443, 35.757309 ], [ -5.9339127, 35.7573558 ], [ -5.9339958, 35.7574331 ], [ -5.934083, 35.7575266 ], [ -5.9342211, 35.7576932 ], [ -5.93448, 35.7579957 ], [ -5.9347918, 35.7583494 ], [ -5.9348441, 35.7584093 ], [ -5.9349527, 35.7585045 ], [ -5.9350453, 35.7585654 ], [ -5.9351204, 35.7586051 ], [ -5.9352089, 35.7586351 ], [ -5.9353068, 35.7586525 ], [ -5.9354838, 35.7586688 ], [ -5.9356561, 35.7586808 ], [ -5.9357835, 35.7587004 ], [ -5.9359203, 35.7587336 ], [ -5.936161, 35.7588066 ], [ -5.9363723, 35.7588707 ], [ -5.9370455, 35.7590775 ], [ -5.937476, 35.7592081 ], [ -5.9378059, 35.7593245 ], [ -5.9378616, 35.7593457 ], [ -5.9378991, 35.7593729 ], [ -5.9379246, 35.7594034 ], [ -5.9379467, 35.7594431 ], [ -5.9379682, 35.7595003 ] ], [ [ -5.9310491, 35.7571425 ], [ -5.930977, 35.75714 ], [ -5.9309143, 35.7571398 ], [ -5.9308577, 35.7571411 ], [ -5.9308176, 35.7571423 ], [ -5.9307955, 35.7571438 ] ], [ [ -5.9307955, 35.7571438 ], [ -5.9307751, 35.7571124 ] ], [ [ -5.9307751, 35.7571124 ], [ -5.9307459, 35.7570858 ], [ -5.9307098, 35.7570657 ], [ -5.9306511, 35.75705 ] ], [ [ -5.9306511, 35.75705 ], [ -5.9305947, 35.7570512 ], [ -5.930539, 35.7570669 ], [ -5.9304924, 35.7570963 ], [ -5.9304599, 35.7571362 ] ], [ [ -5.9304599, 35.7571362 ], [ -5.9302699, 35.7571948 ], [ -5.9299276, 35.7572813 ] ], [ [ -5.885852, 35.7455707 ], [ -5.8859909, 35.7456688 ], [ -5.8861426, 35.7457699 ], [ -5.8864617, 35.7459942 ], [ -5.8868257, 35.7461998 ], [ -5.8871147, 35.7463155 ], [ -5.8873198, 35.7463881 ], [ -5.8875172, 35.7464274 ], [ -5.8878773, 35.7464886 ], [ -5.8883603, 35.7465611 ], [ -5.8890228, 35.7466744 ], [ -5.8892162, 35.7467264 ], [ -5.8893654, 35.7467882 ], [ -5.8895973, 35.7469348 ], [ -5.8900573, 35.7472818 ], [ -5.8903418, 35.7474563 ], [ -5.8905639, 35.7475476 ], [ -5.8907764, 35.7476058 ], [ -5.8911311, 35.7476445 ], [ -5.8914426, 35.7476573 ], [ -5.8917522, 35.7476921 ], [ -5.8922292, 35.747791 ], [ -5.8925528, 35.7478885 ], [ -5.8926362, 35.747921 ], [ -5.8928386, 35.7480088 ], [ -5.8933137, 35.7482405 ], [ -5.893632, 35.7484019 ], [ -5.8938874, 35.7485321 ], [ -5.8939221, 35.74855 ], [ -5.894047, 35.7486148 ], [ -5.8948477, 35.7490379 ], [ -5.8950472, 35.7491889 ], [ -5.8951242, 35.7492544 ], [ -5.895301, 35.7494346 ], [ -5.8955242, 35.7496671 ], [ -5.8956258, 35.7497953 ], [ -5.8958709, 35.7500854 ], [ -5.8960425, 35.7502379 ], [ -5.8961794, 35.7503087 ], [ -5.8963052, 35.7503645 ], [ -5.896465, 35.7503935 ], [ -5.8966413, 35.7503885 ], [ -5.8968644, 35.7503792 ], [ -5.8973842, 35.7503305 ], [ -5.8976674, 35.7503115 ], [ -5.8980013, 35.750289 ], [ -5.898348, 35.7502724 ], [ -5.8984872, 35.7502814 ], [ -5.8985682, 35.7502913 ], [ -5.8986363, 35.7503006 ], [ -5.8988083, 35.7503448 ], [ -5.8990781, 35.750423 ], [ -5.8997099, 35.7506133 ], [ -5.8999185, 35.7506834 ], [ -5.9001114, 35.7507534 ], [ -5.9004231, 35.7508936 ], [ -5.9006365, 35.7510064 ], [ -5.9009103, 35.7511818 ], [ -5.9015398, 35.751605 ], [ -5.9019716, 35.7518977 ], [ -5.9024236, 35.7521981 ], [ -5.902956, 35.7525573 ], [ -5.9033114, 35.7528011 ], [ -5.9033985, 35.7528512 ], [ -5.9035568, 35.7529491 ], [ -5.9039296, 35.7531657 ], [ -5.9042461, 35.7533507 ], [ -5.9045498, 35.7535279 ], [ -5.9049475, 35.7537414 ], [ -5.9054048, 35.7539994 ], [ -5.9059922, 35.7543302 ], [ -5.9063517, 35.7545348 ], [ -5.9066668, 35.7546937 ], [ -5.9068465, 35.7547482 ], [ -5.9070182, 35.7547623 ], [ -5.9071644, 35.7547623 ], [ -5.9074789, 35.7547318 ], [ -5.9081286, 35.7546709 ], [ -5.9087403, 35.7546273 ], [ -5.9088917, 35.7546165 ], [ -5.9097889, 35.7545348 ], [ -5.9104487, 35.7544663 ], [ -5.9109664, 35.7543814 ], [ -5.911236, 35.7543433 ], [ -5.9117268, 35.7542682 ], [ -5.9124658, 35.7541441 ], [ -5.9132382, 35.754019 ], [ -5.9134769, 35.7539928 ], [ -5.9137036, 35.7539983 ], [ -5.9139477, 35.7540299 ], [ -5.9142651, 35.7540802 ], [ -5.9146571, 35.7541485 ], [ -5.9150977, 35.7542241 ], [ -5.9154041, 35.7542987 ], [ -5.9156153, 35.75437 ], [ -5.9158641, 35.7544761 ], [ -5.9159754, 35.7545338 ], [ -5.9160299, 35.7545737 ], [ -5.9160867, 35.7546154 ], [ -5.9162544, 35.754771 ], [ -5.916477, 35.7549996 ], [ -5.9168217, 35.7553674 ], [ -5.9170168, 35.7555533 ], [ -5.9171073, 35.7556395 ], [ -5.917232, 35.7557288 ], [ -5.9173957, 35.7558398 ], [ -5.9176022, 35.7559508 ], [ -5.9179026, 35.7560574 ], [ -5.9181815, 35.7561314 ], [ -5.9186, 35.7561728 ], [ -5.918877, 35.7561796 ], [ -5.9191478, 35.7561889 ], [ -5.919579, 35.7561946 ], [ -5.9198231, 35.7562033 ], [ -5.920051, 35.7562337 ], [ -5.9204333, 35.7562979 ], [ -5.9207618, 35.756336 ], [ -5.92114, 35.7563306 ], [ -5.9214941, 35.7562838 ], [ -5.9216912, 35.7562446 ], [ -5.9220104, 35.7561456 ], [ -5.9223457, 35.7560172 ], [ -5.9225965, 35.7559105 ], [ -5.9227192, 35.7558535 ], [ -5.9228285, 35.7558028 ], [ -5.9228353, 35.7558009 ], [ -5.9231342, 35.75572 ], [ -5.9233241, 35.7556922 ], [ -5.9234802, 35.7556841 ], [ -5.9236921, 35.7556885 ], [ -5.9239443, 35.7557287 ], [ -5.9241696, 35.7557712 ], [ -5.9247597, 35.7559203 ], [ -5.9253994, 35.7560868 ], [ -5.9255107, 35.7561205 ], [ -5.9257521, 35.7562098 ], [ -5.926035, 35.7563295 ], [ -5.926436, 35.7565221 ], [ -5.926668, 35.7566005 ], [ -5.9268907, 35.7566495 ], [ -5.9273064, 35.7567387 ], [ -5.9279421, 35.756878 ], [ -5.9286207, 35.75705 ], [ -5.9291317, 35.7571985 ], [ -5.9293087, 35.7572475 ], [ -5.9294629, 35.7572752 ], [ -5.9296151, 35.7572899 ], [ -5.9296922, 35.7572932 ], [ -5.9297834, 35.757291 ], [ -5.9299276, 35.7572813 ] ], [ [ -5.8857763, 35.7455172 ], [ -5.885852, 35.7455707 ] ], [ [ -5.8757705, 35.7390217 ], [ -5.8758027, 35.7390406 ], [ -5.8758201, 35.7390522 ], [ -5.8760333, 35.7391779 ], [ -5.8763693, 35.7393701 ], [ -5.8766093, 35.739505 ], [ -5.8767669, 35.7395927 ], [ -5.8770297, 35.7397418 ], [ -5.8772628, 35.7398773 ], [ -5.8777781, 35.7401663 ], [ -5.8780181, 35.7403035 ], [ -5.8784835, 35.7405647 ], [ -5.8788939, 35.7408004 ], [ -5.8792654, 35.7410089 ], [ -5.8794907, 35.7411275 ], [ -5.8797388, 35.7412766 ], [ -5.879828, 35.7413332 ], [ -5.8799259, 35.7413958 ], [ -5.8800519, 35.7414916 ], [ -5.8801686, 35.7415847 ], [ -5.8803215, 35.7417224 ], [ -5.8804931, 35.7418857 ], [ -5.8806742, 35.7420636 ], [ -5.8808117, 35.7421926 ], [ -5.8810725, 35.742437 ], [ -5.8812187, 35.7425725 ], [ -5.8813246, 35.7426547 ], [ -5.8814929, 35.7427761 ], [ -5.8816686, 35.74288 ], [ -5.8818591, 35.7429763 ], [ -5.882154, 35.743127 ], [ -5.8824445, 35.7432799 ], [ -5.8828978, 35.7435297 ], [ -5.8831418, 35.7436678 ], [ -5.8832632, 35.7437484 ], [ -5.883559, 35.7439449 ], [ -5.8836906, 35.7440364 ], [ -5.8837254, 35.7440597 ], [ -5.8838525, 35.7441553 ], [ -5.8839245, 35.7442095 ], [ -5.8841531, 35.7443623 ], [ -5.8844714, 35.7445883 ], [ -5.8849882, 35.7449554 ], [ -5.8854592, 35.745295 ], [ -5.8854961, 35.7453193 ], [ -5.8857763, 35.7455172 ] ], [ [ -5.8757705, 35.7390217 ], [ -5.8756731, 35.7389123 ], [ -5.8756048, 35.7388367 ], [ -5.8755411, 35.7387561 ], [ -5.875521, 35.7387245 ], [ -5.8754989, 35.7386832 ], [ -5.8754549, 35.7386069 ] ], [ [ -5.8754549, 35.7386069 ], [ -5.8754678, 35.7385856 ], [ -5.8754756, 35.7385583 ] ], [ [ -5.8754756, 35.7385583 ], [ -5.8754733, 35.7385238 ], [ -5.8754584, 35.7384915 ], [ -5.875432, 35.7384644 ], [ -5.8753968, 35.738445 ] ], [ [ -5.8753968, 35.738445 ], [ -5.8753347, 35.7384331 ] ], [ [ -5.8753347, 35.7384331 ], [ -5.8753012, 35.738438 ], [ -5.8752687, 35.7384488 ], [ -5.8752399, 35.7384643 ], [ -5.8752092, 35.7384951 ], [ -5.8751996, 35.7385317 ] ], [ [ -5.8751996, 35.7385317 ], [ -5.8751975, 35.7385617 ] ], [ [ -5.8751975, 35.7385617 ], [ -5.8750925, 35.7386004 ], [ -5.875004, 35.7386396 ], [ -5.8748967, 35.7386821 ], [ -5.874707, 35.7387436 ], [ -5.8746131, 35.7387759 ], [ -5.8744823, 35.7388165 ], [ -5.8743529, 35.7388459 ], [ -5.8742617, 35.7388715 ], [ -5.8740371, 35.7389232 ], [ -5.873738, 35.7389793 ], [ -5.8735536, 35.739007 ], [ -5.8733015, 35.7390495 ], [ -5.8728274, 35.7391219 ], [ -5.8724338, 35.7391855 ], [ -5.8721964, 35.7392209 ], [ -5.8718906, 35.7392715 ], [ -5.8717864, 35.7392863 ], [ -5.8715435, 35.7393179 ], [ -5.871335, 35.7393519 ], [ -5.871147, 35.7393929 ], [ -5.8709388, 35.7394463 ], [ -5.8708372, 35.7394838 ], [ -5.8706816, 35.7395491 ], [ -5.8705086, 35.7396373 ], [ -5.8704007, 35.7397108 ], [ -5.8703175, 35.7397766 ] ], [ [ -5.8703175, 35.7397766 ], [ -5.870164, 35.7399181 ], [ -5.8699896, 35.7401075 ], [ -5.8698414, 35.7402597 ], [ -5.8697415, 35.740365 ], [ -5.8696403, 35.7404532 ], [ -5.8694979, 35.7405695 ], [ -5.8693626, 35.7406694 ], [ -5.8691346, 35.7408096 ], [ -5.8683712, 35.7412765 ], [ -5.8681127, 35.7414381 ], [ -5.8678952, 35.7416009 ], [ -5.8674323, 35.7419545 ], [ -5.8672649, 35.7420872 ], [ -5.8669219, 35.7423464 ], [ -5.8665009, 35.7426752 ], [ -5.8661028, 35.7429801 ], [ -5.8658051, 35.7431776 ], [ -5.8656702, 35.7432658 ], [ -5.8655829, 35.7433237 ], [ -5.865164, 35.7435673 ], [ -5.8647908, 35.7437816 ], [ -5.8643868, 35.7440135 ], [ -5.8640931, 35.7441752 ], [ -5.8629728, 35.7447908 ], [ -5.8625954, 35.7450156 ], [ -5.8622903, 35.7452361 ], [ -5.8620603, 35.7454369 ], [ -5.8613308, 35.7461259 ], [ -5.8612074, 35.7462162 ], [ -5.8610326, 35.7463165 ] ], [ [ -5.8610326, 35.7463165 ], [ -5.8609854, 35.7463162 ], [ -5.8609426, 35.7463281 ], [ -5.8609068, 35.7463505 ], [ -5.8608818, 35.7463811 ], [ -5.8608703, 35.7464166 ], [ -5.8608732, 35.7464518 ] ], [ [ -5.8608732, 35.7464518 ], [ -5.8608091, 35.7464948 ], [ -5.8607303, 35.746552 ], [ -5.8605362, 35.7466946 ], [ -5.8598474, 35.7471394 ], [ -5.8595578, 35.7473435 ], [ -5.8595155, 35.7473678 ], [ -5.8592454, 35.7475666 ], [ -5.858459, 35.7481522 ], [ -5.8583388, 35.7482385 ], [ -5.8582462, 35.7483185 ], [ -5.8578693, 35.7486268 ], [ -5.8575484, 35.7488884 ], [ -5.8568687, 35.7494426 ], [ -5.8566132, 35.7496281 ], [ -5.8564646, 35.7497128 ], [ -5.8563236, 35.7497831 ], [ -5.8553557, 35.7502034 ], [ -5.8552441, 35.7502509 ], [ -5.8547657, 35.7504544 ], [ -5.8537328, 35.7509111 ], [ -5.8536337, 35.7509622 ], [ -5.8533839, 35.751096 ], [ -5.8531557, 35.7512459 ], [ -5.8526695, 35.7516285 ], [ -5.8524619, 35.7518318 ], [ -5.852302, 35.7519253 ], [ -5.8521019, 35.7520718 ], [ -5.8513229, 35.7527932 ], [ -5.8512508, 35.752844 ], [ -5.8510096, 35.753047 ], [ -5.8508971, 35.7531257 ] ], [ [ -5.8508971, 35.7531257 ], [ -5.8508791, 35.7531306 ], [ -5.8508228, 35.7531561 ], [ -5.8507778, 35.7531934 ], [ -5.8507475, 35.7532395 ], [ -5.8507346, 35.7532907 ], [ -5.85074, 35.7533428 ], [ -5.8507529, 35.7533744 ] ], [ [ -5.8507529, 35.7533744 ], [ -5.8505653, 35.7535454 ], [ -5.8505377, 35.7535813 ], [ -5.8504831, 35.7536521 ], [ -5.8501229, 35.7540955 ], [ -5.8498144, 35.7545327 ], [ -5.8497459, 35.7546833 ] ], [ [ -5.8497459, 35.7546833 ], [ -5.8496901, 35.7547594 ], [ -5.8495801, 35.7549051 ], [ -5.8494212, 35.7550706 ], [ -5.8490845, 35.7554035 ], [ -5.8489352, 35.7555456 ], [ -5.8487621, 35.7556954 ], [ -5.8482249, 35.7561616 ], [ -5.8480396, 35.7563119 ], [ -5.8477943, 35.7564623 ], [ -5.8476274, 35.756557 ], [ -5.847498, 35.7566337 ], [ -5.8472747, 35.7567561 ], [ -5.8471643, 35.756824 ] ], [ [ -5.8471643, 35.756824 ], [ -5.8471245, 35.7568173 ], [ -5.847084, 35.7568198 ], [ -5.847046, 35.7568313 ], [ -5.8470043, 35.7568589 ], [ -5.8469779, 35.756897 ], [ -5.8469705, 35.7569402 ] ], [ [ -5.8469705, 35.7569402 ], [ -5.8468922, 35.7569774 ], [ -5.8468394, 35.7570106 ], [ -5.8465504, 35.757175 ], [ -5.8464833, 35.7572351 ], [ -5.8463412, 35.7573176 ], [ -5.8456962, 35.7576883 ], [ -5.8453166, 35.7579122 ], [ -5.845077, 35.7579951 ], [ -5.8444663, 35.7582063 ], [ -5.8441874, 35.7583587 ], [ -5.8441289, 35.7583947 ], [ -5.843967, 35.7585144 ] ], [ [ -5.843967, 35.7585144 ], [ -5.8432863, 35.7590298 ], [ -5.8429428, 35.7592898 ], [ -5.8428511, 35.7593575 ], [ -5.8412898, 35.7604623 ], [ -5.841204, 35.7605274 ], [ -5.8410039, 35.7606751 ], [ -5.8409503, 35.7607232 ], [ -5.8406428, 35.7609725 ], [ -5.8402109, 35.7613307 ], [ -5.8398234, 35.7616367 ], [ -5.8390392, 35.762325 ], [ -5.8388871, 35.7624495 ], [ -5.838681, 35.7625944 ], [ -5.8385941, 35.7626555 ] ], [ [ -5.8385941, 35.7626555 ], [ -5.8385452, 35.7626585 ], [ -5.8384996, 35.762673 ] ], [ [ -5.8384996, 35.762673 ], [ -5.8384403, 35.7627203 ], [ -5.8384171, 35.7627852 ] ], [ [ -5.8384171, 35.7627852 ], [ -5.8384339, 35.7628476 ] ], [ [ -5.8384339, 35.7628476 ], [ -5.8382192, 35.763027 ], [ -5.837562, 35.7635763 ], [ -5.8372448, 35.7638115 ], [ -5.8370849, 35.7639272 ], [ -5.8368596, 35.7640943 ], [ -5.8365123, 35.7643544 ], [ -5.8362159, 35.7645785 ], [ -5.8359383, 35.7648054 ], [ -5.8357519, 35.7649518 ], [ -5.835407, 35.7652124 ], [ -5.8353147, 35.7652772 ], [ -5.8351417, 35.7654077 ], [ -5.834966, 35.7655326 ], [ -5.8348594, 35.7656042 ], [ -5.8347387, 35.7656782 ], [ -5.8346484, 35.765733 ], [ -5.8345615, 35.7657716 ], [ -5.8344744, 35.7658158 ] ], [ [ -5.8344744, 35.7658158 ], [ -5.8344502, 35.7658124 ], [ -5.8344113, 35.765817 ], [ -5.8343775, 35.7658334 ], [ -5.8343539, 35.765859 ] ], [ [ -5.8343539, 35.765859 ], [ -5.8340367, 35.7659701 ], [ -5.833582, 35.7661238 ], [ -5.8331676, 35.7662816 ], [ -5.8330533, 35.7663271 ], [ -5.8326612, 35.766465 ], [ -5.8322999, 35.7665743 ], [ -5.8320571, 35.766633 ], [ -5.8318399, 35.7666657 ], [ -5.8316092, 35.7666766 ], [ -5.8311868, 35.7667049 ], [ -5.8309306, 35.7667244 ], [ -5.830473, 35.7667512 ], [ -5.8301112, 35.7667723 ], [ -5.8298859, 35.7667799 ], [ -5.8297823, 35.7667788 ], [ -5.8297505, 35.766776 ], [ -5.8296958, 35.7667713 ], [ -5.8296712, 35.7667684 ], [ -5.829615, 35.7667568 ], [ -5.8295896, 35.766749 ], [ -5.8293327, 35.7666777 ], [ -5.8292449, 35.7666461 ], [ -5.8289719, 35.7665422 ], [ -5.8286101, 35.7663934 ], [ -5.8282619, 35.7662598 ], [ -5.8278113, 35.7660961 ], [ -5.8276241, 35.766016 ], [ -5.8275584, 35.7659867 ], [ -5.8274867, 35.7659562 ], [ -5.8274035, 35.7659072 ], [ -5.8273458, 35.7658621 ], [ -5.8272365, 35.7657647 ], [ -5.8271373, 35.7656542 ], [ -5.8270086, 35.7655231 ] ], [ [ -5.8270086, 35.7655231 ], [ -5.8269556, 35.7655492 ] ], [ [ -5.8269556, 35.7655492 ], [ -5.8268391, 35.765612 ], [ -5.8267273, 35.7656742 ], [ -5.8266646, 35.7657092 ], [ -5.8264124, 35.7658474 ], [ -5.8262113, 35.7659649 ], [ -5.8260021, 35.7660802 ], [ -5.8259612, 35.7661026 ], [ -5.8257942, 35.7661934 ], [ -5.8257245, 35.7662282 ], [ -5.8256691, 35.766256 ], [ -5.8255649, 35.7663088 ], [ -5.825528, 35.7663251 ], [ -5.8254871, 35.7663392 ], [ -5.8254401, 35.7663485 ], [ -5.8253972, 35.7663556 ], [ -5.8252484, 35.7663773 ], [ -5.825011, 35.7664034 ], [ -5.8248125, 35.7664252 ], [ -5.8245657, 35.7664557 ], [ -5.8244061, 35.7664807 ] ], [ [ -5.8244061, 35.7664807 ], [ -5.8242627, 35.7665025 ], [ -5.8240762, 35.7665329 ], [ -5.823914, 35.7665612 ], [ -5.8237503, 35.766583 ], [ -5.823574, 35.7666084 ], [ -5.8234781, 35.7666222 ], [ -5.8233011, 35.7666472 ], [ -5.8230825, 35.7666777 ], [ -5.8227231, 35.7667266 ], [ -5.8223945, 35.7667745 ], [ -5.8219694, 35.76683 ], [ -5.8216448, 35.7668768 ], [ -5.8213404, 35.7669192 ], [ -5.8210829, 35.7669551 ], [ -5.8207221, 35.7670052 ], [ -5.8201347, 35.7670846 ], [ -5.81955, 35.7671641 ], [ -5.8192965, 35.7672043 ], [ -5.8183604, 35.7673153 ], [ -5.8179702, 35.7673621 ], [ -5.8174016, 35.7674111 ], [ -5.817014, 35.767447 ], [ -5.8165902, 35.7674764 ], [ -5.8161382, 35.7675123 ], [ -5.8159746, 35.7675166 ], [ -5.815748, 35.7675166 ], [ -5.8155249, 35.7674913 ], [ -5.8154704, 35.7674851 ], [ -5.8152873, 35.7674624 ], [ -5.8151173, 35.7674413 ] ], [ [ -5.8151173, 35.7674413 ], [ -5.8151157, 35.7673506 ], [ -5.8150806, 35.7672644 ], [ -5.8150151, 35.7671909 ] ], [ [ -5.8150151, 35.7671909 ], [ -5.814913, 35.7671317 ] ], [ [ -5.814913, 35.7671317 ], [ -5.8148232, 35.7671075 ], [ -5.8147288, 35.7671028 ], [ -5.814636, 35.7671178 ] ], [ [ -5.814636, 35.7671178 ], [ -5.8140327, 35.7664023 ] ] ] } },
{ "type": "Feature", "properties": { "name": "Gare Ferroviaire-Aeroport Ibn Batouta (Tanger)", "Number": "AE" }, "geometry": { "type": "MultiLineString", "coordinates": [ [ [ -5.7850352, 35.7709081 ], [ -5.7846722, 35.7720077 ] ], [ [ -5.7846722, 35.7720077 ], [ -5.7846394, 35.772045 ], [ -5.784603, 35.7720801 ], [ -5.7845632, 35.7721127 ] ], [ [ -5.7845632, 35.7721127 ], [ -5.784518, 35.7721223 ] ], [ [ -5.784518, 35.7721223 ], [ -5.7844529, 35.7721433 ], [ -5.7843972, 35.7721779 ], [ -5.7843552, 35.7722234 ], [ -5.78433, 35.7722764 ], [ -5.7843235, 35.7723331 ], [ -5.7843362, 35.772389 ] ], [ [ -5.7843362, 35.772389 ], [ -5.7843487, 35.7724145 ] ], [ [ -5.7843487, 35.7724145 ], [ -5.7843894, 35.7724637 ], [ -5.7844456, 35.7725014 ], [ -5.7845002, 35.7725217 ], [ -5.784559, 35.7725312 ], [ -5.784619, 35.7725293 ] ], [ [ -5.784619, 35.7725293 ], [ -5.7846645, 35.7725212 ], [ -5.7847066, 35.7725051 ], [ -5.7847434, 35.772482 ] ], [ [ -5.7847434, 35.772482 ], [ -5.7848836, 35.7724725 ], [ -5.7849685, 35.7724704 ], [ -5.7850292, 35.7724741 ], [ -5.7861169, 35.7725417 ], [ -5.7861773, 35.7725454 ], [ -5.7863294, 35.7725647 ], [ -5.786547, 35.7726356 ] ], [ [ -5.786547, 35.7726356 ], [ -5.7866053, 35.7726592 ], [ -5.7866685, 35.7726717 ], [ -5.7867601, 35.7726696 ], [ -5.7868464, 35.7726446 ], [ -5.786919, 35.7725993 ], [ -5.78694, 35.7725741 ] ], [ [ -5.78694, 35.7725741 ], [ -5.7870188, 35.7725705 ], [ -5.7870921, 35.7725616 ], [ -5.7873678, 35.7725485 ] ], [ [ -5.7873678, 35.7725485 ], [ -5.7880037, 35.7725192 ], [ -5.7887851, 35.77246 ], [ -5.789357, 35.7723756 ] ], [ [ -5.789357, 35.7723756 ], [ -5.7894474, 35.7723719 ], [ -5.7897789, 35.7723645 ], [ -5.7901036, 35.7723553 ], [ -5.7906077, 35.7723465 ], [ -5.7908955, 35.7723499 ] ], [ [ -5.7908955, 35.7723499 ], [ -5.7909545, 35.7724552 ], [ -5.7910542, 35.7725379 ], [ -5.7911545, 35.7725807 ], [ -5.7913027, 35.7726006 ], [ -5.7914498, 35.7725761 ], [ -5.7915486, 35.7725296 ], [ -5.791628, 35.772463 ] ], [ [ -5.791628, 35.772463 ], [ -5.7918432, 35.7725181 ], [ -5.7927419, 35.7728364 ], [ -5.793982, 35.7732755 ], [ -5.7941396, 35.7733313 ], [ -5.7960168, 35.7739961 ], [ -5.7960334, 35.7740019 ], [ -5.7970992, 35.7743794 ], [ -5.7971815, 35.7744204 ], [ -5.7972176, 35.7744535 ] ], [ [ -5.797483, 35.7745461 ], [ -5.7976065, 35.774551 ], [ -5.7976508, 35.7745527 ], [ -5.797686, 35.7745589 ], [ -5.7979451, 35.7746247 ], [ -5.7981233, 35.7746726 ], [ -5.7981617, 35.7746808 ] ], [ [ -5.7983597, 35.7747567 ], [ -5.7998545, 35.7752853 ], [ -5.8001623, 35.775393 ] ], [ [ -5.8001623, 35.775393 ], [ -5.8001611, 35.7754195 ], [ -5.8001664, 35.7754458 ], [ -5.8001778, 35.7754703 ], [ -5.8001949, 35.7754926 ], [ -5.8002332, 35.7755218 ], [ -5.8002809, 35.7755397 ], [ -5.800317, 35.7755445 ], [ -5.8003536, 35.7755427 ], [ -5.8003888, 35.7755344 ], [ -5.8004485, 35.7754997 ] ], [ [ -5.8004485, 35.7754997 ], [ -5.8004706, 35.775474 ], [ -5.8004846, 35.7754449 ], [ -5.80049, 35.7754139 ], [ -5.800487, 35.7753859 ] ], [ [ -5.800487, 35.7753859 ], [ -5.8004803, 35.7753659 ], [ -5.800452, 35.7753257 ], [ -5.8004084, 35.7752958 ] ], [ [ -5.8004084, 35.7752958 ], [ -5.8004648, 35.7751987 ], [ -5.8005372, 35.7750638 ], [ -5.8007209, 35.7747308 ], [ -5.8009482, 35.7743797 ], [ -5.8010686, 35.7741647 ], [ -5.8015864, 35.7732792 ], [ -5.8016709, 35.7731383 ], [ -5.8017489, 35.7730669 ], [ -5.8018417, 35.7730087 ], [ -5.8019489, 35.772982 ] ], [ [ -5.8019489, 35.772982 ], [ -5.8019876, 35.7730008 ], [ -5.8020307, 35.7730116 ], [ -5.8020758, 35.7730137 ] ], [ [ -5.8020758, 35.7730137 ], [ -5.8021266, 35.7730053 ], [ -5.8021727, 35.772986 ], [ -5.8022105, 35.7729572 ], [ -5.8022485, 35.7729048 ] ], [ [ -5.8022485, 35.7729048 ], [ -5.8022508, 35.7728792 ], [ -5.8022494, 35.7728359 ], [ -5.8022331, 35.7727946 ] ], [ [ -5.8022331, 35.7727946 ], [ -5.8022106, 35.7725676 ], [ -5.8021999, 35.7723702 ], [ -5.8022156, 35.7722805 ], [ -5.8022374, 35.7721889 ], [ -5.8022806, 35.7720814 ], [ -5.802353, 35.771953 ] ], [ [ -5.802353, 35.771953 ], [ -5.8024015, 35.7718587 ], [ -5.8025217, 35.7716167 ] ], [ [ -5.8025217, 35.7716167 ], [ -5.8025542, 35.7715384 ], [ -5.8028821, 35.7709703 ], [ -5.8030384, 35.7707189 ], [ -5.8031471, 35.7705291 ], [ -5.8032292, 35.7703711 ] ], [ [ -5.8032292, 35.7703711 ], [ -5.8034165, 35.7700674 ] ], [ [ -5.8034165, 35.7700674 ], [ -5.8034591, 35.7700027 ], [ -5.8034974, 35.7699517 ], [ -5.8035634, 35.7698817 ], [ -5.8036166, 35.7698334 ], [ -5.8036752, 35.7697876 ] ], [ [ -5.8036752, 35.7697876 ], [ -5.8040126, 35.7695752 ] ], [ [ -5.8040126, 35.7695752 ], [ -5.8041286, 35.7695035 ], [ -5.8046393, 35.7691852 ], [ -5.8053768, 35.7687293 ], [ -5.8057082, 35.7685267 ] ], [ [ -5.8057082, 35.7685267 ], [ -5.8060144, 35.7683234 ], [ -5.8065183, 35.7680216 ], [ -5.8066533, 35.7679427 ] ], [ [ -5.8066533, 35.7679427 ], [ -5.8067632, 35.767879 ], [ -5.8072454, 35.7676015 ], [ -5.8082981, 35.7669747 ], [ -5.8092543, 35.7663523 ], [ -5.8092906, 35.7663305 ], [ -5.8093719, 35.7662939 ] ], [ [ -5.8093719, 35.7662939 ], [ -5.8100764, 35.7658533 ] ], [ [ -5.8100764, 35.7658533 ], [ -5.8107953, 35.7654371 ], [ -5.8114927, 35.7650905 ] ], [ [ -5.8114927, 35.7650905 ], [ -5.8116033, 35.7649972 ], [ -5.811674, 35.7649469 ], [ -5.8117716, 35.7648944 ], [ -5.8119433, 35.7648152 ], [ -5.8120345, 35.7647864 ], [ -5.8121592, 35.7647521 ], [ -5.8124013, 35.7646928 ], [ -5.812793, 35.7646138 ] ], [ [ -5.812793, 35.7646138 ], [ -5.8130533, 35.7645571 ] ], [ [ -5.8130533, 35.7645571 ], [ -5.8132159, 35.7645203 ] ], [ [ -5.8132159, 35.7645203 ], [ -5.8135224, 35.7644579 ] ], [ [ -5.8135224, 35.7644579 ], [ -5.814946, 35.7641748 ] ], [ [ -5.814946, 35.7641748 ], [ -5.8151096, 35.76414 ], [ -5.8154556, 35.7640736 ], [ -5.815756, 35.764004 ], [ -5.8160417, 35.7639136 ], [ -5.8163099, 35.7637939 ], [ -5.8165285, 35.7636797 ], [ -5.8167994, 35.7635121 ], [ -5.8169885, 35.7633728 ], [ -5.8171709, 35.763227 ], [ -5.8172755, 35.7631181 ], [ -5.8175477, 35.7628559 ], [ -5.8177771, 35.7626023 ] ], [ [ -5.8177771, 35.7626023 ], [ -5.8180614, 35.7623009 ], [ -5.8181539, 35.7621975 ], [ -5.8182203, 35.7621267 ], [ -5.8184677, 35.7618917 ] ], [ [ -5.8184677, 35.7618917 ], [ -5.8190136, 35.76134 ], [ -5.8195616, 35.760806 ], [ -5.8197619, 35.7606163 ], [ -5.8198933, 35.7605076 ], [ -5.8200303, 35.7604029 ], [ -5.8204003, 35.7601744 ], [ -5.8207288, 35.7599818 ], [ -5.8209488, 35.7598523 ], [ -5.821268, 35.7596989 ], [ -5.8215724, 35.7595791 ], [ -5.8219037, 35.7594638 ] ], [ [ -5.8219037, 35.7594638 ], [ -5.8222624, 35.7593593 ], [ -5.8225205, 35.7592804 ], [ -5.8226628, 35.7592457 ], [ -5.8228042, 35.759214 ], [ -5.8229055, 35.7591928 ] ], [ [ -5.8229055, 35.7591928 ], [ -5.8230101, 35.7591787 ], [ -5.8232085, 35.7591591 ], [ -5.8235116, 35.759133 ], [ -5.823749, 35.7591264 ], [ -5.8239904, 35.7591286 ], [ -5.8242345, 35.7591384 ], [ -5.8249506, 35.759183 ], [ -5.825884, 35.7592525 ], [ -5.8259948, 35.7592607 ], [ -5.8263222, 35.7592806 ], [ -5.8268837, 35.7592828 ] ], [ [ -5.8268837, 35.7592828 ], [ -5.8273025, 35.7592472 ], [ -5.8275353, 35.7592124 ], [ -5.8278173, 35.7591499 ], [ -5.8281743, 35.7590644 ], [ -5.8283694, 35.7590159 ], [ -5.8285024, 35.7589798 ] ], [ [ -5.8285024, 35.7589798 ], [ -5.8287147, 35.7588871 ] ], [ [ -5.8287147, 35.7588871 ], [ -5.8288262, 35.7588287 ], [ -5.828917, 35.7587707 ] ], [ [ -5.828917, 35.7587707 ], [ -5.8290864, 35.7586368 ] ], [ [ -5.8290864, 35.7586368 ], [ -5.8294467, 35.7582542 ], [ -5.8301272, 35.7574414 ], [ -5.8303942, 35.7571457 ] ], [ [ -5.8303942, 35.7571457 ], [ -5.830877, 35.7565635 ], [ -5.8312967, 35.7560411 ], [ -5.831663, 35.7555351 ], [ -5.8318813, 35.7552261 ], [ -5.8319425, 35.7551525 ], [ -5.8320336, 35.7550374 ] ], [ [ -5.8320336, 35.7550374 ], [ -5.8320625, 35.7550341 ], [ -5.8320966, 35.7550247 ], [ -5.8321415, 35.7549977 ], [ -5.8321666, 35.7549697 ], [ -5.8321839, 35.7549325 ], [ -5.8321878, 35.7548973 ], [ -5.8321762, 35.7548591 ], [ -5.8321627, 35.7548372 ] ], [ [ -5.8321627, 35.7548372 ], [ -5.8322134, 35.7547225 ], [ -5.8322905, 35.7545473 ], [ -5.8324702, 35.7542159 ], [ -5.8326713, 35.7538721 ], [ -5.8328712, 35.7535216 ], [ -5.833118, 35.7530873 ], [ -5.8334184, 35.752553 ], [ -5.8336249, 35.752196 ], [ -5.8336704, 35.7521152 ], [ -5.8338029, 35.7518606 ], [ -5.8338896, 35.7517401 ] ], [ [ -5.8338896, 35.7517401 ], [ -5.8339375, 35.7517328 ], [ -5.8339676, 35.7517234 ], [ -5.834004, 35.7516962 ], [ -5.8340236, 35.751673 ], [ -5.8340401, 35.7516379 ], [ -5.8340368, 35.7515734 ] ], [ [ -5.8340368, 35.7515734 ], [ -5.834097, 35.7514493 ], [ -5.8341613, 35.7513699 ], [ -5.8342257, 35.7512948 ], [ -5.8343115, 35.751199 ], [ -5.8344162, 35.751088 ], [ -5.8345221, 35.750977 ], [ -5.8346991, 35.7508235 ], [ -5.8349405, 35.7506472 ], [ -5.8351001, 35.7505645 ], [ -5.835257, 35.7504818 ], [ -5.8354367, 35.7504045 ], [ -5.8356312, 35.7503392 ], [ -5.8357827, 35.7502956 ], [ -5.8359276, 35.7502554 ], [ -5.8360201, 35.7502314 ], [ -5.8361274, 35.7502129 ], [ -5.8362588, 35.7501922 ], [ -5.8364359, 35.7501683 ], [ -5.8367497, 35.7501269 ], [ -5.8370702, 35.7500812 ], [ -5.8374144, 35.750038 ], [ -5.8376141, 35.7500054 ], [ -5.8376303, 35.7500027 ], [ -5.8378306, 35.7499724 ], [ -5.8380492, 35.7499354 ], [ -5.8383154, 35.7498891 ], [ -5.8384663, 35.7498608 ], [ -5.8386648, 35.749814 ], [ -5.8388579, 35.7497629 ], [ -5.8390155, 35.7497122 ], [ -5.8391865, 35.7496508 ], [ -5.839332, 35.7495909 ], [ -5.839452, 35.7495337 ], [ -5.8396029, 35.7494554 ], [ -5.8397383, 35.7493678 ], [ -5.8398758, 35.7492818 ], [ -5.8400032, 35.749186 ], [ -5.8400951, 35.7491093 ] ], [ [ -5.8400951, 35.7491093 ], [ -5.8403638, 35.7488403 ], [ -5.8405426, 35.7486562 ], [ -5.8407074, 35.7484615 ], [ -5.8408853, 35.7482498 ], [ -5.8410375, 35.7480657 ], [ -5.8411086, 35.7479781 ] ], [ [ -5.8411086, 35.7479781 ], [ -5.8412303, 35.7478261 ] ], [ [ -5.8412303, 35.7478261 ], [ -5.8414432, 35.7475552 ] ], [ [ -5.8414432, 35.7475552 ], [ -5.8415599, 35.747409 ] ], [ [ -5.8415599, 35.747409 ], [ -5.8416266, 35.7473199 ], [ -5.8423024, 35.7464752 ], [ -5.8425444, 35.7461933 ] ], [ [ -5.8425444, 35.7461933 ], [ -5.8432555, 35.7452679 ], [ -5.843762, 35.7446666 ], [ -5.8439053, 35.7445049 ], [ -5.8439314, 35.7444808 ] ], [ [ -5.8439314, 35.7444808 ], [ -5.8440004, 35.7444742 ], [ -5.8440618, 35.7444477 ], [ -5.844107, 35.7444049 ], [ -5.8441328, 35.7443499 ], [ -5.8441347, 35.7443008 ], [ -5.8441174, 35.7442695 ] ], [ [ -5.8441174, 35.7442695 ], [ -5.8442753, 35.7440019 ], [ -5.8447259, 35.7434183 ], [ -5.8451721, 35.742844 ], [ -5.8459201, 35.7419167 ], [ -5.8466309, 35.7410415 ] ], [ [ -5.8466309, 35.7410415 ], [ -5.8468683, 35.7407813 ], [ -5.847111, 35.7405506 ], [ -5.8477239, 35.7401032 ], [ -5.8478782, 35.7399982 ], [ -5.8482702, 35.7397772 ], [ -5.8489056, 35.7395211 ], [ -5.8493924, 35.7393658 ] ], [ [ -5.8493924, 35.7393658 ], [ -5.8513793, 35.7388535 ], [ -5.8514974, 35.7388256 ], [ -5.8524865, 35.738583 ], [ -5.8528635, 35.7385088 ], [ -5.8529665, 35.7384944 ] ], [ [ -5.8529665, 35.7384944 ], [ -5.8530036, 35.7385132 ], [ -5.8530594, 35.7385311 ], [ -5.8531192, 35.7385344 ], [ -5.8531775, 35.7385228 ] ], [ [ -5.8531775, 35.7385228 ], [ -5.8532158, 35.7385055 ], [ -5.8532484, 35.7384817 ], [ -5.8532736, 35.7384527 ], [ -5.8532902, 35.7384197 ] ], [ [ -5.8532902, 35.7384197 ], [ -5.8532977, 35.7383766 ] ], [ [ -5.8532977, 35.7383766 ], [ -5.8534636, 35.7383283 ], [ -5.8544482, 35.7380796 ], [ -5.8553031, 35.7378802 ], [ -5.8553676, 35.7378652 ], [ -5.85559, 35.7378071 ], [ -5.8556592, 35.7378015 ], [ -5.8558417, 35.7377965 ] ], [ [ -5.8558417, 35.7377965 ], [ -5.8558901, 35.7378036 ], [ -5.8559389, 35.737799 ], [ -5.8559841, 35.7377832 ], [ -5.8560217, 35.7377576 ] ], [ [ -5.8560217, 35.7377576 ], [ -5.8563816, 35.7376109 ], [ -5.8565709, 35.7375544 ], [ -5.857165, 35.7374008 ], [ -5.8572677, 35.7373753 ], [ -5.857337, 35.7373563 ] ], [ [ -5.857337, 35.7373563 ], [ -5.8574059, 35.7373375 ], [ -5.8581926, 35.7371227 ], [ -5.8590724, 35.7368669 ], [ -5.859928, 35.7365719 ], [ -5.8612245, 35.7360638 ] ], [ [ -5.8612245, 35.7360638 ], [ -5.8614448, 35.7359775 ], [ -5.8623192, 35.7356161 ], [ -5.8629012, 35.7353788 ], [ -5.8634403, 35.735173 ], [ -5.8636388, 35.7350936 ], [ -5.8643839, 35.7347894 ], [ -5.8649826, 35.7345427 ], [ -5.8652857, 35.734423 ], [ -5.8656921, 35.7342532 ], [ -5.8661413, 35.7340703 ], [ -5.8667321, 35.7338389 ], [ -5.8673819, 35.7335548 ], [ -5.8674388, 35.7335358 ], [ -5.8674871, 35.7335238 ], [ -5.8675816, 35.7335042 ] ], [ [ -5.8675816, 35.7335042 ], [ -5.867601, 35.7335117 ], [ -5.8676216, 35.733517 ], [ -5.8676728, 35.7335201 ], [ -5.8677225, 35.7335099 ], [ -5.8677656, 35.7334872 ], [ -5.8677976, 35.7334546 ], [ -5.8678149, 35.7334159 ] ], [ [ -5.8678149, 35.7334159 ], [ -5.8678894, 35.7333697 ], [ -5.8679558, 35.7333382 ], [ -5.8680309, 35.733305 ], [ -5.8680964, 35.7332784 ], [ -5.8680967, 35.7332783 ], [ -5.8691158, 35.7329115 ], [ -5.8692145, 35.7328809 ], [ -5.8707478, 35.7323929 ], [ -5.8718839, 35.7320313 ], [ -5.8728026, 35.7317308 ] ], [ [ -5.8728026, 35.7317308 ], [ -5.8733726, 35.7315686 ], [ -5.8735657, 35.7315207 ], [ -5.873664, 35.7314879 ] ], [ [ -5.873664, 35.7314879 ], [ -5.8737062, 35.7315076 ] ], [ [ -5.8737062, 35.7315076 ], [ -5.8737429, 35.7315102 ], [ -5.8737854, 35.7315089 ], [ -5.8738259, 35.7314983 ], [ -5.8738615, 35.7314793 ], [ -5.8738894, 35.7314532 ], [ -5.8739015, 35.7314317 ] ], [ [ -5.8739015, 35.7314317 ], [ -5.8739065, 35.7314204 ], [ -5.8739116, 35.7314025 ] ], [ [ -5.8739116, 35.7314025 ], [ -5.8740363, 35.7313578 ], [ -5.8741885, 35.7313005 ], [ -5.8745049, 35.7311869 ], [ -5.8749409, 35.7310497 ], [ -5.8756082, 35.7308642 ], [ -5.8762077, 35.7306715 ], [ -5.8771183, 35.7303841 ], [ -5.8778237, 35.7301609 ], [ -5.8778405, 35.7301557 ], [ -5.8786686, 35.7298986 ], [ -5.8792064, 35.7297374 ], [ -5.879496, 35.7296438 ], [ -5.8803879, 35.7293542 ], [ -5.8806124, 35.7292824 ], [ -5.8811577, 35.7291082 ], [ -5.8818876, 35.728884 ] ], [ [ -5.8818876, 35.728884 ], [ -5.8823136, 35.7287707 ], [ -5.8824089, 35.7287456 ], [ -5.8825363, 35.7287228 ] ], [ [ -5.8825363, 35.7287228 ], [ -5.8827835, 35.7286803 ] ], [ [ -5.8827835, 35.7286803 ], [ -5.8828533, 35.7287039 ], [ -5.8829283, 35.7287095 ], [ -5.883002, 35.7286967 ], [ -5.8830669, 35.7286668 ] ], [ [ -5.8830669, 35.7286668 ], [ -5.8830897, 35.7286508 ], [ -5.8831175, 35.7286241 ], [ -5.8831392, 35.728594 ], [ -5.8831529, 35.7285672 ] ], [ [ -5.8831529, 35.7285672 ], [ -5.8832322, 35.7285194 ], [ -5.8833331, 35.7284731 ], [ -5.8834621, 35.7284177 ], [ -5.8835874, 35.7283652 ], [ -5.8840696, 35.728194 ] ], [ [ -5.8831529, 35.7285672 ], [ -5.8832322, 35.7285194 ], [ -5.8833331, 35.7284731 ], [ -5.8834621, 35.7284177 ], [ -5.8835874, 35.7283652 ], [ -5.8840696, 35.728194 ] ], [ [ -5.8840696, 35.728194 ], [ -5.8847489, 35.7279736 ], [ -5.8848155, 35.727952 ], [ -5.8852053, 35.7278265 ], [ -5.8856025, 35.7276973 ], [ -5.8865056, 35.7274035 ] ], [ [ -5.8865056, 35.7274035 ], [ -5.8881038, 35.7268829 ], [ -5.8892273, 35.7265272 ], [ -5.8904442, 35.7261316 ], [ -5.8906408, 35.7260694 ], [ -5.8917148, 35.7257294 ], [ -5.8930653, 35.725302 ] ], [ [ -5.8930653, 35.725302 ], [ -5.8933242, 35.7252182 ], [ -5.8935079, 35.7251572 ], [ -5.8938901, 35.7250451 ], [ -5.8941215, 35.7249808 ] ], [ [ -5.8941215, 35.7249808 ], [ -5.8942918, 35.7249912 ], [ -5.8943756, 35.7250064 ], [ -5.8944433, 35.7250189 ], [ -5.8944875, 35.7250352 ], [ -5.8945533, 35.7250652 ], [ -5.8946633, 35.7251164 ] ], [ [ -5.8946633, 35.7251164 ], [ -5.8947801, 35.72528 ], [ -5.8948718, 35.7254925 ], [ -5.895014, 35.7257277 ], [ -5.8950981, 35.7258544 ], [ -5.8951521, 35.7259357 ], [ -5.8952822, 35.726087 ], [ -5.8954766, 35.7262949 ], [ -5.895659, 35.7264648 ], [ -5.8959139, 35.7266619 ], [ -5.8960681, 35.7267696 ], [ -5.896288, 35.7269133 ], [ -5.8963632, 35.7269612 ], [ -5.8964347, 35.7270127 ], [ -5.8965026, 35.7270678 ] ], [ [ -5.8965026, 35.7270678 ], [ -5.8965092, 35.7270996 ], [ -5.8965253, 35.727129 ] ], [ [ -5.8965253, 35.727129 ], [ -5.8965499, 35.7271543 ], [ -5.8965815, 35.7271739 ], [ -5.8966181, 35.7271864 ], [ -5.8966573, 35.7271913 ], [ -5.8966968, 35.7271881 ], [ -5.8967337, 35.7271776 ] ], [ [ -5.8967337, 35.7271776 ], [ -5.8968879, 35.727238 ], [ -5.897044, 35.7272949 ], [ -5.8972022, 35.727348 ], [ -5.8973622, 35.7273974 ], [ -5.8975237, 35.7274434 ], [ -5.897722, 35.7274958 ], [ -5.8979233, 35.72754 ], [ -5.8981271, 35.7275759 ], [ -5.8983329, 35.7276035 ], [ -5.8985401, 35.7276228 ], [ -5.8987482, 35.7276335 ], [ -5.8989014, 35.7276352 ], [ -5.8989568, 35.7276358 ], [ -5.8993095, 35.7276232 ], [ -5.899689, 35.7276003 ], [ -5.9000422, 35.7275813 ], [ -5.9003959, 35.7275707 ], [ -5.9007498, 35.7275687 ], [ -5.9016875, 35.7275639 ], [ -5.9018339, 35.7275588 ], [ -5.90198, 35.7275512 ], [ -5.9021327, 35.7275404 ], [ -5.9022624, 35.7275339 ], [ -5.903579, 35.727458 ], [ -5.9057223, 35.7273265 ], [ -5.9078597, 35.7272025 ], [ -5.9087897, 35.7271441 ], [ -5.9089788, 35.7271315 ], [ -5.9090086, 35.7271285 ], [ -5.9090485, 35.7271226 ], [ -5.9090863, 35.7271106 ], [ -5.9091193, 35.7270909 ], [ -5.9091516, 35.7270651 ] ], [ [ -5.9110957, 35.7269348 ], [ -5.9108159, 35.7269469 ], [ -5.9094577, 35.7270467 ], [ -5.9091516, 35.7270651 ] ] ] } },
{ "type": "Feature", "properties": { "name": "Aeroport Ibn Batouta (Tanger) - Gare Ferroviaire", "Number": "AE" }, "geometry": { "type": "MultiLineString", "coordinates": [ [ [ -5.9110957, 35.7269348 ], [ -5.9108159, 35.7269469 ], [ -5.9094577, 35.7270467 ], [ -5.9091516, 35.7270651 ] ], [ [ -5.9091516, 35.7270651 ], [ -5.9091126, 35.7270549 ], [ -5.9090682, 35.727048 ], [ -5.9090253, 35.7270433 ], [ -5.908982, 35.7270429 ], [ -5.9089389, 35.7270454 ], [ -5.9077645, 35.7271131 ], [ -5.9056822, 35.7272372 ], [ -5.9043172, 35.72732 ], [ -5.9035635, 35.7273684 ], [ -5.9030889, 35.7273964 ], [ -5.9022517, 35.7274457 ], [ -5.902122, 35.7274518 ], [ -5.9020555, 35.7274559 ], [ -5.9018983, 35.7274657 ], [ -5.9016743, 35.7274754 ], [ -5.9012258, 35.72748 ], [ -5.9010044, 35.7274792 ], [ -5.9007613, 35.7274783 ], [ -5.9005182, 35.7274776 ], [ -5.9002751, 35.7274806 ], [ -5.9000322, 35.7274873 ], [ -5.8997894, 35.7274977 ], [ -5.8992679, 35.7275317 ], [ -5.8990396, 35.7275412 ], [ -5.8988536, 35.7275415 ], [ -5.898664, 35.7275377 ], [ -5.8984748, 35.7275263 ], [ -5.8982866, 35.7275072 ], [ -5.8980998, 35.7274805 ], [ -5.8979149, 35.7274464 ], [ -5.8977323, 35.7274047 ], [ -5.8975525, 35.7273557 ], [ -5.8974004, 35.727312 ], [ -5.8972506, 35.7272636 ], [ -5.8971032, 35.7272105 ], [ -5.8969584, 35.7271528 ], [ -5.8968165, 35.7270905 ] ], [ [ -5.8968165, 35.7270905 ], [ -5.8968201, 35.7270572 ], [ -5.8968131, 35.7270239 ], [ -5.8967956, 35.7269933 ], [ -5.896769, 35.7269674 ], [ -5.8967349, 35.726948 ], [ -5.8966959, 35.7269364 ], [ -5.8966545, 35.7269334 ], [ -5.8966135, 35.7269393 ], [ -5.8965758, 35.7269536 ] ], [ [ -5.8965758, 35.7269536 ], [ -5.8965167, 35.7269276 ], [ -5.8964609, 35.7268975 ], [ -5.8964087, 35.7268633 ], [ -5.8961861, 35.7267185 ], [ -5.8959889, 35.72659 ], [ -5.8958997, 35.7265248 ], [ -5.8958173, 35.7264583 ], [ -5.8957367, 35.7263952 ], [ -5.8956577, 35.7263309 ], [ -5.8955021, 35.7261752 ], [ -5.8953573, 35.7260162 ], [ -5.8952044, 35.7258268 ], [ -5.8951052, 35.7256722 ], [ -5.8949912, 35.7254882 ], [ -5.8949046, 35.7252542 ], [ -5.8948517, 35.7251474 ], [ -5.8948155, 35.7250592 ], [ -5.8947927, 35.7249993 ], [ -5.8947819, 35.724964 ], [ -5.894758, 35.7248244 ] ], [ [ -5.894758, 35.7248244 ], [ -5.8947732, 35.7248015 ], [ -5.8947836, 35.7247768 ] ], [ [ -5.8947836, 35.7247768 ], [ -5.8947892, 35.7247308 ], [ -5.8947781, 35.7246854 ], [ -5.8947511, 35.7246446 ], [ -5.8947108, 35.724612 ] ], [ [ -5.8947108, 35.724612 ], [ -5.8946814, 35.7245974 ], [ -5.8946494, 35.7245874 ], [ -5.8946157, 35.7245821 ], [ -5.8945814, 35.7245817 ], [ -5.8945475, 35.7245862 ], [ -5.8945151, 35.7245955 ], [ -5.8944853, 35.7246093 ], [ -5.8944614, 35.7246252 ], [ -5.8944409, 35.7246439 ], [ -5.8944244, 35.7246651 ], [ -5.8944122, 35.7246881 ], [ -5.8944048, 35.7247117 ] ], [ [ -5.8944048, 35.7247117 ], [ -5.8941315, 35.7248023 ], [ -5.8933657, 35.7250777 ], [ -5.8932477, 35.7251191 ] ], [ [ -5.8932477, 35.7251191 ], [ -5.8906782, 35.7259672 ], [ -5.8901645, 35.7261463 ], [ -5.8898869, 35.7262361 ], [ -5.8894792, 35.7263706 ], [ -5.8892465, 35.7264436 ], [ -5.8889421, 35.726541 ], [ -5.8881673, 35.7267817 ], [ -5.8855242, 35.7276204 ], [ -5.8845661, 35.7279304 ], [ -5.8838873, 35.7281501 ] ], [ [ -5.8838873, 35.7281501 ], [ -5.8836091, 35.7282408 ], [ -5.88348, 35.7282743 ], [ -5.8833691, 35.7282971 ], [ -5.8832605, 35.7283129 ], [ -5.883054, 35.7283391 ] ], [ [ -5.883054, 35.7283391 ], [ -5.8830101, 35.7283197 ], [ -5.8829375, 35.7283048 ], [ -5.8828627, 35.7283081 ], [ -5.8827924, 35.7283292 ], [ -5.882733, 35.7283663 ], [ -5.88269, 35.7284157 ], [ -5.8826668, 35.7284734 ] ], [ [ -5.8826668, 35.7284734 ], [ -5.8825703, 35.7285299 ], [ -5.8824678, 35.728579 ], [ -5.8823274, 35.728631 ], [ -5.8821803, 35.7286692 ], [ -5.8821184, 35.7286889 ] ], [ [ -5.8821184, 35.7286889 ], [ -5.8816895, 35.7288251 ], [ -5.8805708, 35.7292008 ], [ -5.8803408, 35.7292781 ], [ -5.8789572, 35.7297148 ], [ -5.8781818, 35.7299492 ], [ -5.8781087, 35.7299731 ], [ -5.8772913, 35.7302333 ], [ -5.875578, 35.7307771 ], [ -5.8752079, 35.7308903 ], [ -5.8748397, 35.7310068 ], [ -5.8746144, 35.7310732 ], [ -5.8743046, 35.7311532 ], [ -5.8739714, 35.7312371 ], [ -5.8738513, 35.7312809 ] ], [ [ -5.8738513, 35.7312809 ], [ -5.8738112, 35.7312635 ], [ -5.8737667, 35.7312562 ], [ -5.8737215, 35.7312595 ], [ -5.8736793, 35.7312732 ], [ -5.8736437, 35.7312962 ], [ -5.8736177, 35.7313264 ], [ -5.8736035, 35.7313614 ] ], [ [ -5.8736035, 35.7313614 ], [ -5.8735141, 35.7313951 ], [ -5.8730802, 35.7315588 ], [ -5.872132, 35.731868 ], [ -5.8708687, 35.7322648 ], [ -5.8697992, 35.7325941 ], [ -5.86913, 35.732815 ] ], [ [ -5.86913, 35.732815 ], [ -5.8688529, 35.732904 ], [ -5.8685784, 35.7329982 ], [ -5.8683067, 35.7330976 ], [ -5.8680379, 35.7332022 ] ], [ [ -5.8680379, 35.7332022 ], [ -5.8679706, 35.7332291 ], [ -5.8679006, 35.733251 ], [ -5.8678291, 35.7332698 ], [ -5.8677528, 35.7332879 ] ], [ [ -5.8677528, 35.7332879 ], [ -5.8677191, 35.7332726 ] ], [ [ -5.8677191, 35.7332726 ], [ -5.8676678, 35.7332632 ], [ -5.8676156, 35.7332679 ], [ -5.8675681, 35.7332862 ], [ -5.8675306, 35.7333161 ] ], [ [ -5.8675306, 35.7333161 ], [ -5.867515, 35.7333377 ], [ -5.8675048, 35.7333615 ], [ -5.8675005, 35.7333863 ] ], [ [ -5.8675005, 35.7333863 ], [ -5.8674388, 35.7334242 ], [ -5.867402, 35.7334435 ], [ -5.867363, 35.7334623 ], [ -5.8664357, 35.7338667 ], [ -5.8661886, 35.7339721 ], [ -5.8660783, 35.7340191 ], [ -5.8657216, 35.7341595 ], [ -5.8654279, 35.7342771 ], [ -5.8652106, 35.7343696 ], [ -5.8649182, 35.7344905 ] ], [ [ -5.8649182, 35.7344905 ], [ -5.8643295, 35.7347272 ] ], [ [ -5.8643295, 35.7347272 ], [ -5.8638097, 35.7349376 ] ], [ [ -5.8638097, 35.7349376 ], [ -5.8637645, 35.7349559 ], [ -5.8635976, 35.7350234 ] ], [ [ -5.8635976, 35.7350234 ], [ -5.8611833, 35.7360004 ], [ -5.8608305, 35.7361506 ], [ -5.8594492, 35.7366611 ], [ -5.8583026, 35.7370128 ], [ -5.8571734, 35.7373143 ], [ -5.8565388, 35.7374745 ], [ -5.8563602, 35.7375147 ], [ -5.8560924, 35.7375444 ], [ -5.8560011, 35.7375592 ] ], [ [ -5.8560011, 35.7375592 ], [ -5.8559725, 35.7375442 ], [ -5.8559218, 35.7375308 ], [ -5.8558684, 35.7375308 ], [ -5.8558178, 35.7375444 ], [ -5.8557748, 35.7375701 ], [ -5.8557526, 35.7375927 ], [ -5.8557368, 35.7376187 ], [ -5.855728, 35.7376467 ] ], [ [ -5.855728, 35.7376467 ], [ -5.8556419, 35.7376736 ], [ -5.8543516, 35.7380099 ], [ -5.8534133, 35.7382318 ], [ -5.8533462, 35.7382419 ], [ -5.8531938, 35.7382364 ] ], [ [ -5.8531938, 35.7382364 ], [ -5.8531384, 35.7382207 ], [ -5.8530798, 35.7382191 ] ], [ [ -5.8530798, 35.7382191 ], [ -5.8530297, 35.7382294 ], [ -5.8529847, 35.7382501 ], [ -5.8529479, 35.7382796 ] ], [ [ -5.8529479, 35.7382796 ], [ -5.8529257, 35.738309 ], [ -5.8529119, 35.7383417 ] ], [ [ -5.8529119, 35.7383417 ], [ -5.8528215, 35.7383855 ], [ -5.8524612, 35.7385038 ], [ -5.8520188, 35.738615 ], [ -5.8511567, 35.7388268 ], [ -5.8504631, 35.7390033 ], [ -5.8497919, 35.7391706 ], [ -5.8492894, 35.7393038 ], [ -5.8488348, 35.7394465 ], [ -5.8482247, 35.7397025 ], [ -5.8480693, 35.7397696 ], [ -5.8476327, 35.7400433 ], [ -5.8473954, 35.7402251 ], [ -5.8471965, 35.7403772 ], [ -5.8469246, 35.7406072 ], [ -5.8467483, 35.7407754 ], [ -5.8464915, 35.7410404 ], [ -5.84612, 35.7414965 ], [ -5.8459408, 35.741725 ], [ -5.8445066, 35.7435015 ], [ -5.8441605, 35.7439434 ], [ -5.8439643, 35.7441772 ] ], [ [ -5.8439643, 35.7441772 ], [ -5.8439195, 35.7441782 ], [ -5.8438751, 35.7441871 ], [ -5.8438348, 35.7442025 ], [ -5.8438018, 35.7442295 ], [ -5.8437746, 35.7442652 ], [ -5.843761, 35.7442958 ], [ -5.8437583, 35.7443326 ], [ -5.8437635, 35.7443698 ], [ -5.8437752, 35.744395 ] ], [ [ -5.8437752, 35.744395 ], [ -5.8436109, 35.7445982 ], [ -5.8434536, 35.7448229 ], [ -5.8431005, 35.7453001 ], [ -5.8429664, 35.7454915 ], [ -5.842873, 35.7456226 ], [ -5.8424139, 35.7461834 ] ], [ [ -5.8424139, 35.7461834 ], [ -5.8414699, 35.7473549 ] ], [ [ -5.8414699, 35.7473549 ], [ -5.8413498, 35.7475045 ] ], [ [ -5.8413498, 35.7475045 ], [ -5.8411397, 35.7477652 ] ], [ [ -5.8411397, 35.7477652 ], [ -5.841015, 35.74792 ] ], [ [ -5.841015, 35.74792 ], [ -5.8407419, 35.7482439 ], [ -5.8403043, 35.7487828 ], [ -5.8399985, 35.7491001 ], [ -5.8398295, 35.7492333 ] ], [ [ -5.8398295, 35.7492333 ], [ -5.839621, 35.7493465 ], [ -5.8394828, 35.7494249 ], [ -5.8393742, 35.7494815 ], [ -5.8392549, 35.7495337 ], [ -5.839114, 35.7495903 ], [ -5.8389357, 35.7496567 ], [ -5.8387131, 35.7497177 ], [ -5.8385253, 35.7497634 ], [ -5.8383, 35.7498102 ], [ -5.8380089, 35.749857 ], [ -5.8378266, 35.7498886 ], [ -5.8376563, 35.7499125 ] ], [ [ -5.8376563, 35.7499125 ], [ -5.8373988, 35.7499561 ], [ -5.8369643, 35.7500192 ], [ -5.8367148, 35.7500584 ], [ -5.8364989, 35.7500888 ], [ -5.8363205, 35.7501117 ], [ -5.836169, 35.7501346 ], [ -5.8360375, 35.7501618 ], [ -5.8358498, 35.7502031 ], [ -5.8356889, 35.7502477 ], [ -5.8355051, 35.7502978 ], [ -5.8353348, 35.750349 ], [ -5.8351819, 35.7504077 ], [ -5.8349807, 35.7505057 ], [ -5.8347179, 35.7506711 ], [ -5.8344456, 35.7508834 ], [ -5.8342331, 35.7510727 ], [ -5.8341881, 35.7511174 ], [ -5.8340816, 35.75123 ], [ -5.8339488, 35.7513606 ], [ -5.8338945, 35.7514156 ], [ -5.8338088, 35.7514969 ] ], [ [ -5.8338088, 35.7514969 ], [ -5.833761, 35.7515288 ], [ -5.8337318, 35.7515731 ], [ -5.8337249, 35.7516101 ], [ -5.8337313, 35.7516471 ], [ -5.8337591, 35.751691 ] ], [ [ -5.8337591, 35.751691 ], [ -5.8337158, 35.7518097 ], [ -5.8336685, 35.7519026 ], [ -5.8335815, 35.7520733 ], [ -5.8335337, 35.7521677 ], [ -5.8334304, 35.7523603 ], [ -5.8333325, 35.7525399 ], [ -5.8331408, 35.7528708 ], [ -5.8327961, 35.7534835 ], [ -5.832615, 35.7538122 ], [ -5.8323844, 35.7541985 ], [ -5.8322355, 35.7544336 ], [ -5.8321215, 35.7546078 ], [ -5.8320062, 35.7547763 ] ], [ [ -5.8320062, 35.7547763 ], [ -5.8319559, 35.7547882 ], [ -5.8318962, 35.7548279 ], [ -5.831876, 35.7548546 ], [ -5.8318661, 35.7548856 ], [ -5.8318724, 35.7549481 ], [ -5.8318873, 35.7549742 ] ], [ [ -5.8318873, 35.7549742 ], [ -5.8318057, 35.7550964 ], [ -5.8317675, 35.7551558 ], [ -5.8315301, 35.7555055 ], [ -5.8311562, 35.7560466 ], [ -5.8307013, 35.7565874 ], [ -5.8305135, 35.7568073 ], [ -5.830233, 35.7571436 ] ], [ [ -5.830233, 35.7571436 ], [ -5.8299174, 35.7575385 ], [ -5.8295014, 35.7580227 ], [ -5.8291657, 35.758425 ], [ -5.8290002, 35.7585913 ] ], [ [ -5.8290002, 35.7585913 ], [ -5.8288222, 35.7587143 ] ], [ [ -5.8288222, 35.7587143 ], [ -5.8287447, 35.75877 ], [ -5.8286886, 35.7588042 ], [ -5.8286284, 35.7588363 ] ], [ [ -5.8286284, 35.7588363 ], [ -5.8284629, 35.7588896 ] ], [ [ -5.8284629, 35.7588896 ], [ -5.8283251, 35.7589328 ], [ -5.8281374, 35.7589818 ], [ -5.8279485, 35.7590362 ], [ -5.8275525, 35.7591329 ], [ -5.8273005, 35.7591766 ], [ -5.8270853, 35.7591974 ], [ -5.8268248, 35.7592189 ] ], [ [ -5.8268248, 35.7592189 ], [ -5.8263188, 35.7592148 ], [ -5.8259496, 35.7591862 ], [ -5.8257004, 35.7591669 ] ], [ [ -5.8257004, 35.7591669 ], [ -5.8252943, 35.7591439 ], [ -5.8243968, 35.7590851 ], [ -5.8240896, 35.7590677 ], [ -5.8238415, 35.75906 ], [ -5.8235586, 35.7590644 ], [ -5.8231522, 35.7590927 ], [ -5.8229202, 35.7591199 ], [ -5.8226573, 35.7591623 ], [ -5.8224477, 35.7592102 ], [ -5.8223167, 35.7592461 ], [ -5.8222376, 35.7592646 ], [ -5.8218996, 35.7593582 ] ], [ [ -5.8218996, 35.7593582 ], [ -5.8216515, 35.7594388 ], [ -5.8214839, 35.759503 ], [ -5.8213565, 35.7595574 ], [ -5.8211647, 35.7596347 ], [ -5.8208093, 35.7598055 ], [ -5.8204472, 35.759996 ], [ -5.8201562, 35.7601897 ], [ -5.8199363, 35.7603442 ], [ -5.819825, 35.7604247 ], [ -5.8197217, 35.7605151 ], [ -5.8194722, 35.7607425 ], [ -5.8191504, 35.7610516 ], [ -5.8188191, 35.7613955 ], [ -5.81839, 35.7618134 ] ], [ [ -5.81839, 35.7618134 ], [ -5.818176, 35.7620097 ], [ -5.8181354, 35.7620425 ], [ -5.8180955, 35.7620839 ] ], [ [ -5.8180955, 35.7620839 ], [ -5.8180399, 35.7621404 ], [ -5.8178274, 35.7623814 ], [ -5.8175585, 35.7626823 ], [ -5.8170939, 35.7631657 ], [ -5.8169831, 35.7632651 ], [ -5.8168758, 35.7633489 ], [ -5.8167149, 35.7634762 ], [ -5.816499, 35.7636013 ], [ -5.8162563, 35.7637297 ], [ -5.8160041, 35.7638386 ], [ -5.8156917, 35.7639285 ], [ -5.8154777, 35.7639829 ], [ -5.8153148, 35.7640214 ], [ -5.8150895, 35.764054 ], [ -5.8149299, 35.7640802 ] ], [ [ -5.8149299, 35.7640802 ], [ -5.8135091, 35.7643925 ] ], [ [ -5.8135091, 35.7643925 ], [ -5.813194, 35.764457 ] ], [ [ -5.813194, 35.764457 ], [ -5.8130296, 35.7644957 ] ], [ [ -5.8130296, 35.7644957 ], [ -5.8127713, 35.7645513 ] ], [ [ -5.8127713, 35.7645513 ], [ -5.8125374, 35.7645878 ], [ -5.8122779, 35.7646416 ], [ -5.8121022, 35.7646895 ], [ -5.8118132, 35.7647869 ], [ -5.8114606, 35.7649108 ] ], [ [ -5.8114606, 35.7649108 ], [ -5.8114122, 35.764936 ], [ -5.8113183, 35.764991 ], [ -5.8112499, 35.7650388 ], [ -5.8102843, 35.7655954 ], [ -5.8102682, 35.7656047 ], [ -5.8100592, 35.7657383 ], [ -5.8092855, 35.7662014 ] ], [ [ -5.8092855, 35.7662014 ], [ -5.8092072, 35.7662527 ], [ -5.8082396, 35.7668726 ], [ -5.8073942, 35.7673641 ] ], [ [ -5.8073942, 35.7673641 ], [ -5.8071668, 35.7675112 ] ], [ [ -5.8071668, 35.7675112 ], [ -5.8067007, 35.7678128 ], [ -5.8065975, 35.7678725 ], [ -5.8064573, 35.7679537 ], [ -5.8059744, 35.7682496 ], [ -5.8055032, 35.7685449 ], [ -5.8053507, 35.7686405 ] ], [ [ -5.8053507, 35.7686405 ], [ -5.8052324, 35.768708 ], [ -5.8049951, 35.7688583 ], [ -5.804631, 35.7690915 ], [ -5.8039396, 35.7695199 ] ], [ [ -5.8039396, 35.7695199 ], [ -5.8035899, 35.7697196 ] ], [ [ -5.8035899, 35.7697196 ], [ -5.8034896, 35.769792 ], [ -5.8034293, 35.7698442 ], [ -5.8033635, 35.7699089 ], [ -5.8033206, 35.7699584 ], [ -5.8032862, 35.7700251 ] ], [ [ -5.8032862, 35.7700251 ], [ -5.8030886, 35.7703901 ] ], [ [ -5.8030886, 35.7703901 ], [ -5.8029135, 35.7706856 ], [ -5.8027782, 35.7709073 ], [ -5.802644, 35.7711434 ], [ -5.8025341, 35.7713404 ], [ -5.8024389, 35.7715134 ], [ -5.8023969, 35.7715816 ] ], [ [ -5.8023969, 35.7715816 ], [ -5.8023324, 35.7717029 ], [ -5.8022678, 35.7718242 ], [ -5.8022068, 35.771938 ] ], [ [ -5.8022068, 35.771938 ], [ -5.8021217, 35.7720716 ], [ -5.8020832, 35.7721438 ] ], [ [ -5.8020832, 35.7721438 ], [ -5.8020403, 35.772253 ] ], [ [ -5.8020403, 35.772253 ], [ -5.8019688, 35.772349 ], [ -5.8018512, 35.7725556 ], [ -5.8015322, 35.7731812 ], [ -5.8014734, 35.7732831 ], [ -5.8012667, 35.7736438 ], [ -5.8009455, 35.7741781 ], [ -5.8007021, 35.7745774 ], [ -5.800454, 35.7750322 ], [ -5.8003809, 35.7751701 ], [ -5.8003325, 35.7752777 ] ], [ [ -5.8003325, 35.7752777 ], [ -5.8002911, 35.7752805 ], [ -5.8002518, 35.7752916 ], [ -5.8002174, 35.7753102 ], [ -5.8001898, 35.7753353 ] ], [ [ -5.8001898, 35.7753353 ], [ -5.7984243, 35.7746916 ] ], [ [ -5.7982128, 35.7745751 ], [ -5.7981464, 35.7745715 ], [ -5.7981104, 35.77457 ] ], [ [ -5.7973238, 35.7743722 ], [ -5.7971344, 35.7743046 ], [ -5.7964863, 35.7740731 ], [ -5.7960246, 35.7739083 ], [ -5.7956465, 35.7737733 ], [ -5.7941817, 35.7732502 ], [ -5.7940195, 35.7731923 ], [ -5.7916901, 35.7723607 ] ], [ [ -5.7916901, 35.7723607 ], [ -5.7917036, 35.7723082 ], [ -5.7917067, 35.7722546 ] ], [ [ -5.7917067, 35.7722546 ], [ -5.7916414, 35.7720852 ] ], [ [ -5.7916414, 35.7720852 ], [ -5.7915622, 35.7720117 ], [ -5.7914602, 35.7719598 ], [ -5.791344, 35.771934 ], [ -5.7912236, 35.7719366 ], [ -5.7911108, 35.7719586 ] ], [ [ -5.7911108, 35.7719586 ], [ -5.7910423, 35.7720016 ], [ -5.7909846, 35.7720457 ], [ -5.7909383, 35.7720979 ], [ -5.7908979, 35.7721569 ] ], [ [ -5.7908979, 35.7721569 ], [ -5.7908833, 35.772244 ] ], [ [ -5.7908833, 35.772244 ], [ -5.7906103, 35.7722544 ], [ -5.7899608, 35.772266 ] ], [ [ -5.7899608, 35.772266 ], [ -5.7893369, 35.7722848 ] ], [ [ -5.7893369, 35.7722848 ], [ -5.7891477, 35.7722796 ], [ -5.7887352, 35.7722684 ], [ -5.7880223, 35.7722851 ], [ -5.7870762, 35.7723082 ], [ -5.7869867, 35.7723016 ], [ -5.7868718, 35.7722717 ] ], [ [ -5.7868718, 35.7722717 ], [ -5.7868344, 35.7722521 ], [ -5.7867833, 35.772235 ], [ -5.7867232, 35.7722261 ], [ -5.7866599, 35.7722284 ], [ -5.7865987, 35.7722423 ], [ -5.7865428, 35.7722672 ] ], [ [ -5.7865428, 35.7722672 ], [ -5.7865026, 35.7722969 ], [ -5.7864703, 35.7723288 ] ], [ [ -5.7864703, 35.7723288 ], [ -5.7863718, 35.7723443 ], [ -5.7862712, 35.7723571 ], [ -5.7861304, 35.772362 ], [ -5.785886, 35.7723525 ] ], [ [ -5.785886, 35.7723525 ], [ -5.7852693, 35.7723222 ], [ -5.7851505, 35.7723141 ], [ -5.7850439, 35.772295 ], [ -5.7849778, 35.7722785 ], [ -5.7848986, 35.7722485 ], [ -5.7847867, 35.7722046 ] ] ] } }
]
}
